:020000022000DC
:107000000000042075DA0300B5DA0300B7DA0300E4
:10701000B9DA0300BBDA0300BDDA030000000000A8
:10702000000000000000000000000000FDD8030088
:10703000C1DA0300000000001DD90300C5DA030017
:10704000C9DC0300C7DA0300C7DA0300853F030089
:1070500039400300C7DA03005DAD0300C7DA03005F
:10706000C7DA0300C7DA0300C7DA0300C7DA030090
:10707000C7DA0300C7DA0300C7DA0300C7DA030080
:10708000C7DA03004DD60300C7DA0300C7DA0300EE
:10709000C7DA0300C7DA0300CDC90200C7DA03006C
:1070A000C7DA0300C7DA0300C7DA0300C7DA030050
:1070B000C7DA0300C7DA0300000000000000000088
:1070C000C7DA0300C7DA0300C7DA0300DDE1030013
:1070D000C7DA0300C7DA0300C7DA030005DE0200DF
:1070E000C7DA0300C7DA0300C7DA030000000000B4
:1070F00000000000C7DA03000000000055E20300B2
:10710000000000000000000000000000000000007F
:10711000000000000000000000000000000000006F
:10712000000000000000000000000000000000005F
:10713000000000000000000000000000000000004F
:10714000000000000000000000000000000000003F
:10715000000000000000000000000000000000002F
:10716000000000000000000000000000000000001F
:10717000000000000000000000000000000000000F
:1071800000000000000000000000000000000000FF
:1071900000000000000000000000000000000000EF
:1071A00000000000000000000000000000000000DF
:1071B00000000000000000000000000000000000CF
:1071C00000000000000000000000000000000000BF
:1071D00000000000000000000000000000000000AF
:1071E000000000000000000000000000000000009F
:1071F000000000000000000000000000000000008F
:10720000F1EE103A43F08073E1EE103A704700BFA0
:1072100010B5054C237833B9044B13B10448AFF3D0
:1072200000800123237010BD88630020000000004F
:1072300084C3040008B5034B1BB103490348AFF3F3
:10724000008008BD000000008C63002084C304009F
:10725000154B002B08BF134B9D46A3F5803A002128
:107260008B460F461348144A121A1CF023FF0F4B8B
:10727000002B00D098470E4B002B00D098470020E1
:10728000002104000D000D48002802D00C48AFF387
:1072900000801CF09DFE2000290016F043FC1CF02D
:1072A00071FE00BF00000800000004200000000084
:1072B00000000000886300201CA2002000000000E5
:1072C0000000000033DF70473FDF704741DF704749
:1072D00012DF7047014B01221A7070473C66002094
:1072E00003B97047142B38B528BF1423114605463F
:1072F0001A4606481C461CF0B5FE054A0549064BD1
:10730000148001220D801A7038BD00BFA8630020D0
:10731000A463002004600020BC63002083B170B52A
:10732000013B084E12FA83F5541E14F8011F304633
:1073300013F0C0FEAC42F8D1034B01221A7070BDAD
:10734000704700BF0C670020186700202DE9F04748
:1073500084B0014601A813F05DFD1E4901A813F099
:10736000F7FE04461C4805F0FFFA28B901A813F0FF
:1073700045FE04B0BDE8F087184803F049F900283D
:10738000F4D026892768002EF0D0DFF850804FF027
:10739000000907E04C441FFA84F9022014F03AF87F
:1073A0004E45E3D9A6EB0904A4B2142C28BF14243B
:1073B00007EB090A082522465146404603F060F9CA
:1073C0000028E7D10220013D14F024F815F0FF0554
:1073D000F1D1DFE7C89F0400006800208C6700201F
:1073E0002DE9F04784B0014601A813F0F9FC1E4BCB
:1073F0001B782BB901A813F001FE04B0BDE8F0879B
:107400001A4805F0B1FA0028F4D0194803F000F941
:107410000028EFD0BDF80C60019F002EEAD0DFF805
:1074200050804FF0000907E04C441FFA84F9022015
:1074300013F0F0FF4E45DDD9A6EB0904A4B2142CDD
:1074400028BF142407EB090A082522465146404666
:1074500003F016F90028E7D10220013D13F0DAFF0E
:1074600015F0FF05F1D1DFE7106000200068002073
:107470008C6700202DE9F04784B0C1B201A813F059
:107480007FFD1E4B1B782BB901A813F0B7FD04B08C
:10749000BDE8F0871A4805F067FA0028F4D01948CB
:1074A00003F0B6F80028EFD0BDF80C60019F002E65
:1074B000EAD0DFF850804FF0000907E04C441FFA93
:1074C00084F9022013F0A6FF4E45DDD9A6EB09048E
:1074D000A4B2142C28BF142407EB090A082522465D
:1074E0005146404603F0CCF80028E7D10220013D88
:1074F00013F090FF15F0FF05F1D1DFE710600020D9
:10750000006800208C6700202DE9F04704461A48E7
:1075100005F02AFA08B9BDE8F087184803F078F8B2
:107520000028F8D026892768002EF4D0134D4FF09C
:10753000000807E044441FFA84F8022013F06AFFB1
:107540004645E8D9A6EB0804A4B2142C28BF14249D
:1075500007EB080A4FF0080922465146284603F077
:107560008FF80028E6D1022013F054FF09F1FF3311
:1075700013F0FF09F0D1DDE7006800208C670020E0
:1075800070B510EE100A10EE106A1BF0EBFF64A34A
:10759000D3E9002304460D461CF0C2FA002840F04F
:1075A0009C8061A3D3E90023204629461CF0B8FA49
:1075B000002840F096805EA3D3E9002320462946A8
:1075C0001CF0AEFA002840F08A805BA3D3E90023C8
:1075D000204629461CF0A4FA002840F0848007EEDB
:1075E000106AF1EE007AB4EEE77AF1EE10FA7CDA86
:1075F00053A3D3E90023204629461CF091FA002822
:1076000075D151A3D3E90023204629461CF088FAFE
:1076100000286ED14EA3D3E90023204629461CF052
:107620007FFA002869D14CA3D3E9002320462946DC
:107630001CF076FA002862D107EE106AF0EE0E7A9E
:10764000B4EEE77AF1EE10FA5BDA45A3D3E9002352
:10765000204629461CF064FA002854D142A3D3E9FD
:107660000023204629461CF05BFA00284DD140A398
:10767000D3E90023204629461CF052FA00283AD1CB
:107680003DA3D3E90023204629461CF049FA0028EF
:107690003DD107EE106AF0EE0C7AB4EEE77AF1EE27
:1076A00010FA36DA36A3D3E90023204629461CF027
:1076B00037FA80BB34A3D3E90023204629461CF0C7
:1076C0002FFA50BB32A3D3E90023204629461CF0F1
:1076D00027FA003818BF012070BD642070BD5A2001
:1076E00070BD5F2070BD552070BD502070BD46201C
:1076F00070BD3C2070BD0A2070BD322070BD2820B6
:1077000070BD1E2070BD142070BD0F2070BD0720FD
:1077100070BD052070BD032070BD022070BD00BF8C
:10772000CDCCCCCCCCCC10409A9999999999104059
:107730006666666666661040333333333333104013
:107740009A99999999990F403333333333330F40D2
:10775000CDCCCCCCCCCC0E406666666666660E4060
:107760009A99999999990D403333333333330D40B6
:10777000CDCCCCCCCCCC0C406666666666660C4044
:107780009A99999999990B403333333333330B409A
:107790006666666666660A40F0B52DED028B85B0BA
:1077A00013F02CFE3E4A136842F6DF61C31A8B4287
:1077B00003D805B0BDEC028BF0BD37A7D7E9006751
:1077C0009FED388A10600A24232017F0BBF81BF0C5
:1077D000B7FE32463B461BF01DFF1CF0B5F907EE25
:1077E000900A013C38EE278AEED1DFED2F8A2F4830
:1077F0002F4C68EE288AFFF7F3FDB0EE680A01A867
:10780000022113F0BDFB2378002B37D101A813F020
:10781000F5FBDFED287AB4EEE78AF1EE10FA23DA11
:107820009FED250A254DFFF7ABFE034624482B703C
:10783000FFF7D6FD29780A2201A813F005FB23786B
:1078400013B101A8FFF782FD01A813F0D7FB1D4873
:1078500002F0DEFE19490122A0B11A4802F010FF21
:1078600005B0BDEC028BF0BDB1EE010AF4EEC08AAA
:10787000F1EE10FA98BFB0EE680AD3E701A8FFF75F
:1078800065FDC3E70F4802F0A7FE05B0BDEC028B13
:10789000F0BD00BFAFF30080C64B378941605D3F4C
:1078A0004066002000000000CDCCCC3D688F040075
:1078B0001060002000000442333353400660002073
:1078C0007C8F0400CC6300202DE9F0477E4F7F4A77
:1078D0003B682DED028B002B84B00546106040F311
:1078E000C680DFF8348207EE903A98ED007AF8EE21
:1078F000E77A87EE278A7648764EFFF771FD39687A
:1079000001A80A2213F0D4FA337813B101A8FFF7C3
:10791000FBFD01A813F072FB6F48FFF761FD012129
:10792000B0EE480A01A813F02BFB337813B101A87D
:10793000FFF7EAFD01A813F061FB6848FFF750FD6F
:10794000674B022193ED000A01A813F019FB33786D
:1079500013B101A8FFF7D8FDDFF8C09101A813F01B
:107960004DFBD9F8004004B32C1B07EE904A9FED65
:107970005D7AF8EE677AF4EEC77AF1EE10FA66D522
:10798000DFED597ADFED598A9FED597A38EE088A92
:1079900028EE278AB4EEC78AF1EE10FA40F386800B
:1079A00000249FED548AA24604E09FED528AA2462D
:1079B000F0EE488A504BC9F800501A6802F10109EC
:1079C000C3F800904D4A0023A802A90D1CF00CF941
:1079D0004B49ADF80890034620224A48ADF80A30DA
:1079E0008DF806A08DF807400B80ADF8042002F05A
:1079F0000FFE002840D100234348C8F80030002380
:107A00003B60FFF7EDFCB0EE680A012101A813F01E
:107A1000B7FA337813B101A8FFF776FD01A813F088
:107A2000EDFA3A48FFF7DCFCB0EE480A012101A864
:107A300013F0A6FA337813B101A8FFF787FC01A869
:107A400013F0DCFA04B0BDEC028BBDE8F0879FEDCB
:107A5000307AC7EE278AB3EE097AF4EEC78AF1EEE0
:107A600010FA0FDA00249FED238AA246A2E79FEDC9
:107A7000218ADFF8A4803EE7082201A9214802F00C
:107A8000FFFDB8E79FED237A67EE877A17EE900A3D
:107A90001BF068FD02460B4609A1D1E900011BF06D
:107AA000E3FE1CF051F807EE900A6DE7FDEEC87A90
:107AB00017EE904A5FFA84FAC4F307247AE700BF0E
:107AC000182D4454FB211940086700204C66002003
:107AD000948F040010600020A88F0400B88F040069
:107AE0004866002000504348D153FB4100009643B4
:107AF0000000FA4400000000AC65002040420F0086
:107B00004466002054650020C08F0400CC8F040020
:107B1000C0E1644CBD378635A06600207C6600203D
:107B200030B5214C83B0002520462571A5732573FF
:107B30000CF086FC4FF47A7013F06CFC20460CF0CD
:107B40004DFD2A4620465C210CF048FC20460822C8
:107B50005B210CF043FC2046802258210CF03EFCB7
:107B60007022102120460CF039FC042013F052FC46
:107B70001022114620460CF031FC2046102215211F
:107B80000CF02CFC204620225E210CF027FC1B224E
:107B90000DF1070120460CF081FC0521122016F0A2
:107BA000FFFE03B030BD00BF5066002000B5424864
:107BB00085B002F047F80021404804F0ABFE0020F9
:107BC000FFF782FB0121032016F06EFF01210C203C
:107BD00016F0E6FE01210C2016F066FF01210B20B5
:107BE00016F0DEFE01210B2016F05EFF01210D20B4
:107BF00016F0D6FE01210D2016F056FF00230D22AF
:107C00000DF102012E488DF802300CF047FC9DF872
:107C100002202B4802F0F7020D218DF802200CF013
:107C2000DDFB122013F040F8FFF77AFF1B220DF165
:107C3000030123480CF032FC0A2013F0EBFB032174
:107C4000122016F0ADFE322013F0E4FB1D4B1E494E
:107C50009B6C1F2B88BF03F01F0303F5E0738CBFE1
:107C60001A4A4FF0A042322042F8231013F0D2FB00
:107C7000174901A813F0B4F8164B1B7813B101A8EB
:107C8000FFF764FB01A813F0B9F9002301A88DF8F0
:107C90000430FFF71DFB9DF804303BB94FF08043E3
:107CA0000122C3F8002505B05DF804FBFFF70AFBCD
:107CB00005B05DF804FB00BF406E002000680020A6
:107CC000506600203C9D04000400020000030050A8
:107CD000DC8F0400106000203D4B3E4AD3ED007A5B
:107CE00013689FED3D6A9FED3D7A1060C31A06EE62
:107CF000903A70EE677AF8EE666A67EE867A384BED
:107D000067EEA67AB0EEE76AB4EEC76AF1EE10FA53
:107D10002DDAD3ED007A9FED336AF4EEC67AF1EEF8
:107D200010FA34DA9FED307AF4EEC77AF1EE10FAF9
:107D300001D9002070472D492D4AD1ED005A77EE28
:107D4000867A07EE100A75EEE74AB7EE005A84EE1F
:107D5000A56A0120C3ED007AB8EE477A76EE457A3F
:107D6000A6EEA77AFCEEC77AC2ED007A704793EDD3
:107D7000007A1E4A9FED1B6AC2ED007A77EE877A81
:107D8000F4EEC67AF1EE10FAC3ED007ACADB1749B9
:107D9000174AD1ED004A34EE865A07EE100A35EE46
:107DA000675AB8EE477AC5EE245A012077EEC67AB4
:107DB000B7EE004A35EEC46AC3ED007AF0EE477ABA
:107DC000E6EE867AFCEEE77AC2ED007A704700BFF5
:107DD000D4650020C4630020BD3786350AD7233C14
:107DE000C86300200000B4430000B4C3C063002097
:107DF000806600202DE9F0477D4CDFF81C92DFF80B
:107E00001CA27C4F7C4EDFF818827C4D9CB0002277
:107E10002046012104F072FB2046012104F07AFD86
:107E20002046002104F028FD2046754904F0FCFCA2
:107E30000C222046062103F049F92046002103F0D8
:107E40004FF94FF4C871204603F052F9484604F048
:107E50002FF85046102102F093FB002250461121CA
:107E600002F0A6FB5046082102F090FB504602F0BB
:107E700005F83846022102F083FB00223846112122
:107E800002F096FB3846042102F080FB384601F0F0
:107E9000F5FF042241F208230DEB0201384601935D
:107EA00002F09AFB3046282102F06AFB11221146AB
:107EB000304602F07DFB3046142102F065FB0122C2
:107EC0005049514F304602F079FB304601F0D6FF61
:107ED00002A842F65D2104F02FF802A906A802F0DC
:107EE00019FB02A804F020F806A8022102F048FBC2
:107EF00006A8012102F04AFB06A801F0BFFF0523F6
:107F000001220DF1030106A88DF8033002F064FB95
:107F1000404603F0CDFF2846122102F031FB00223B
:107F20002846112102F044FB2846012102F02EFBD5
:107F3000284601F0A3FF642302A9012228468DF8F8
:107F4000083002F049FB3148314D03F0B1FF3846AB
:107F5000102102F015FB00223846112102F028FB07
:107F60003846142102F010FB384601F087FF2846FE
:107F70000C2102F005FB11221146284602F018FBE5
:107F80002846142102F000FB01222249284602F073
:107F900015FB04F5C864284601F070FF0621204651
:107FA00001F058FD204601F03DFD204601F00CFD9A
:107FB0004946204601F0F2FC4146204601F0EEFC25
:107FC0002046012101F078FDF4222046202101F015
:107FD0006FFD20461E2101F069FD0021204601F0C1
:107FE000CBFD06A801F030FF1CB0BDE8F08700BF54
:107FF00000680020FC640020A4640020CC63002002
:10800000F48F0400E17202008C6700207467002086
:108010001C6700201D730200B0650020546500201D
:108020002464002010B5044B044640F8083B03F0DC
:108030007BFF204610BD00BFD09604002DE9F04123
:1080400065496648664D674CDFF8E881664E674FC4
:1080500084B00CF03BFF604965480CF037FF5E4987
:1080600064480CF033FF6A22002163480CF08AF95F
:1080700028460CF07DF82246604928461BF008F996
:10808000684641F6180103F057FF6946404603F081
:108090002BFF684603F048FF2246314640461BF05E
:1080A000F7F8684642F66321554DDFF88C8103F0FE
:1080B00043FF6946384602F02DFA684603F034FF64
:1080C0002246294638464F4F1BF0E2F8684642F6F2
:1080D000652103F031FF6946384602F01BFA684615
:1080E00003F022FF224629463846474F1BF0D0F8BE
:1080F000684642F6662103F01FFF6946384602F0E3
:1081000009FA684603F010FF2246294638463F4FD9
:108110001BF0BEF8684641F60F0103F00DFF6946FB
:10812000384603F0E1FE684603F0FEFE2246314683
:108130003846374F1BF0ACF8684642F6192103F079
:10814000FBFE6946384602F0E5F9684603F0ECFEAE
:108150002246294638462F4F1BF09AF82E4968468A
:1081600003F0F8FE6946384603F0BEFE684603F0A9
:10817000DBFE2246314638461BF08AF82749284F55
:10818000284E684603F0E6FE6946404602F0C2F912
:10819000684603F0C9FE2246294640461BF078F89F
:1081A0002149684603F0D6FE6946384602F0B2F926
:1081B000684603F0B9FE2246294638461BF068F8A7
:1081C0001A49304612F00CFE1949224630461BF07F
:1081D0005FF804B0BDE8F081A08600203C64002078
:1081E0008466002000600020258002005465002085
:1081F000A4660020D8650020506600209541030049
:10820000499E0200FC640020A46400202464002035
:10821000CC63002074670020049004002C900400BC
:108220001C6700200C67002054900400E89F0400A5
:10823000FDAF0300B06500208C67002010B5A0B032
:10824000214907A80CF042FE20491F480CF030FDE0
:108250001E4907A801220CF0E7FEE8B11C4B0A22D8
:10826000198801A812F024FE039A019907A80CF0BE
:1082700039FD04AC07A80CF091FF1649204612F016
:10828000AFFD154B1B78DBB9204612F0B7FE01A8F5
:1082900012F0B4FE20B010BD04AC1049204612F01C
:1082A0009FFD0D4B1B7823B9204612F0A7FE20B08E
:1082B00010BD2046FFF74AF8204612F09FFEF6E771
:1082C0002046FFF743F8DFE7A0860020B0900400C7
:1082D00008600020C490040010600020E0900400BA
:1082E00010B5A0B0214907A80CF0F0FD20491F48A7
:1082F0000CF0DEFC1E4907A801220CF095FEE8B147
:108300001C4B0A22196801A812F006FE039A019973
:1083100007A80CF0E7FC04AC07A80CF03FFF1649D7
:10832000204612F05DFD154B1B78DBB9204612F09C
:1083300065FE01A812F062FE20B010BD04AC104929
:10834000204612F04DFD0D4B1B7823B9204612F04C
:1083500055FE20B010BD2046FEF7F8FF204612F073
:108360004DFEF6E72046FEF7F1FFDFE7A08600208E
:108370000C910400C86500202491040010600020C6
:108380004C9104002DE9F04FC448DFB012F038F9E9
:10839000C24913A80CF09AFDC14913A800220CF0A1
:1083A00043FE13A80CF026FF002840F05F82BD4E6C
:1083B0000123337045ACBC49BC4800220CF034FEAC
:1083C000BA480CF017FF002800F0B78000251F22E4
:1083D0002146B6484795CDE94555CDE94855CDE903
:1083E0004A554C950CF064FE5EAB0344204603F8FE
:1083F000645C1BF0A7FD51EC100B1BF0A5FBAC4D12
:1084000003462CAFAB482B60FEF7EAFF95ED000A60
:108410003846062112F0B4FD3378002B40F0B381CA
:10842000384612F0EBFDA1480CF0B8FEA249A34873
:1084300000220CF0F9FDA1480CF0DCFE804600287B
:108440006BD000251F2221469C484795CDE9455514
:10845000CDE94855CDE94A554C950CF029FE5EAB67
:108460000344204603F8645C1BF073FDDFF8909230
:1084700003469348C9F80030FEF7B2FFD9F8001060
:108480000A22384612F048FD3378002B40F07F81F5
:10849000384612F0B3FD89480CF080FE7F4938461B
:1084A0000CF014FD8749002238460CF0BDFD38461B
:1084B0000CF0A0FE002850D000251F22214638468F
:1084C000CDE94555CDE94855CDE94A5547954C95F7
:1084D0000CF0EEFD5EAB0344204603F8645C1BF039
:1084E00034FD83B2002B40F0158103AD7649284658
:1084F00012F076FC337813B12846FEF727FF2846A2
:1085000012F07CFD7149724B724A1A6040F25910A8
:10851000088038460CF042FE31E0DFF8E4916E4905
:10852000C9F80000204612F05BFC3378002B40F0C5
:10853000AE80204612F062FDB0E75D4B6749002235
:1085400020461A6012F04CFC3378002B40F09780E4
:10855000204612F053FD2CAF68E75C495C4B5D4A46
:108560001A6040F2591008805D49204612F038FC2C
:108570003378002B7FD1204612F040FD03AD4749F0
:1085800020460CF0A3FC5749002220460CF04CFD7D
:1085900020460CF02FFE0346002800F0378100270C
:1085A00029461F222046CDE90577CDE90777CDE999
:1085B000097704972F600CF07BFD03462846EF54A3
:1085C0001BF0C7FCDFF83C81474B0246C8F800208F
:1085D000464801226F461A70FEF702FFD8F80010D5
:1085E00038460A2212F098FC3378002B40F0D380F2
:1085F000384612F003FD20460CF0D0FD3C493D48C2
:1086000000220CF011FD3B480CF0F4FD002800F0B6
:10861000E980002421463C2204A82C601BF04AFD7E
:108620003F2229463348DFF8E080DFF8E0900CF085
:108630003FFD02463049AC54284643464A461CF0AA
:10864000E7FB022800F0AB806F4600232B49C9F8F6
:1086500000303846C8F8003012F0C2FB3378002BE7
:1086600040F0BC80384612F0C9FC22480CF096FD60
:108670005FB0BDE8F08F2046FEF768FE7BE720463E
:10868000FEF764FE204612F0B9FC2CAFCEE6204681
:10869000FEF75CFE204612F0B1FCFFE6A08600204B
:1086A0007491040010600020849104003C64002058
:1086B00014600020989104007C900400A4660020BF
:1086C000D8910400B09004002092040008600020BB
:1086D0000C600020D7A3303EE8910400B091040064
:1086E000549204000C910400CC6500208892040090
:1086F000FC920400D86500200C9304003093040021
:10870000E4670020C8650020D4650020D065002003
:108710006F12033A07EE903A1FED037ADFF8C4B107
:10872000DFF8C4A16248AAF80030F8EE677A03AD1A
:1087300067EE877ACBED007AFEF752FE9BED000ADA
:108740002846042112F01CFC3378002B40F0A7804F
:10875000284612F053FC5748FEF742FEBAF80030A4
:1087600000EE103A0120BBEEEF0AFEF783FE5249FD
:10877000284612F035FB3378002B40F094802846D1
:1087800012F03CFCC5E63846FEF7E0FD48E6384608
:10879000FEF7DCFD7CE63846FEF7D8FD28E74748C3
:1087A0006F46FEF71DFE99ED000A3846062112F0CD
:1087B000E7FB337813B13846FEF7A6FE384612F0D1
:1087C0001DFC3F48FEF70CFE98ED000A06213846D6
:1087D00012F0D6FB3378002B3FF444AF3846FEF757
:1087E000B5FD3FE73748384A38490023036028463B
:1087F000136012F0F5FA337813B12846FEF7A6FDA0
:10880000284612F0FBFB5FB0BDE8F08F304F314CD3
:10881000386031492370284612F0E2FA337813B1F8
:108820002846FEF793FD284612F0E8FBB8F1000F4A
:108830003FF4E4AE2378002B7FF4E0AED9F80030AB
:1088400026483B6001232370FEF7CAFD39680A22DF
:10885000284612F061FB337813B12846FEF776FD07
:10886000284612F0CBFBFFF73BFDC7E645AC0025E1
:108870002146072213A8CDE945550CF019FC5EAB43
:108880000344204603F8645C1BF05FFB144E431B5B
:1088900018BF012313A833700CF080FC8BE5284629
:1088A000FEF754FD54E72846FEF750FD67E700BF8A
:1088B000FC900400049204001C9204001493040031
:1088C0002C930400D0650020D4650020549304004C
:1088D000C8650020CC650020AC920400D49204004E
:1088E000106000200C6000200860002030B5564C5D
:1088F000564987B003A812F073FA237813B103A87E
:10890000FEF724FD03A812F079FB51480BF032FA70
:108910000C2015F0E1FF032015F0E4FF01211620E3
:1089200016F03EF80021162016F0BEF801210E20A8
:1089300016F036F800210E2016F0B6F8002123209C
:1089400016F02EF80121032016F02AF8002103204A
:1089500016F0AAF80221084616F022F80123032295
:1089600002213C48009300230BF016FC4B2012F030
:1089700051FD39490322022012F092F84FF47A7027
:1089800012F048FD354903A812F02AFA237813B1F2
:1089900003A8FEF7DBFC03A812F030FB30480023ED
:1089A00001228381C3828373037683778383027179
:1089B0000BF014FE05462B48FEF712FD29460A224D
:1089C00003A812F075FA237813B103A8FEF7BEFCD2
:1089D00003A812F013FB4DB1234903A812F000FACB
:1089E000237853BB03A812F009FBFEE7FFF7CAFC8C
:1089F000FFF700FA1D4BDB68D90117D413F022FFF3
:108A00001B4BA0FB0301830A43EA8153194A1A490D
:108A1000136003A812F0E4F9237813B103A8FEF75A
:108A200095FC03A812F0EAFA07B030BD134B1A68A0
:108A3000D207E3D55B689B09E8E703A8FEF786FC4D
:108A400003A812F0DBFAD0E710600020789304004E
:108A50002885002084660020D572020094930400CB
:108A600050660020A4930400B8930400F0ED00E0E9
:108A700040420F004C660020CC930400001000E040
:108A800030B5324932488DB00CF012F92F493148D7
:108A900001220CF0C9FA00283FD02F4B062193ED9C
:108AA000000A06A812F06CFA06A903A812F0B2F99F
:108AB0002A4903A812F04CFB294B09AC93ED000A9C
:108AC00005460621204612F05BFA2146284612F0A0
:108AD00013FB0146684612F09DF9204612F08EFA0B
:108AE00003A812F08BFA06A812F088FA029A0099ED
:108AF00018480CF0F7F817480CF050FB19492046BD
:108B000012F06EF9184B1B78DBB9204612F076FA9A
:108B1000684612F073FA0DB030BD09AC1349204617
:108B200012F05EF9104B1B7823B9204612F066FA5A
:108B30000DB030BD2046FEF709FC204612F05EFA6B
:108B4000F6E72046FEF702FCDFE700BFFC920400D8
:108B5000A0860020D8650020D0650020E4910400A4
:108B6000D465002064940400106000208094040008
:108B700070B52DED028B2D4E2D4984B001A812F059
:108B80002FF9337813B101A8FEF7E0FB01A812F02A
:108B900035FA4FF47A709FED278A274D12F03AFC90
:108BA000F0EE488AC82428460BF002FF284678EEEB
:108BB000808A0BF049FF052038EE008A12F02AFC6B
:108BC000013CF0D1DFED1D7A1D4D1E4C1E4868EEB4
:108BD000A78A28EE278AC5ED008A84ED008AFEF771
:108BE000FFFB95ED000A062101A812F0C9F93378C0
:108BF00013B101A8FEF7AAFB01A812F0FFF9134870
:108C0000FEF7EEFB94ED000A062101A812F0B8F978
:108C1000337813B101A8FEF799FB01A812F0EEF921
:108C2000FFF72EFF04B0BDEC028B70BD106000207A
:108C30009C94040000000000506600200AD7A33B6B
:108C4000D0650020D4650020B8940400CC940400C2
:108C50002DE9F043534E544987B0074603A812F05C
:108C6000BFF8337813B103A8FEF770FB03A812F026
:108C7000C5F94FF47A7012F0CDFB12F0BFFB00245F
:108C8000DFF850918046254603E00BF0B7FA002844
:108C900045D112F0B3FBA0EB0803B3F57A6F484659
:108CA000F3D3002C4BD1414D41482C60FEF798FB8B
:108CB00029680A2203A812F02FF9337813B103A808
:108CC000FEF744FB03A812F099F93A493A480BF031
:108CD000EFFF3849394801220CF0A6F990B3296812
:108CE0000A22684612F018F9029A009933480BF0EC
:108CF000F9FF32480CF052FA314903A812F070F82B
:108D0000337813B103A8FEF721FB03A812F076F91C
:108D1000684612F073F91FBB07B0BDE8F083484600
:108D20000BF074FA07EE905AF8EEE77A013437EE5A
:108D3000800AC82CFDEEC07A17EE905AA9D195FB97
:108D4000F4F4B0E71F4903A812F04AF8337813B1DE
:108D500003A8FEF7FBFA03A812F050F9002FDBD0AE
:108D6000194C1A4B2A681A48226001221A70FEF721
:108D700037FB21680A2203A812F0CEF833783BB9FA
:108D800003A812F03BF9FFF7ABFA07B0BDE8F08398
:108D900003A8FEF7DBFA03A812F030F9FFF7A0FAF8
:108DA000F3E700BF10600020E4940400E4670020B3
:108DB000049504007C900400A0860020A466002096
:108DC000889004009C900400C8650020CC650020B9
:108DD00018950400846600202DE9F043264E85B0E6
:108DE000002001243470FFF733FFFFF7C1FE234B4F
:108DF0001A781AB3224FDFF89490DFF8948001AD0F
:108E00003968D9F800401F48641A04F30F04FEF7CC
:108E1000E7FA21460A22284612F04AF898F800306C
:108E200024B213B12846FEF791FA284612F0E6F86C
:108E300000232046337005B0BDE8F083DFF84C9086
:108E40000F4FD9F800201048DFF844801C7001ADA6
:108E50003A60FEF7C5FA396828460A2212F05CF833
:108E600098F8003013B12846FEF770FA284612F041
:108E7000C5F8FFF735FAC3E7A0640020CC650020F1
:108E8000C865002038950400D4920400E4670020EF
:108E9000106000202DE9F0432DED028B864D8749AF
:108EA00087B003A8B0EE408A11F09AFF2B7813B177
:108EB00003A8FEF74BFA03A812F0A0F812F09EFAEE
:108EC0000024DFF838820746264641F2873904E05D
:108ED0000BF094F9002840F0AD8012F08FFAC31B1C
:108EE0004B454046F4D9002C40F0B5809FED740A04
:108EF000744F28EE008A3E68B5EEC08AF1EE10FA93
:108F0000A4EB060640F2AA80002E00F0A78007EE30
:108F1000906AF8EEE77ADFF8E8816B4887EE887AA6
:108F200088ED007AFEF75CFA21460A2203A811F0C8
:108F3000F3FF2B7813B103A8FEF708FA03A812F089
:108F40005DF86248FEF74CFA39680A2203A811F06E
:108F5000E3FF2B7813B103A8FEF7F8F903A812F08A
:108F60004DF85B48FEF73CFA31460A2203A811F09F
:108F7000D3FF2B7813B103A8FEF7E8F903A812F08A
:108F80003DF85448FEF72CFAB0EE480A062103A833
:108F900011F0F6FF2B7813B103A8FEF7D7F903A859
:108FA00012F02CF84C48FEF71BFA98ED000A062147
:108FB00003A811F0E5FF2B7813B103A8FEF7C6F95B
:108FC00003A812F01BF8454903A811F009FF2B78FC
:108FD00013B103A8FEF7BAF903A812F00FF840493D
:108FE00040480BF065FE3E493F4801220CF01CF85A
:108FF000002847D098ED000A0621684611F0C0FF0E
:10900000029A009938480BF06DFE37480CF0C6F80C
:10901000364903A811F0E4FE2B78002B47D103A8B2
:1090200011F0ECFF684611F0E9FF07B0BDEC028BD0
:10903000BDE8F08340460BF0E9F807EE906AF8EEE1
:10904000E77A013437EE800AC82CFDEEC07A17EEBD
:10905000906A7FF442AF96FBF4F447E7244903A8F3
:1090600011F0BEFE2B7813B103A8FEF76FF903A829
:1090700011F0C4FF1F4B00221A7007B0BDEC028B29
:10908000BDE8F0831C4903A811F0AAFE2B783BB978
:1090900003A811F0B3FF07B0BDEC028BBDE8F0836D
:1090A00003A8FEF753F903A811F0A8FFF3E703A8FC
:1090B000FEF74CF9B3E700BF1060002050950400A4
:1090C0000AE81C41E4670020909504000495040020
:1090D000A0950400B0950400BC950400D895040048
:1090E00084910400A08600203C6400202C9404009D
:1090F0006C950400A064002048940400846600205D
:109100001460002070B5AA4CA0B0054612F024F9F6
:10911000A848FEF765F9237813B12846FEF716F93B
:10912000A54907A811F05CFE07A9284612F040F8EF
:10913000064607A811F062FF002E4ED09F4907A8EF
:1091400011F04EFE2378002B40F0E08007A811F0CC
:1091500055FF9B4907A811F043FE2378002B40F0F0
:10916000D18007A811F04AFF964907A811F038FEF0
:109170002378002B40F0C28007A811F03FFF9249EE
:1091800007A811F02DFE2378002B40F0B38007A82C
:1091900011F034FF8D4907A811F022FE2378002B2F
:1091A00040F0A48007A811F029FF894907A811F011
:1091B00017FE2378002B40F0958007A811F01EFFC2
:1091C000844907A811F00CFE2378002B40F086801C
:1091D00007A811F013FF20B070BD7F4907A811F058
:1091E000FFFD07A9284611F0E3FF064607A811F086
:1091F00005FF002E3AD02378784983F0010307A8B1
:1092000023700BF063FE764974480BF051FD7449EE
:10921000012207A80BF008FF002840F08180714967
:1092200007A811F0DDFD04A807A911F0F3FD2378CC
:10923000002B40F090806C4904A811F089FF01AC2C
:109240000146204611F0E6FD04A811F0D7FE07A85C
:1092500011F0D4FE6549204611F002FF2046FEF7CA
:1092600053F9204611F0CAFE20B070BD604907A82E
:1092700011F0B6FD07A9284611F09AFF064607A887
:1092800011F0BCFE002E45D15A4907A811F0A8FDE7
:1092900007A9284611F08CFF064607A811F0AEFE7C
:1092A000002E5AD00120FFF7D3FCFFF761FC524893
:1092B000FEF796F8514B1A78002A00F0D780504DEF
:1092C000504E2B683168C91A01F30F010A2207A812
:1092D00011F0EEFD2378002B3FF47AAF07A8FEF7DC
:1092E00035F875E707A8FEF731F866E707A8FEF737
:1092F0002DF857E707A8FEF729F848E707A8FEF773
:1093000025F839E707A8FEF721F82AE707A8FEF7AE
:109310001DF81BE7B2EE040AFFF7BCFD20B070BDDC
:10932000394B2178394A07A8002914BF114619463C
:1093300001220BF0D7FC07A80BF030FF294907A842
:1093400011F04EFD04A807A911F064FD2378002B4D
:1093500062D02F4961E02E496EE72E4907A811F02F
:109360003FFD07A9284611F045FF064607A811F062
:1093700045FE002E61D0AB682946012204A811F0F9
:109380005DFF04A811F0E8FF04A82E222C2111F0A3
:1093900083FF04A812F00AF8B5EEC00AF1EE10FA45
:1093A0007DDDFFF777FD04A811F028FE13E700BF6D
:1093B000106000201096040028960400EC8E040033
:1093C000F88E04000C8F0400208F0400348F0400FA
:1093D000488F0400588F04002C960400A0860020BB
:1093E000749104003096040074960400F49504000F
:1093F0003C960400709A040038950400CC65002067
:10940000C8650020E4670020B09B0400E0940400DD
:109410007096040050920400304904A811F098FEA0
:1094200001AC0146204611F0F5FC04A811F0E6FD60
:1094300007A811F0E3FD2A490DE72A4907A811F012
:10944000CFFC07A9284611F0B3FE064607A811F085
:10945000D5FD002E30D12448FDF7C2FF2378002B24
:109460003FF4B9AE2846FDF771FFB4E61F4E204D1C
:10947000326820482A6001221A70FDF7B1FF29687E
:109480000A2207A811F048FD237813B107A8FDF7B9
:109490005DFF07A811F0B2FDFEF722FF11E71649A4
:1094A00007A811F09DFC237813B107A8FDF74EFF24
:1094B00007A811F0A3FD76E74FF08043A822C3F878
:1094C0001C25BFF34F8F0D490D4BCA6802F4E062B3
:1094D0001343CB60BFF34F8F00BFFDE774960400CA
:1094E000049604005496040058960400E467002093
:1094F000C8650020D49204004096040000ED00E00E
:109500000400FA0570B51B4E1B48012386B00A21E2
:10951000337011F083FE041E1FDB174D234600221B
:109520002946684611F08AFE621C0021284611F087
:10953000C5FE694603A811F06DFC03A8FFF7E2FD24
:1095400003A811F05BFD0A21284611F067FE0446CE
:10955000684611F053FD002CE0DA00230A2106488A
:10956000337011F05BFE054BC043C00F187006B09E
:1095700070BD00BFA06400200C67002018670020A9
:10958000F0B5B74B2DED028B1B7885B00BB1FFF713
:10959000B9FFB44B1A7822B3B34AB44914780D8892
:1095A000042C4FF00001197045D0032C00F02B81E2
:1095B000052C00F039810C2C00F0078120220223B9
:1095C000AB488DF8054029468DF804208DF806300B
:1095D00001F068F828B1A6482946032301AA01F042
:1095E00091F8A44B1A78002A67D1A34BDB68D90104
:1095F00003D5A24B1A68D2071AD413F023F9A04B53
:10960000A0FB0301830A43EA81539E499E4A0968ED
:109610005B1A934204D99D4B1B78002B00F0C48049
:10962000FEF7BAF8FDF752FE05B0BDEC028BF0BDB7
:109630005B689B09E9E7964B1B88022B40F24E8141
:10964000907853788DF802104FF4846253EA002327
:10965000ADF8002000F0D58007EE903A9FED8D7AAE
:109660008D4A8E4F8E481380F8EE677A01AE67EE12
:10967000877AC7ED007AFDF7B3FE97ED000A214621
:10968000304611F07DFC874B1B78002B40F03B816E
:10969000304611F0B3FCFEF7D1FD012374488DF87C
:1096A0000230294600F0FEFF00289AD02946032305
:1096B0006A466F4801F026F893E700227A481A704C
:1096C0000AF0A4FD6C4BDB68DC01B0EE408A06D5E5
:1096D0006A4B1A68D00702D55C68A40907E013F04A
:1096E000B1F8674BA0FB0301840A44EA81546F4838
:1096F0000BF0AAF96E4BDFED6F7A93ED007AF0EE86
:10970000C76AF4EEE76AF1EE10FAF0EE408A3BDD4C
:10971000624A694BD2ED006A1B686849BDEEC88A8F
:10972000D1ED007A18EE102AD31A08EE103A70EE36
:10973000677AB8EEC88A17EE900AC8EE077A27EE65
:10974000A68A19F00FFF44A3D3E9002319F062FFA2
:109750001AF0FAF978EE087A06EE900A66EEA77A21
:109760009FED577AF0EEE77AF4EEC77AF1EE10FA51
:109770000AD85449544AD1ED007A136837EE888AE2
:10978000013381ED008A1360504B2046B0EE680A29
:10979000C3ED008AFEF7A0FA00283FF426AF4C4B39
:1097A0001868FEF791F820E701AE4A49304611F0FB
:1097B00017FB3C4B1B7813B13046FDF7C7FD304615
:1097C00011F01CFCFEF7F2F92AE7FFF705FB4FF456
:1097D0004262041201238DF80700294624488DF8BF
:1097E0000840ADF804208DF8063000F05BFF00283B
:1097F0003FF4F7AE2946052301AA1D4800F082FF79
:10980000EFE603234AE7344B19480193294600F059
:1098100049FF00283FF4E5AE042329460DEB03027F
:10982000134800F06FFFDCE61B4B11481B888DF8D6
:1098300007304FF4A4661B0A012229468DF8083030
:10984000ADF804608DF8062000F02CFF00283FF4EE
:10985000C8AE51E0AFF30080399D52A246DF913F80
:1098600018670020BC630020A8630020046000206B
:10987000A46400203C660020F0ED00E0001000E051
:1098800040420F004C66002000879303A064002034
:10989000A46300206F12033A086000200C600020CF
:1098A000FC900400106000208466002050660020B8
:1098B00014600020BD378635E4670020D4650020A1
:1098C0000000FA44A06600200867002048660020D7
:1098D0008066002078960400200301054FF484631D
:1098E00003240B48ADF8043029468DF8064000F0FB
:1098F000D9FE00283FF475AE2346294601AA044844
:1099000000F000FF6DE63046FDF720FDC0E600BF29
:10991000A464002072DF704773DF704774DF704704
:1099200077DF704738B5054608460C4602F032FB33
:10993000102803D080280ED0012038BDEB7FA288EC
:109940001B2B0EDCE9180320E85448704A80EB7F9B
:109950000433EB77F0E7A368002BEDD0E97F0D2906
:1099600001DD002038BD6A181120685407215170AC
:1099700058681C689968DB68C2F80E30C2F80600A7
:10998000C2F80240C2F80A10EB7F1233EB770120D5
:1099900038BD00BF0022C2770270704730B5D1E9F0
:1099A000042485B0CD68074B00936946CDE90224B5
:1099B0000195FFF7B7FF0446684602F0B5FA204666
:1099C00005B030BDE8960400F0B589B00646202207
:1099D0001348694602F03CFFF37FC2181D2A0CDDD4
:1099E000C3F11D04E4B2E2181D2A4FF00005D8BFF0
:1099F000082705DD284609B0F0BD044601250927E2
:109A0000F218601CF05469465770901C22461AF0F8
:109A100029FBF27F023214442846F47709B0F0BDE6
:109A20000068002010B50446094802F06FFFE37F8C
:109A30001C2B01DD002010BDE2180221E1540A2395
:109A400090705370E37F0333E377012010BD00BFB4
:109A500000680020C27F1C2A01DD0020704710B47E
:109A600003469C18022098540120A1706070DA7F90
:109A70000332DA775DF8044B704700BF10B4084A30
:109A8000084C094902620022C0E90A41C0E90C22DF
:109A90005DF8044B0270C27742628263704700BF78
:109AA000FF0101002000F40020001E00C185704766
:109AB000018581854285704780F82210704700BF7C
:109AC000F0B5154605EB8503274A89B0044603EB3C
:109AD000830300200E469B0011680290CDE90460CC
:109AE000ADF8143094F821308DF80830CB07CDE96B
:109AF0000600039009D41D491D4BC87FE77F98815C
:109B000001201C6099609F801060194902AA04F12D
:109B10002000FFF7FFFE10B1002009B0F0BD94F85F
:109B200020101448019102F0F1FE01990246012033
:109B3000FFF7F6FE0028EFD194F820000121FFF78F
:109B4000EBFE0028E8D10B4802F050FF628EA6859C
:109B500095424FF0010094BF521B921A628684F81E
:109B6000230009B0F0BD00BFE86700207C6E002034
:109B7000EC67002000680020F0B5002361F30F03BC
:109B80002D4D044661F31F4389B00363FA21284633
:109B900002F0C4FEE68D2949278D0868049706EB7C
:109BA000860303EB830300229B000592ADF814307B
:109BB00094F8213002928DF80830C307CDE90622CF
:109BC00003920BD41E4BE27F95F89B069A8005F218
:109BD0007C6501221C609D6098810A60184902AA78
:109BE00004F12000FFF796FE10B1002009B0F0BD8F
:109BF00094F820101048019102F088FE0199024665
:109C00000120FFF78DFE0028EFD194F820000121FC
:109C1000FFF782FE0028E8D1074802F0E7FE638ED6
:109C2000A7859E424FF0010094BF9B1BDB1A638601
:109C300084F8230009B0F0BD00680020E867002028
:109C4000EC67002010B5044690F82000FFF766FE90
:109C500008B1002010BD84F82300024802F0DAFEAB
:109C6000012010BD0068002030B50B888D88112BB5
:109C700085B0044605D0262B33D0102B25D005B057
:109C800030BD436AEB40DB07F9D52E4801F0FEF901
:109C90000028F4D1636A94F82310012202FA05F532
:109CA00023EA050363620029E9D194F82230002BEE
:109CB000E5D0238E23486386FA2102F02FFEE28D41
:109CC000218D2046FFF7FCFED9E7CB7B012BD6D1B7
:109CD000426A03FA05F515430023456280F82330F4
:109CE000CDE70B7A012BCAD1002380F823304FF443
:109CF000FA71144802F012FE238E5BB1658E95B1A5
:109D0000A36B0BB19847658E618D2A462046FFF7FD
:109D1000D7FEB4E7A36B03B19847618D00222046BC
:109D2000FFF7CEFEABE7074802F074FE626B002A35
:109D3000A5D0009503AB29462846039514F062FC94
:109D40009DE700BF0068002075DF704710B44FF03A
:109D500010144FF448010022C0E90041C0E902227A
:109D60005DF8044B704700BF014800F095BF00BF8D
:109D7000F06E0020F8B500250D4F2E4601E0142DA1
:109D800014D0A9B2384602F019FE01350446002865
:109D9000F5D000F01BFE0028F1D0204600F020FE98
:109DA000022804BF0136F6B2142DEAD13046F8BDC0
:109DB0000068002070B58E881B480C4694B0314670
:109DC00002F0FCFD23881A2B05D01F2B1CD0102B72
:109DD0000FD014B070BD054600F0FAFD0028F8D091
:109DE000284600F0F7FD0028F3D1284600F058FE81
:109DF000EFE7694600F03CFE0028EAD06A463146AB
:109E00000A4801F0F1FCE4E754F8080F61686B467A
:109E100003C33046BDF80030ADF802306946FFF7A5
:109E200093FF14B070BD00BF0068002020680020C0
:109E3000AADF7047ABDF7047ACDF7047ADDF70471C
:109E4000AEDF7047B0DF704710B5044B044640F8F2
:109E5000043B02F069F8204610BD00BFA096040044
:109E600010B5054B044640F8043B02F05DF820466F
:109E700013F09AFE204610BDA096040070B57B4BEF
:109E800004461B68836196B0043002F093F894F89E
:109E90002E30A06913F0320208BF84F82F2013F08F
:109EA0000C0308BF84F830300DF10102694602F05E
:109EB00031F894F82F209DF8010015070DD09DF87A
:109EC000001002F00F0301F00F059D424FEA12123D
:109ED0006DD243EA021284F82F2094F8303019072B
:109EE0000BD003F00F0100F00F058D424FEA131362
:109EF00069D241EA031384F8303094F82E1011F03F
:109F0000300340F096800FAD0F93C5E90133C5E9EA
:109F100003338DF83C10AB610021ADF809109DF8BA
:109F20000A10206A1493012363F342018DF808207C
:109F30008DF80A1008B1037873BB94F8263013B17A
:109F400004F12603129394F831200023D2070893DA
:109F5000079358BFE38AADF81C3004F1080004F100
:109F60002F01CDE9050154BF1846E08AADF8200065
:109F7000294604F13203E569099505AA0020FFF797
:109F800057FF054628B994F8253043BB237D002BA5
:109F900064D0284616B070BD10901AF0DFFF02ABF7
:109FA00080B2ADF84400ADF846001393C5E74FEA20
:109FB000111101D191428CD30A462B4643EA021279
:109FC00084F82F2089E74FEA101001D1984290D3EE
:109FD0000346294641EA031384F830308DE7ADF893
:109FE0000D009DF80E2094F82F600C90012363F370
:109FF000420242F608118DF80E208DF8123004AAA4
:10A000000223ADF8101003A90D90ADF83030ADF873
:10A0100034300A9204F124030B910DF102020AA9D3
:10A020008DF80C600E93FFF705FF0028AED00546B3
:10A03000AFE70F4B8DF805200FAD1B788DF804307E
:10A04000022000230F938DF80600C5E90133C5E90E
:10A050000333AB618DF83C1001AB5DE72146054849
:10A0600000F0D6FF284616B070BD00BFFC67002088
:10A0700094960400406C00202DE9F0410B888E88F6
:10A08000502B8AB00C46054609D0512B04D18B7950
:10A09000012B19D0022B26D00AB0BDE8F081CB8865
:10A0A000428E9A4235D0EA8E9A42F5D16B6D002BE2
:10A0B000F2D095F84420648A920700F18A80224603
:10A0C000294630469847E7E7836C002BE4D090F8A8
:10A0D0004420520701F108076CD43A46294630461D
:10A0E0009847A379D6E7A27B042A46D0062A20D037
:10A0F000012AD1D1EB6C002BCED095F84420170764
:10A1000004F1080400F1A58022462946304698470C
:10A11000C2E7076D002FC6D090F84430D90768D445
:10A1200004F11208238A424629463046B847E3889C
:10A13000B9E7EA6B002AAFD0002202A93046CDE988
:10A140000222CDE90422ADF80C208DF80830FFF78B
:10A1500079FE2C6D54B195F84430D80700F1928007
:10A16000B5F84230EA6B30462946A047E86B11F05B
:10A1700087F90023C5E90F338EE7E86B002878D014
:10A18000B5F84010278A628A07EB020C00234FF0D3
:10A19000020E8C45CDE90633CDE908338DF818E081
:10A1A00039DD40F20913ADF81C3006A93046FFF73F
:10A1B00049FE71E703211A46009106AB0821384693
:10A1C000CDE90665089714F01DFA002889D1AB6C1B
:10A1D00083E7032000211A46009006AB0846CDE92C
:10A1E0000665089414F00EFA00287FF455AF6B6DE5
:10A1F00065E7218A069604F11208042300933A4683
:10A20000404606ABCDE90881079514F0FBF900281C
:10A210008DD12F6D86E79DF81EC0ADF81C3004F17E
:10A2200014014CF001033844ADF822208DF81E30A3
:10A230000991ADF8207019F015FF238A618AB5F8ED
:10A2400042200B449BB2934238BF1346A5F84230DC
:10A25000ABE703211A46009106AB0E212046CDE95B
:10A260000665089414F0CEF900287FF415AFEB6C66
:10A270004AE74FF4806011F0E9F84FF48061C5E9D6
:10A280000F017FE7E86BB5F84210069604230093B0
:10A29000224606ABCDE90750099114F0B3F9002826
:10A2A0007FF464AF2C6D5BE72DE9F04F0F464FF65E
:10A2B000FF718F4289B0064615461C4627D0F18AA9
:10A2C00096F82E308C4228BF0C469B0615D40DF113
:10A2D000100B8C4228BF0C464FF00008718EADF871
:10A2E00010405A464FF6FF700595ADF81280FFF703
:10A2F000A3FD404609B0BDE8F08F3648394602F06C
:10A3000045FB804608B1F18E31B9F18ADFE731486B
:10A3100002F048FB0746D2E7002002230DF1100BA4
:10A32000ADF81200ADF810305A460DF10E03384664
:10A330000593FFF783FD43F20143984247D008B9E4
:10A34000BDF80E0000F00200002840D02148394638
:10A3500002F034FB824688B300F044FB033883B23A
:10A36000002CC6D0CDF804804FF00009984608E0D4
:10A3700000F0A0FB10B3BDF80E30E41AA4B21D44E7
:10A3800014B34FF00200A0458DF812000DF10E003D
:10A39000738EADF810304246CDE9060528BF22463F
:10A3A00059463846CDF813908DF81790ADF80E2029
:10A3B000FFF746FD03465046002BD9D04FF000086A
:10A3C000404609B0BDE8F08FDDF8048091E7F18ADE
:10A3D0007FE700BF006800202DE9F04F0F464FF6E1
:10A3E000FF718F4289B0064615461C4626D0F18A79
:10A3F00096F82E308C4228BF0C46DB0615D40DF1A2
:10A40000100B8C4228BF0C464FF00008718EADF83F
:10A4100010405A464FF6FF700595ADF81280FFF7D1
:10A420000BFD404609B0BDE8F08F3948394602F0CF
:10A43000ADFA08B1F18E31B9F18AE0E7344802F0A3
:10A44000B1FA0746D3E7002002230DF1100BADF857
:10A450001200ADF810305A460DF10E033846059340
:10A46000FFF7ECFC43F2014398424FD000284AD159
:10A470009DF80E8008F00108B8F1000F46D024487E
:10A48000394602F09BFA8246A0B300F0ABFA0338DB
:10A4900083B2002CC5D0CDF804804FF00009984657
:10A4A00005E0BDF80E30E41AA4B21D4444B3504692
:10A4B00000F0ACFAA04503464246594628BF224662
:10A4C0003846BBB1ADF80E204FF00102738E8DF807
:10A4D00012200DF10E02CDE90625CDF813908DF86E
:10A4E0001790ADF81030FFF7ABFC0028D9D05046DC
:10A4F00000F096FA4FF00008404609B0BDE8F08F32
:10A50000DDF804808DE700F00108B5E7F18A78E70F
:10A510000068002070B44E68164A86600260D1E977
:10A520000262154B154D1C7845600261142500220E
:10A530000321C0E90F22C0E91222C0E91422C6603B
:10A54000C58280F8311080F8442002758261026271
:10A550008284C0F82620C0F82A2080F82E20C2610C
:10A5600042864263028780F82F4080F8304070BCFA
:10A57000704700BFA096040094960400E89604007B
:10A5800080F82E10704700BFC182704741B190F82B
:10A590003130C182002262F3000380F8313070470D
:10A5A00090F83130012262F3000380F831307047B7
:10A5B00080F82F1080F83020704700BF90F84430AA
:10A5C000016562F3000380F84430704751F8322F80
:10A5D000026049684160704730B5C48A83B09442D4
:10A5E00023460D4628BF1346418E019500246A4636
:10A5F0004FF6FF70ADF80030ADF80240FFF71CFCDD
:10A6000018B9BDF8000003B030BD204603B030BD1E
:10A6100030B5044685B0194802F0C4F994F82E30DC
:10A6200013F0100302D1184605B030BD05460146AF
:10A63000124802F0ABF90028F6D0E18E11B90846B5
:10A6400005B030BD0DF1060328460024022502AAFC
:10A650000393ADF80A40ADF80850FFF7EFFB43F263
:10A660000143984205D030B99DF8063003F001004F
:10A67000DAE72046D8E700F00100D5E700680020BF
:10A6800010B490F82E4014F0100407D013465DF873
:10A69000044B0A464FF6FF71FFF79EBE20465DF859
:10A6A000044B704790F82E3013F0200301D1184668
:10A6B000704730B5044685B011480D4602F066F982
:10A6C00010B1E18E11B9084605B030BD0DF1060399
:10A6D00028460024022502AA0393ADF80A40ADF8EB
:10A6E0000850FFF7ABFB43F20143984206D008B98C
:10A6F000BDF80600C0F3400005B030BD2046E3E7DA
:10A700000068002010B490F82E4014F0200403D00C
:10A710005DF8044BFFF7C8BD20465DF8044B704759
:10A72000A1DF7047A3DF7047A4DF70470023838356
:10A73000704700BF006A00F0E3B800BF808B70472D
:10A740002DE9F0410B88CE88382B86B00C460546A3
:10A7500006D0392B66D0362B43D006B0BDE8F08149
:10A7600000F12407002E36D10A8A3846314602F01D
:10A77000E5F994F80C80B8F1010F2CD0B8F1040F72
:10A78000EBD1286A00F0BCF801465C4802F016F9EB
:10A7900000F028F92A8E053883B2934228BF134669
:10A7A000002B00F09A80218AE289286AAC8B8DF810
:10A7B0000D600A44E96A05918DF80C80ADF81230FD
:10A7C000ADF81020ADF80E4000F09AF803A9FFF79D
:10A7D000A9FF0028C1D0384602F0C8F906B0BDE88C
:10A7E000F081006A00F08CF80146444802F0E6F877
:10A7F00000F0F8F807466EBB05F12406E289304602
:10A8000004F1100102F09AF92B8E2BB1F81EE389A6
:10A8100080B20138834255DA304602F0A7F906B01B
:10A82000BDE8F0810B7B012B1AD0022B95D1836BF5
:10A83000002B92D090F83C208F8892071FD401F112
:10A840001006E28931462846984761893846FFF765
:10A850006BFF82E705F12407384602F087F9BDE770
:10A86000436B002B3FF479AF90F83C20D10717D40D
:10A8700004F11006E2893146284698476DE7C989F8
:10A88000039004F1100603201A46009003AB3046F3
:10A89000CDE9046113F0B6FE0028D6D1AB6BD0E74A
:10A8A000E189039004F1100603201A46009003ABDF
:10A8B0003046CDE9046113F0A5FE00287FF44DAFCA
:10A8C0006B6BD7E7286A00F01BF86A8EA98B92B2EF
:10A8D000FFF726FF00289FD13FE7AA8B286AADF833
:10A8E0000E2040F20511ADF80C10CDE9043300F054
:10A8F00007F803A9FFF716FF6DE700BF0068002007
:10A90000808870478FDF704790DF7047B1DF7047F6
:10A91000B5DF704710B5074B03600446806A11F03D
:10A9200003FCE06A11F000FC206B08B111F0FCFBA5
:10A93000204610BDB896040010B5094B03600446CC
:10A94000806A11F0F1FBE06A11F0EEFB206B08B1B8
:10A9500011F0EAFB204613F027F9204610BD00BF96
:10A96000B896040070B504460D4692E80300A58031
:10A970000E0CA061A183144DA67717201B215689C8
:10A980002560E0809589D089E181D17965810122B6
:10A9900022752274A08161741846194626819DF89B
:10A9A000105010F017FE2946A062284610F012FE43
:10A9B0004FF4885100234FF6FF72E182E062628219
:10A9C00023636375204670BDB8960400007D704710
:10A9D000407D7047C07D113818BF0120704700BF0F
:10A9E000407C7047C0887047008970474B7D10B429
:10A9F0004BB11F310C688A888B79046082805DF8C6
:10AA0000044B837170471831F4E700BF08B5662125
:10AA1000806A11F001FA003818BF012008BD00BF9C
:10AA200008B500231A461946806A10F005FE003862
:10AA300018BF012008BD00BF818800F11F02407CC3
:10AA400002F0DAB838B50A4605460C468188407CE3
:10AA500002F0BEF82146012051F8483FC5F81F30EA
:10AA60008B888A7985F82520A5F82330687538BD4C
:10AA700038B50A4604460D4600F11801407C02F044
:10AA8000F1F8607550B1294651F8483FC4F81F30BD
:10AA90008B888A7984F82520A4F8233038BD00BF3C
:10AAA00010B5447D24B100F11F01407C02F0B8F8DC
:10AAB000204610BD38B5032204460021012010F0C5
:10AAC00047FD00254FF0FF312063A57511F0A4F973
:10AAD000206B11F029FBA07D256338BD70B50B8874
:10AAE000113B82B00C460546462B2BD8DFE803F01D
:10AAF000383B2A2A2A2A2A2A2A422A2A2A2A2A2A7F
:10AB000050585E642A2A2A2A2A2A2A2A2A2A2A2AE3
:10AB10002A2A2A2A2A2A2A2A2A672A942A2A2A2AEE
:10AB20002A2A2A2A2A2A2A2A2A2A2A2A2A2A2A2A85
:10AB30002A246A2A752C84000023A8881A461946FC
:10AB4000FFF7E4FE02B070BD8B79002BFAD1006BE9
:10AB5000AB750028F6D01A46194610F06DFDF1E7E6
:10AB600000230375EEE74B8903818B894381CB89F1
:10AB70008381E7E70B7AC375112BE3D0818800F15D
:10AB80001F02407C02F026F903460028DAD1D4E700
:10AB9000002301A98088ADF80430FFF7B3FED1E7A8
:10ABA0000B7A002BCED14B7A0374CBE700221146EF
:10ABB0008088FFF7A9FEC5E70B89C381C2E74B89EF
:10ABC000C380BFE7006B0123AB750028BAD0002318
:10ABD0001A46194610F030FDB4E7417C164801F0E2
:10ABE000E5FEE3880146994228BF194689B2A88844
:10ABF000E980FFF78DFEA5E78B79002BA2D0002618
:10AC000000231A461946A86A10F016FD0136A279EB
:10AC1000F3B29A42F4D895E78B7A002B92D00026B3
:10AC200000231A461946E86A10F006FD0136A27A9A
:10AC3000F3B29A42F4D885E70068002070B58AB074
:10AC400086880B4606A84FF42851144605934FF604
:10AC5000FF7501F071F90120CDE90105059B009414
:10AC6000314606AA044800F06FF8044606A801F031
:10AC70005BF920460AB070BD406C002010B5044658
:10AC8000043001F0F7FE034B2360002323752046B8
:10AC900010BD00BF0100FFFF017D01B1704710B57D
:10ACA0000446043001F0F0FE0123237510BD00BFFF
:10ACB000007D70470B88322B10B504D0332B17D092
:10ACC000302B08D010BDCB88DBB1041D2046BDE879
:10ACD000104001F04BBFCB88041D002BF6D14B89EF
:10ACE000002BF3D00A3120460A2201F027FFEDE7BE
:10ACF000CB88002BE9D14A89002AE6D002EB420238
:10AD000004E04A89002AE0D002EB82025200041DCE
:10AD1000023292B20A31204601F010FFD6E700BF9E
:10AD2000A0DF704710B5044600F5F87001F0A2FEF0
:10AD30002046F822002119F0BDF9F822A0180021C0
:10AD400019F0B8F9204610BD2DE9F04782B005464C
:10AD5000BDF82C60BDF830402048ADF80460BDF867
:10AD600028A0ADF80640904699460F4601F026FE11
:10AD700005F5F875064603E0FFF736FE10F04AFBCE
:10AD8000284601F0D9FE04463046002CF4D10121BA
:10AD9000284601F079FE52464946284601F090FEC9
:10ADA00008F10401384601AAFFF7BAFF30B128467E
:10ADB00001F074FE204602B0BDE8F0874FF4FA714E
:10ADC000284601F083FE20EAE074284601F066FE82
:10ADD000A4B2204602B0BDE8F08700BF00680020A2
:10ADE0002DE9F04F8F880D8885B088460446394696
:10ADF000864801F0E3FDA5F11003012B814640F2E6
:10AE0000908094F854203AB3002633461633502DE0
:10AE100054F823A069D0512D1AD198F80630B8F80B
:10AE200008B0022B53D0BBF1000F11D05146684639
:10AE3000FFF7CCFBBDF800305B4559D0514602A866
:10AE4000FFF7C4FBBDF80C305B4551D094F854209B
:10AE50000136F3B29342D9D394F84C31002B00F071
:10AE6000D18004F5A679002604E094F84C3101362F
:10AE7000B34220DD59F8040FFFF75CFCB842F4D16F
:10AE8000382D03D0392D01D0362DEED1B8F80AA0D7
:10AE9000BAF1000FE9D0D9F800B05846FFF74EFCE0
:10AEA0005045E2D158464146FFF74AFC94F84C31F0
:10AEB0000136B342DEDC112D55D0352D04D1B8F862
:10AEC0000A30002B40F08F8005B0BDE8F08F98F875
:10AED0000E30062BA7D1DAF800305046DB68414629
:10AEE00098474846FFF776FDB0E7B8F806B09AE70E
:10AEF000DAF800305046DB68414698474846FFF78D
:10AF000069FD0028A2D0502DA0D1514602A8FFF71C
:10AF10005DFBBDF80C305B4598D14846FFF78CFDD2
:10AF200094E72378002B3FF46CAF0026112D3346B5
:10AF30000CD004EB83033946586803685B68984774
:10AF400001362278F3B29A42F3D85AE704EB83032E
:10AF50003946586803681B68984701362278F3B26F
:10AF60009A42F3D84DE7D3B10026334605E094F872
:10AF70004C210136F3B29A4211D904EB8305D5F87E
:10AF80005001FFF7D7FBB842F1D1D5F85001FFF7D8
:10AF9000CDFB013694F84C21F3B29A42EDD894F8E7
:10AFA000F820002A90D000252B4604EB8303D3F829
:10AFB000FC008388BB420AD00135EBB2934283D2B6
:10AFC00004EB8303D3F8FC008388BB42F4D103680D
:10AFD0001B689847013594F8F820EBB29342E4D30C
:10AFE00005B0BDE8F08F04F5F874B8F80C202046E1
:10AFF00008F1100101F0A2FD204605B0BDE8F04FB8
:10B0000001F0B4BD112D7FF458AFC8E700680020EF
:10B0100090F85420272A0CD810B4034602F11604E5
:10B02000013280F8542043F8241001205DF8044BCD
:10B0300070470020704700BF0378132B06D800EB41
:10B040008302013303700120516070470020704774
:10B0500078DF70477ADF7047054A034692E80300BD
:10B06000002283E80300C3E902221846704700BFAC
:10B07000C096040008B5FFF7EDFF08B1002008BD39
:10B08000FFF7E6FFB0FA80F0400908BDF8B50025EB
:10B090000D4F2E4601E0142D14D0A9B2384601F010
:10B0A0008DFC013504460028F5D0FFF78FFC002801
:10B0B000F1D02046FFF794FC012804BF0136F6B218
:10B0C000142DEAD13046F8BD0068002008B5018093
:10B0D0004280FFF7BFFFB0FA80F0400908BD00BF13
:10B0E00008B58180FFF7B6FFB0FA80F0400908BDCF
:10B0F00008B5C180FFF7AEFFB0FA80F0400908BD87
:10B10000704700BF8ADF704730B40D4CC4621F2502
:10B11000002250248584A025C0E91122C0E90F2215
:10B12000A0F84650A0F84840006230BC8262028617
:10B1300080F838204263C264A0F85020704700BFF6
:10B14000000180002DE9F04F10468DB016460C46E8
:10B1500000F020FFC5B2102D4FD0B668072206239D
:10B16000A16994F81C9001918DF80D208DF80C3098
:10B17000ED080DF10C080DF10E0A0027B9F1010FD1
:10B180000A97CDE90477CDE90677CDE90877CDF8C0
:10B190002B700ED998F8000001994B464A788242EC
:10B1A0000FD00A78D4432344013213F0FF03114433
:10B1B000F4D108F10108C245E0D100200DB0BDE88E
:10B1C000F08F11F8024B013CE4B2224604A818F0BB
:10B1D00049FF0DF1100B1CB9EBE714F0FF04E8D0A8
:10B1E00058462A46314618F02FFF641BAB4400280E
:10B1F000F3D101200DB0BDE8F08F04360322022305
:10B20000AEE700BF2DE9F0430B888E88103B87B076
:10B210000D4604460D2B2CD8DFE803F077072B2BC7
:10B220002B2B2B2B2B2B2B842B2E836AF340DB0712
:10B230001FD55648FEF79EFDD8B9A36A94F82C2076
:10B24000012505FA06F623EA0606A6628AB994F8ED
:10B250002D3073B11F232462A38404F1200104F173
:10B260004400FFF74FFF20B9494801F0BFFB84F8C5
:10B270002C5007B0BDE8F08390F92E2091F91B30D7
:10B280009A423ADC90F8383001F108080BB3DFF845
:10B290000491002602E0D6B2B34218D9636BCDF810
:10B2A000089003EB061302AA59680391D3E90273CD
:10B2B0004146204605930497FFF744FF074602A83E
:10B2C00000F032FE94F83830721C002FE3D09E421A
:10B2D00013D094F82F30002B49D095F82430012B4F
:10B2E0000BD9296A4A78FF2A30D00A78D043034420
:10B2F000013213F0FF031144F4D104F120010020C6
:10B30000FFF700FF07B0BDE8F083CB7B022BB0D185
:10B31000836A012202FA06F633430022836280F830
:10B320002C20A6E70B7A012BA3D1002580F82C5006
:10B33000174801F06FFB226C002A9AD0009502ABEF
:10B3400029462846029513F05DF992E711F8025B51
:10B350006A1ED2B2022A28BF022202A818F082FE78
:10B36000012DCAD0228EBDF808309A42C5D1E26BB9
:10B37000002A3FF47EAF01230093404602AB242114
:10B38000CDF8088013F03EF973E700BF1068002085
:10B3900000680020E896040046DF70477FDF7047B2
:10B3A00080DF704781DF704785DF704786DF704739
:10B3B00038B51C460D460346114628462246984796
:10B3C00034B1014600222846BDE83840FFF7E8BF07
:10B3D00038BD00BF10B50C4682B003466946204612
:10B3E00098476A4620460121FFF7DAFF02B010BDF8
:10B3F00010B50446083001F017FF074B2360032205
:10B4000000232271C4F81034C4F81434C4F818347A
:10B41000C4F81C34204610BD3507100330B504466F
:10B42000ADF55F7D00F108058F4801F091FE082120
:10B43000284601F0FDFE684601F004FF6846082139
:10B4400001F004FF6946284601F0A2FE04F54F71A1
:10B450004122684601F008FF684601F001FF94F8B8
:10B460005C0394F85B2394F83D1394F83E3384F81E
:10B470003D0384F83E2394F85A0394F8592394F832
:10B480003F5384F85C1384F85B3394F8401394F8CA
:10B49000413384F83F0384F8402394F8580394F828
:10B4A000572384F85A5384F8591394F8425394F864
:10B4B000431384F8410384F8583394F8560394F8FE
:10B4C000443384F8422394F8552384F8575384F87E
:10B4D000430384F8442384F8553384F8561394F8CE
:10B4E000451394F8540394F8532394F8463384F89E
:10B4F000450384F8462394F8520394F8512394F8B2
:10B50000475384F8541384F8533394F8481394F849
:10B51000493384F8470384F8482394F8500394F897
:10B520004F2384F8525384F8511394F84A5394F8F3
:10B530004B1384F8490384F8503394F84E0394F87D
:10B540004C3384F84A2394F84D2384F84F5384F8FD
:10B550004B0384F84C2384F84D3384F84E1394F84D
:10B560005D1394F87C0394F87B2394F85E3384F89D
:10B570005D0384F85E2394F87A0394F8792394F8B1
:10B580005F5384F87C1384F87B3394F8601394F849
:10B59000613384F85F0384F8602394F8780394F8A7
:10B5A000772384F87A5384F8791394F8625394F8E3
:10B5B000631384F8610384F8783394F8760394F87D
:10B5C000643384F8622394F8752384F8775384F8FD
:10B5D000630384F8642384F8753384F8761394F84D
:10B5E000651394F8740394F8732394F8663384F81D
:10B5F000650384F8662394F8720394F8712394F831
:10B60000675384F8741384F8733394F8681394F8C8
:10B61000693384F8670384F8682394F8700394F816
:10B620006F2384F8725384F8711394F86A5394F872
:10B630006B1384F8690384F8703394F86E0394F8FC
:10B640006C3384F86A2394F86D2384F86B0301202B
:10B6500084F86F5384F86E1384F86C2384F86D3388
:10B660000DF55F7D30BD00BF8C6F00200B7803F0BF
:10B67000FE03042B01D00020704770B515468CB036
:10B680000C462022002104A818F014FD28686968DF
:10B69000AA68EB686D460FC59DF800109DF80F2055
:10B6A0009DF801609DF80E509DF802008DF80F1076
:10B6B00023469DF80D108DF800209DF803208DF88D
:10B6C0000E608DF801509DF80C609DF804508DF8C7
:10B6D0000D008DF802109DF80B009DF805108DF8F7
:10B6E0000C209DF80A208DF803608DF80B508DF822
:10B6F00004008DF805208DF80A109DF8061033F827
:10B70000042FADF810209B789DF809209DF81D00AE
:10B710009DF810609DF81F508DF809108DF80620D7
:10B720009DF811109DF81E208DF81D309DF80730F2
:10B730008DF812008DF81F609DF808009DF81360C9
:10B740008DF810508DF81E109DF81C509DF81410A7
:10B750008DF811208DF808309DF81B209DF81A30C7
:10B760008DF807008DF81C608DF813509DF815605A
:10B770008DF81B108DF8142068468DF815309DF853
:10B7800019109DF817209DF818309DF816508DF867
:10B7900018208DF816108DF817308DF81A608DF876
:10B7A0001950FFF7F9FD62789DF82F309DF82E00B3
:10B7B0009DF82D108DF821009A428DF8221004F189
:10B7C000010404D0012080F001000CB070BD62784B
:10B7D000C3B29A4204F10104F4D16278CBB29A4226
:10B7E000F0D10020EFE700BF08B5137CDB0758BF9E
:10B7F0001C32084602F11201FFF7D6FDB0FA80F0C4
:10B80000400908BDF0B58F880E46ADF56B7D044646
:10B810003946464801F0D2F83388133B0546072BDA
:10B820002FD8DFE813F03E005F006D002E002803E4
:10B83000870008003100337AB3B9737B9B070ED4BD
:10B84000294602A8FFF7D2F80299BDF80C209DF80E
:10B850000E3084F80C34C4F80614A4F80A242846E0
:10B8600004F2BE31FFF7EEF8D4F818244AB1307A6A
:10B870000D9002230021009308460CAB0C9712F0A8
:10B88000C1FE0DF56B7DF0BDD4F81C24002AF8D064
:10B8900001230021009308460CAB0C9712F0B2FE76
:10B8A000EFE704F2BE3304F2DA320C9304F2F6331B
:10B8B00000251092119304F23D3204F27E330F9270
:10B8C0001393CDE90D551295FFF78AF801280CBFA7
:10B8D00022462A460CAB29463846FFF75FFD0DF598
:10B8E0006B7DF0BD0CA9FFF7C3F80346002800F0FC
:10B8F000D2820CA9384600231AAAFFF757FDC0E7E9
:10B90000D4F810140029BCD0B37B094A03F001031A
:10B910000F930423CDE90C1706F1080000930621CC
:10B920000CAB0E9012F06EFEABE700BF006800207B
:10B93000B1B3020094F87E3394F89D2394F87FC34A
:10B9400094F89C6394F8805394F89B0384F89D3397
:10B95000042194F89A3384F87D1384F87E2394F8B4
:10B96000811394F8822384F89CC384F87F6394F84D
:10B9700099C394F8836384F89B5384F8800394F804
:10B98000985394F8840384F89A1384F8813394F8D4
:10B99000971394F8853384F8992394F8962384F8C0
:10B9A00082C384F8986384F8835384F8970384F8F7
:10B9B000841384F8852384F8963394F8862394F8C6
:10B9C000953394F887C394F8946394F8885394F863
:10B9D000930394F8891384F8952384F8863394F8B4
:10B9E000922394F88A3384F894C384F8876394F894
:10B9F00091C394F88B6384F8935384F8880394F884
:10BA0000905394F88C0384F8921384F8892394F863
:10BA10008F1394F88D2384F8913394F88E3384F83F
:10BA20008AC384F8906384F88B5384F88F0384F876
:10BA30008C1384F88D3384F88E2394F89E2394F825
:10BA4000BD3394F89FC394F8BC6394F8A05394F862
:10BA5000BB0394F8A11384F8BD2384F89E3394F8B3
:10BA6000BA2394F8A23384F8BCC384F89F6394F893
:10BA7000B9C394F8A36384F8BB5384F8A00394F883
:10BA8000B85394F8A40384F8BA1384F8A12394F863
:10BA9000B71394F8A52384F8B93394F8B63384F82F
:10BAA000A2C384F8B86384F8A35384F8A41384F879
:10BAB000B62384F8A53384F8B70394F8A60394F862
:10BAC000B51394F8A72394F8B43394F8A86394F8C2
:10BAD000B35384F8B50384F8A61394F8A90394F833
:10BAE000B21384F8B42384F8A73394F8AA2394F803
:10BAF000B13384F8B36384F8A85394F8AB6394F833
:10BB0000B05384F8B20384F8A91394F8AC0394F802
:10BB1000AF1384F8B12384F8AA3394F8AD2394F8D2
:10BB2000AE3384F8AD3384F8AE2384F8B06384F880
:10BB3000AB5384F8AF0384F8AC130CA801F082FB7C
:10BB40000CA8082101F082FB04F27D310CA84122EF
:10BB500001F09CFB0CA904AA202304F1080001F0C9
:10BB600045FB0CA801F07CFB9DF810109DF82F0000
:10BB70009DF811309DF82E209DF812609DF82D50F3
:10BB80008DF810008DF82F109DF813009DF82C10E3
:10BB90008DF811208DF82E309DF814209DF82B3053
:10BBA0008DF812508DF82D609DF815509DF82A6083
:10BBB0008DF813108DF82C009DF816109DF82900B3
:10BBC0008DF814308DF82B209DF817309DF8282023
:10BBD0008DF815608DF82A508DF816008DF8172015
:10BBE0008DF828308DF829109DF818109DF8270041
:10BBF0009DF819309DF826209DF81A609DF8255073
:10BC00008DF818008DF827109DF81B009DF8241062
:10BC10008DF819208DF826309DF81C209DF82330D2
:10BC20008DF81A508DF825609DF81D509DF8226002
:10BC30008DF81B108DF824009DF81E109DF8210032
:10BC40008DF81C308DF823209DF81F309DF82020A2
:10BC50008DF81D608DF822508DF821108DF81F2071
:10BC60008DF820308DF81E0094F87E0394F89D1313
:10BC700094F87F2394F89C3394F8806394F89B5352
:10BC800084F89D0384F87E1394F8810394F89A1342
:10BC900084F89C2384F87F3394F8822394F89933B2
:10BCA00084F89B6384F8805394F8836394F89853E2
:10BCB00084F89A0384F8811394F8840394F8971312
:10BCC00084F8992384F8823394F8852394F8963382
:10BCD00084F8986384F8835384F8841384F8962353
:10BCE00084F8853384F8970394F8860394F89513C1
:10BCF00094F8872394F8943394F8886394F89353D2
:10BD000084F8950384F8861394F8890394F89213C1
:10BD100084F8942384F8873394F88A2394F8913331
:10BD200084F8936384F8885394F88B6394F8905361
:10BD300084F8920384F8891394F88C0394F88F1391
:10BD400084F8912384F88A3394F88D2394F88E3301
:10BD500084F8906384F88B5384F88C1384F88E23D2
:10BD600084F88D3384F88F0394F89E0394F8BD1300
:10BD700094F89F2394F8BC3394F8A06394F8BB53D1
:10BD800084F8BD0384F89E1394F8A10394F8BA13C1
:10BD900084F8BC2384F89F3394F8A22394F8B93331
:10BDA00084F8BB6384F8A05394F8A36394F8B85361
:10BDB00084F8BA0384F8A11394F8A40394F8B71391
:10BDC00084F8B92384F8A23394F8A52394F8B63301
:10BDD00084F8B86384F8B70384F8A41384F8B6230E
:10BDE00084F8A53384F8A35394F8A65394F8A723B2
:10BDF00094F8B43394F8B50394F8A81394F8B363A3
:10BE000084F8B55384F8B42394F8A95394F8AA237A
:10BE100084F8A73394F8B13394F8B0C384F8A60338
:10BE200084F8B31394F8B20394F8AB1384F8A863BE
:10BE300084F8B25394F8AC6394F8AF5384F8B12308
:10BE400084F8AA3394F8AD2394F8AE3384F8A903A8
:10BE500084F8B013384604A984F8ABC384F8AF6300
:10BE600084F8AC5384F8AE2384F8AD33FFF79AFA24
:10BE70000DF56B7DF0BDD4F81424002A3FF401AD1C
:10BE80000223002100930C920CAB064A0D97084642
:10BE900012F0B8FBF5E438461A461946FFF786FA61
:10BEA000EFE400BFD5B30200A8DF7047704700BFC2
:10BEB00030B5044683B0083000F07CF804F10C0182
:10BEC0000DF106020120FFF7EFFF054628B9044BEC
:10BED00004481C602146FFF7AFF8284603B030BD88
:10BEE000FC670020406C002030B44C68C460D1E98D
:10BEF0000241054A054D0260054A8560C0E90441DA
:10BF0000426030BC704700BFD0960400E896040041
:10BF10000000111183790B70C3791370704700BF53
:10BF200062DF704763DF7047704700BF10B504469B
:10BF300011F03AFE204610BD10B4054C818000225D
:10BF400001210460C0E902225DF8044B8171704751
:10BF5000E896040038B50E4B0360044608460D46CB
:10BF600018F0FCFF042806D00023A371E560A3802D
:10BF7000A360204638BD28461022002119F076FF24
:10BF800001220023A271A080C4E90233204638BDFB
:10BF9000E89604008379012B0AD0826832B9C2681E
:10BFA00022B9012B8CBF8020002070478020704771
:10BFB000102070472DE9F047857982B0002D47D1D8
:10BFC000C7680646002F47D010200FF03FFA824680
:10BFD000384618F0C3FF441E30B3DFF88490A846FB
:10BFE00004E00134023C1FD4102D1DD017F804C00A
:10BFF000BCF12D0F07EB0402F3D099F80030ADF837
:10C0000005808DF8043012F8013C8DF804301022C0
:10C01000002101A88DF805C019F028FF6B1C023C17
:10C020000AF80500DDB2DFD5C6F808A0BAF1000FA6
:10C030000ED0B11D5046FFF773FFB168321D1020BE
:10C04000FFF770FFB0FA80F0400902B0BDE8F0875A
:10C05000012002B0BDE8F087D0F808A0E6E700BFF5
:10C06000DC9604004DDF70474EDF70474FDF7047AE
:10C0700050DF70474BDF704710DF70477CDF704741
:10C080007DDF704760DF704769DF704761DF7047B1
:10C0900066DF704767DF7047704700BF0C2012F003
:10C0A00043BD00BF30B5224C224D83B0D4F82807E1
:10C0B0004FF0FF310FF0B0FE0028F7D0C5B101A856
:10C0C000FFF7D8FF0528F1D00028F8D1019B032BFA
:10C0D0001BD8012BF3D918460EF004FCEFE70A2B0E
:10C0E00004D0092B21D00B2B02D1012007F0BEF880
:10C0F00001A8FFF7BFFF0528D8D00028F8D1019B81
:10C10000A3F10902022AF3D8E9E7A3F10902022AFE
:10C11000D5D80A2B04D0092B05D00B2BCFD1012069
:10C1200007F0A4F8CBE70220FAE70220DEE700BF21
:10C1300000680020E5A803002DE9F04F2DED028BEB
:10C140004FF4FA7089B00FF081F9B24E00F1080394
:10C1500008EE103A054606F5F06706F5C86AD6F807
:10C1600024074FF0FF310FF057FE0028F7D04FF4AF
:10C17000FA730DF116012846ADF81630FFF786FF69
:10C1800010B10528F3D1EAE7B5F80490B9F1130F1F
:10C1900000F2398106EB8903D3F834473CB12946D4
:10C1A0002046FEF79BFC9C482946FFF72BFB2B887B
:10C1B000013B1B2B5AD8DFE813F016015900590038
:10C1C00059005900590059005900590059005900A7
:10C1D0005900590059005900B4001C005900590079
:10C1E0005900590059005900590059005900590087
:10C1F000A200DFF838824FF0000B58F8040F30B17E
:10C20000FEF7E4FB18B10BF1010B5FFA8BFBB845AD
:10C21000F3D1BBF1000F06D196F830371BB1594668
:10C220000C2012F041FC2046FEF7DAFB012800F05A
:10C23000EC80F26962B10223002195F808C00093F6
:10C24000084606ABCDF81890CDF81CC012F0DAF90C
:10C2500009F5E67806EB8803586810B103685B6857
:10C26000984706EB88080023C8F804302946504652
:10C27000FDF7FAFC69482946FEF7C4FFB6F83237E5
:10C280004B452B8800F0B480102B1ED02CB32046D9
:10C29000FEF7A6FB012803D15E482946FEF730FFD2
:10C2A0002046FEF79DFB02281BD05D48FEF700FDEF
:10C2B00000BB5C482946FEF793FDD6F88837002B73
:10C2C0003FF455AF2846984751E7EB7B012BDDD172
:10C2D000AB88A6F83237002CD9D14E482946FEF754
:10C2E0000FFF51482946FDF765FD4D48FEF7E0FC7C
:10C2F0000028DED04A482946FEF7DCFCD9E7D6F80C
:10C300008427002AB2D00223002195F908C00093A7
:10C31000084606ABCDF81890CDF81CC012F072F9A3
:10C32000A4E74FF00008D6F82C07CDF8008043466C
:10C33000424603213D4C11F0F5F854F8040F30B19A
:10C34000FEF744FB18B108F101085FFA88F8BC4217
:10C35000F3D196F830376BB1B8F1000118BF012165
:10C360000C2012F0A1FB96F830371BB101210C20F4
:10C3700012F09AFB09F5E67806EB8804606820B1B4
:10C3800003685B68984700236360EB7B012B0BBF5E
:10C3900096F8123796F8183796F8134796F8194713
:10C3A0000393342011F0FEFB06EB8808039B0094F6
:10C3B00018EE102A04464946FEF7D4FA2046C8F87B
:10C3C0000440FEF70DFB012832D0B269002A3FF489
:10C3D0004DAF012300210093084606ABCDF818901D
:10C3E00012F010F942E700214846FFF751FE3DE701
:10C3F000102B3FF46AAF112B7FF448AF4FF6FF7359
:10C40000A6F8323742E70446D1E6F268002A7FF404
:10C4100012AF1DE700680020206800209C6E0020FD
:10C42000F06E0020406C002010680020306F00206B
:10C43000B268002A3FF41AAF0021009006AB08460C
:10C44000CDF8189012F0DEF810E700BF38B50446BA
:10C45000FEF702FE04F11000FDF778FC04F1200065
:10C46000FEF7C6FF04F58860FEF75CFC04F5C860C3
:10C47000FDF704FB04F27C60FDF78CFA04F29C608B
:10C48000FEF742FE04F5DE60FEF7F8FB4FF4805342
:10C490000025C4F8083716481649174AC4F80C078F
:10C4A00040F20113C4F81017C4F81427A4F8183781
:10C4B000A4F81A5704F234702946502217F0FAFDF6
:10C4C00001224FF6FF73A4F81C5784F81E57C4F8D6
:10C4D0002457C4F82857C4F82C57C4F88857C4F810
:10C4E000845784F83027A4F83237204638BD00BF7F
:10C4F000010A17000300010117000300F0B5BF4E49
:10C5000080F81C178DB080F81D27044611F0C8FB79
:10C5100011F0CEFB11F08CFB3369B949039303A8EA
:10C52000FFF7AAFD18B1002528460DB0F0BD012087
:10C53000FFF79AFD0120FFF795FD0120FFF796FD1B
:10C5400009A8FFF795FD099B9B0705D5AD4BD3F8CF
:10C550000435002B00F0FE800023AB4A94F80D5701
:10C56000049209A90120CDE909330B938DF82450D9
:10C57000FFF78AFD0028D6D194F81D370B90CDE93E
:10C580000900181E18BF012094F81C578DF82700C9
:10C59000049A8DF8263009A940208DF82550FFF720
:10C5A00073FD0028BFD194F80C170990034661F37E
:10C5B0000003CDE90A00049A8DF8243009A9A020CF
:10C5C000FFF762FD0028AED1D4F808370A900B902F
:10C5D000049A099309A9A120FFF756FD0028A2D1CA
:10C5E00094F81C37002B40F0B98094F81D37002BCD
:10C5F00048D00023B4F81477049A0993022509A9B6
:10C600002320CDE90A338DF82450ADF82670FFF7CA
:10C610003BFD002887D1CDE9090094F81D77B4F8D7
:10C6200016370B90049A8DF8245009A920208DF814
:10C630002670ADF82830FFF727FD00287FF473AF90
:10C640000990CDE90A0094F81837049A8DF824501F
:10C6500009A922208DF82630FFF716FD00287FF467
:10C6600062AFCDE9090094F819370B90049A8DF860
:10C67000245009A921208DF82630FFF705FD002858
:10C680007FF451AF04A8FFF7FDFC00287FF44BAF07
:10C69000CDE9070040F0010307A902208DF81C3006
:10C6A000FFF7F8FC00287FF43EAF2046FEF7E2FCDF
:10C6B000054600283FF437AF04F12000FEF7AEFE38
:10C6C000337D52498DF80830182202A8FFF7D6FCB6
:10C6D00000287FF428AF94F81D37002B40F08880A5
:10C6E0000322002101200EF033FFC4F824070028A4
:10C6F0003FF419AF05AB0326CDE900634449454833
:10C7000000234FF4A0620FF0ADFE3246002101205D
:10C710000EF01EFFC4F8280700283FF404AF06AB54
:10C72000CDE900633C493D480023C8220FF09AFE42
:10C730003B4B4FF480021A603A4B0093002318469B
:10C7400001224FF4807110F097FEC4F82C0700F01E
:10C7500019FAE9E6022006F089FDFDE60990CDE927
:10C760000A00B4F80E37049AADF82630012509A95D
:10C7700023208DF82450FFF787FC00287FF4D3AEE8
:10C78000CDE9090094F81C77B4F810370B90049A9F
:10C790008DF8245009A920208DF82670ADF8283096
:10C7A000FFF772FC00287FF4BEAE0990CDE90A00C5
:10C7B00094F81237049A8DF8245009A922208DF894
:10C7C0002630FFF761FC00287FF4ADAECDE909000B
:10C7D00094F813370B90049A8DF8245009A921205E
:10C7E0008DF82630FFF750FC00283FF4FEAE9AE6A5
:10C7F00004F11000FDF7B8FA72E700BF509704008B
:10C8000099C0020000700240006000202C970400D4
:10C810004897040039C102004C970400A5C00200EB
:10C8200000E100E09DC0020000B5084B85B01B7D13
:10C83000019108468DF80C3018F090FB019982B2F6
:10C8400003A8FFF71BFC05B05DF804FB509704003C
:10C8500000B583B008460DF10601ADF80620FFF7DC
:10C860000FFC20B99DF8060003B05DF804FB002022
:10C8700003B05DF804FB00BF70B4234B0E460546C1
:10C880000FCB85B06C4607C49DF900202380B242CF
:10C8900034D09DF90130B34230D09DF90230B3421B
:10C8A0002CD09DF90330B34228D09DF90430B34217
:10C8B00024D09DF90530B34220D0FEB19DF9073058
:10C8C000B3421BD09DF90830B34217D09DF909300F
:10C8D000B34213D09DF90A30B3420FD09DF90B300B
:10C8E000B3420BD09DF90C30B34207D09DF90D3007
:10C8F000B34203D0002005B070BC7047012085F81A
:10C900001E6705B070BC70476897040090F91E0759
:10C91000704700BF80F83017704700BF70B50446FD
:10C9200082B0D0F82C070D4610F028FE4FF47A7232
:10C9300006460023A90DA80217F056F90023024667
:10C940000421D4F82C07009310F0ECFD0EB102B0D6
:10C9500070BD0096D4F82C0733463246032110F000
:10C96000E1FD02B070BD00BF70B500F5E66400F5F2
:10C97000F065002654F8040F20B1FEF727F808B13F
:10C980000136F6B2AC42F5D1304670BD132906D857
:10C9900000EB8101D1F8340708B1FEF717B8002089
:10C9A000704700BFB0F83207704700BF01290CBFC5
:10C9B000B0F80E07B0F81407704700BF13299ABFEC
:10C9C00000EB8101D1F834070020704710B5064C08
:10C9D0000021D4F828070FF093F8D4F82407002199
:10C9E000BDE810400FF08CB80068002090F8303798
:10C9F00003B9704710B582B0D0F82C470FF022FF72
:10CA00000023024600932046012110F08BFD02B066
:10CA100010BD00BFF0B583B0002405462346D0F812
:10CA20002C0700942246032110F07CFD05F5E666F4
:10CA300005F5F06756F8040F20B1FDF7C7FF08B100
:10CA40000134E4B2BE42F5D195F8303743B1211E2E
:10CA500018BF01210C2003B0BDE8F04012F024B84B
:10CA600003B0F0BD0148FFF7F1BC00BF0068002033
:10CA700000207047002201214270C0E901220170AC
:10CA8000C2818281704700BF10B50446017001B1B8
:10CA900010BD0A200EF09EFD606010BD037810B539
:10CAA000044643B1002301226370C4E90133E381EA
:10CAB000A381227010BD40680FF036FBF2E700BF83
:10CAC000002381608281C381704700BF037870B505
:10CAD00004460D46B3B94668012363704FF47A7279
:10CAE0000023A802A90D17F07FF8014630460FF089
:10CAF00093F998B9237800264FF0FF356670A3B9F3
:10CB0000284670BD0322002101200EF021FD0646BB
:10CB100060600028E0D14FF0FF35F1E7E589237828
:10CB20000026ADB26670002BEAD060680FF0FCFA08
:10CB30006660284670BD00BF4078704738B504462F
:10CB40008089824228BF0246154619B1A06817F0B5
:10CB500089FAA089E389A26815FA83F3401B9BB286
:10CB60002A44A081E381A260284638BD406820B1F4
:10CB700000231A4619460EF05FBD7047B1DF7047BB
:10CB8000B2DF704708B50F480DF03AFD0E490D4869
:10CB900008F01AF828B10D490A4808F015F850B104
:10CBA00008BD0949074808F02BF80849054808F06E
:10CBB0000BF80028F4D1BDE808400449014808F00A
:10CBC0001FB800BFA0860020789704008C9704004F
:10CBD00070B586B00E460323002105461446009327
:10CBE000044A0496084603AB0395059411F00AFD28
:10CBF00006B070BDBDCE020070B586B003231446EA
:10CC000006460D460093104603AB044A05940721DF
:10CC1000CDE9036511F0F6FC06B070BDEDCF020062
:10CC200030B50A4691B0897953790391117902930D
:10CC3000D378094D094C01910093937852780128DB
:10CC40000CBF2946214604A818F0C2F804A90448DC
:10CC500008F02EF811B030BDA0970400D097040062
:10CC6000A08600202DE9F043D1B00B78032B04AF50
:10CC70000D460446904668D95A08022A5ED14F4AAA
:10CC80004F49504BDFF84891012818BF1146002248
:10CC9000381D08F0E5F94B4907F1680008F016F96E
:10CCA00007F1CC0611E00246414607F1680008F0A2
:10CCB000FFF908F1380229464846FEF7D7FC04463A
:10CCC00078BB07F1680008F069FA0022391D304688
:10CCD00008F096FA07F1D0000DC8D7F8DC10D7F8A5
:10CCE000E4407B67D7F8E83097F8E0C0F8663A6729
:10CCF000B967412207F1EC0107F18800C7E9204339
:10CD000087F87CC017F0AEF907F1680008F072FAF6
:10CD1000044607F1680044B108F078F85028D0D1F3
:10CD2000C1E707F1680008F039FA381D08F036FA53
:10CD3000204607F59A77BD46BDE8F08300242046DB
:10CD400007F59A77BD46BDE8F083E9468CB089794E
:10CD5000AB786A78039169790291297901911A4E29
:10CD60001A49E878009004AD012C08BF31462846E6
:10CD700007F1CC0618F02CF81249304608F0A6F856
:10CD800029463046002208F04FF9044650B90024E5
:10CD9000304608F003FA2046CD4607F59A77BD469F
:10CDA000BDE8F083304608F031F8021EEFDD92B2A4
:10CDB0004146304608F07CF9EAE700BF8C97040052
:10CDC00078970400A0860020A0970400D097040064
:10CDD00020680020F0B5ADB095799378344E1446B4
:10CDE000527803956579029594F804C0CDF804C093
:10CDF000304DE478009404AF0C4601280CBF314656
:10CE0000294607F10C0017F0E3FF2B4B07F10C014B
:10CE100007F13C00002208F023F907F13C0008F07C
:10CE2000E9F940B9002407F13C0008F0B7F92046C1
:10CE3000A437BD46F0BD07F13C0007F0E7FF051E33
:10CE400008DD07F13C0008F071F9291807F13C00F2
:10CE500008F04EF907F13C0007F0D8FF051E08DD89
:10CE600007F13C0008F062F9291807F13C0008F0CE
:10CE70003FF907F13C0007F0C9FF0028D2DDC31DD0
:10CE800023F007036D46ADEB030D82B204A907F151
:10CE90003C00C7E9001208F00BF92046D7E9001260
:10CEA0000323FFF76BFEB0FA80F46409AD46BAE7DE
:10CEB000A0970400D0970400A0860020F0B5B5B07C
:10CEC00092F84E5092F84A30434E144692F8492058
:10CED000039594F84D50029594F84C50019594F8B0
:10CEE0004B5000950D463D4904AF012818BF31460F
:10CEF00007F12C0017F06CFF394807F12C0107F0FF
:10CF000063FE6E4600284AD1354B07F12C0107F12C
:10CF10005C00012208F0A4F807F15C0008F06AF94F
:10CF200018B9C437B546BD46F0BD502107F15C00C5
:10CF300007F09AFF5022214607F15C0007F0D2FE6D
:10CF40000023294627487B61C7E90333C7E9063335
:10CF5000C7E90833BB62FFF731FD07F10C0120225E
:10CF6000FDF76CFE3B7B03B307F10C0017F0F6FFF7
:10CF7000013082B2C1B207F15C007A6007F074FF41
:10CF80007A6807F10C0107F15C0007F0ABFE07F1CE
:10CF90005C0008F003F9C437B546BD46F0BD07F1A3
:10CFA0002C010F4807F084FEAEE794F8491094F87E
:10CFB0004D3094F84E20039194F84A10029194F861
:10CFC0004B10019194F84C10009107F10C000649A8
:10CFD00017F0FEFEC8E700BFD0970400A09704003A
:10CFE000A086002000680020009804002DE9F0438E
:10CFF000ADB00C4604AF002103230646154620467B
:10D0000007F10A027981FFF7BBFD7B89E84623B966
:10D01000A437C546BD46BDE8F0830733DB08A8EB5F
:10D02000C3039D460DF11009204607F10A02494647
:10D030000323FFF7A5FD04460028E9D1A979AB78C1
:10D040006A78039169790291297901913D483E49B5
:10D05000ED780095012E08BF014607F10C0017F08E
:10D06000B7FE3A4B07F10C0107F13C00012207F033
:10D07000F7FF07F13C0008F0BDF80028C8D02146B2
:10D0800007F13C0008F034F807F13C0007F0BEFE61
:10D09000041E08DD07F13C0008F048F8211807F1EC
:10D0A0003C0008F025F807F13C0007F0AFFE041E35
:10D0B00008DD07F13C0008F039F8211807F13C00C1
:10D0C00008F016F807F13C0007F0A0FE7C8980B25A
:10D0D000A04213D0E1B207F13C0007F0C5FE2246A2
:10D0E000494607F13C0007F0FDFD07F13C0008F060
:10D0F00055F8A437C546BD46BDE8F083E31D6D462F
:10D10000DB08A5EBC3039D4604A9224607F13C00BA
:10D11000796007F0CDFF79687A89484616F094FF68
:10D1200008B9AD46E1E707F13C0008F01BF87B8940
:10D13000DB43191807F13C0007F0DAFFAD467C89A4
:10D14000C8E700BFA0970400D0970400A086002085
:10D1500038B590F8E8500DB1284638BD012380F865
:10D16000E830044613F09CFA0028F5D12046BDE8CB
:10D17000384000F0ADB800BF10B5044C204600F0B8
:10D18000A3F8002384F8E83010BD00BF8C6F0020A6
:10D1900003680A689A4201D00020704770B50446BF
:10D1A00084B04FF453700D460EF050F90646B0B1FE
:10D1B0000C4800F0ABF823460435002153F8042B4B
:10D1C0000095CDE90161084913F004F904463046A1
:10D1D0000EF056F9B4FA84F0400904B070BD002096
:10D1E00004B070BD8C6F0020B1F10300F0B585B0C4
:10D1F00006464FF453700D46174603930EF026F97A
:10D2000078B1044600903A46281D311D03AB13F057
:10D210005FF9054620460EF033F915B9039805B0BD
:10D22000F0BD002005B0F0BD00220260704700BFD5
:10D2300010B50446084613F0BDF92060003818BF49
:10D24000012010BD00220260704700BF10B50446E7
:10D25000084613F0AFF92060003818BF012010BD58
:10D2600000230360704700BF00B583B00430019213
:10D2700001AB0A46042113F027F818B9019803B04E
:10D280005DF804FB002003B05DF804FBF0B5044634
:10D2900083B04FF463700E4617460EF0D7F805467C
:10D2A00078B1019054F8040B00943A4631460123BA
:10D2B00012F046FF044628460EF0E2F8B4FA84F075
:10D2C000400903B0F0BD00BF002280F8E4207047A1
:10D2D00070B590F8E4400CB1204670BD012380F891
:10D2E000E43005464FF4BF500EF0B0F80646002873
:10D2F000F2D03146284612F047F90446B4FA84F4D5
:10D30000304664090EF0BCF8204670BD704700BF7F
:10D310000146014800F0FCBA9870002038B5064B71
:10D320001D783DB100242046013400F069FEE0B2D2
:10D330008542F9D838BD00BF94700020007EFF28D8
:10D340000AD010B500F0F6FD044608B1204610BD25
:10D3500011F078F8204610BD00207047007EFF28AD
:10D360000ED000B583B00DF1070100F03FFE20B1F3
:10D370009DF8070003B05DF804FB4FF0FF30F9E7BC
:10D380004FF0FF30704700BF007EFF280FD000B580
:10D3900083B001220DF1070100F0D8FD20B19DF806
:10D3A000070003B05DF804FB4FF0FF30F9E74FF0E2
:10D3B000FF307047007EFF2801D000F021BE70478B
:10D3C000007EFF2801D000F089BE0020704700BF1A
:10D3D000F8B50646007EFF281CD017465AB10D4608
:10D3E000144600F083FD2946224680B1307E00F0CD
:10D3F00051FE241A01D13846F8BD054411F022F837
:10D40000307E00F073FD294622460028EED13F1BF6
:10D410003846F1E70020F8BD002A00F093802DE99E
:10D42000F041494991F81C7191F81D6191F81E81F4
:10D4300092B01D46B81C08F101031446B21C81F8D5
:10D440001C0181F81D2181F81E3101A84222002112
:10D4500016F030FE412D71D97B1CDBB28DF81E30E9
:10D460008DF827308DF8313040F608320223ADF8C0
:10D4700004208DF807308DF812308DF833308DF898
:10D480003B3040F2022240F20943ADF80820ADF8EB
:10D490000C3040F201224FF4A063ADF81020ADF83B
:10D4A00014302422294B8DF81620069301220423E0
:10D4B0008DF81C208DF81F308DF83030244D0895E4
:10D4C00040F2075340F22462ADF82420ADF8283032
:10D4D000ADF838300325082340F601128DF82B50A3
:10D4E0008DF82C30ADF82E2020460A25741C4023E0
:10D4F00007228DF834508DF83C308DF83F2044F2EF
:10D50000020301A966F07F0664F07F04052542222C
:10D510008DF806708DF80E708DF826708DF83A80B3
:10D520008DF82A608DF840508DF84140ADF84230BA
:10D5300016F098FD422012B0BDE8F081002012B034
:10D54000BDE8F0814220704798700020200105243A
:10D550002402060570B50368184A5B6882B09342DE
:10D560008DF8071021D10546007EFF2823D000F05A
:10D57000BDFC0DF1070601243146224688B1287E04
:10D5800000F088FD241A02D1012002B070BD0644CB
:10D5900010F058FF287E00F0A9FC314622460028F2
:10D5A000EDD1C4F1010002B070BD01220DF10701FF
:10D5B000984702B070BD002002B070BDD1D3020008
:10D5C000002A00F093802DE9F041494991F81C713F
:10D5D00091F81D6191F81E8192B01D46B81C08F1AA
:10D5E00001031446B21C81F81C0181F81D2181F849
:10D5F0001E3101A84222002116F05CFD412D71D997
:10D600007B1CDBB28DF81E308DF827308DF8313061
:10D6100040F608320223ADF804208DF807308DF86B
:10D6200012308DF833308DF83B3040F2022240F258
:10D630000943ADF80820ADF80C3040F201224FF458
:10D64000A063ADF81020ADF814302422294B8DF8DA
:10D6500016200693012204238DF81C208DF81F301C
:10D660008DF83030244D089540F2075340F2246283
:10D67000ADF82420ADF82830ADF838300325082364
:10D6800040F601128DF82B508DF82C30ADF82E207D
:10D6900020460A25741C402307228DF834508DF84B
:10D6A0003C308DF83F2044F2020301A966F07F066A
:10D6B00064F07F04052542228DF806708DF80E7007
:10D6C0008DF826708DF83A808DF82A608DF84050DC
:10D6D0008DF84140ADF8423016F0C4FC422012B043
:10D6E000BDE8F081002012B0BDE8F0814220704713
:10D6F000987000202001052424020605037EFF2BDC
:10D7000002D1074B1A7802B170470649027641618F
:10D71000012200F1100104481A7000F0DBB800BFCC
:10D72000947000202098040098700020007EFF284C
:10D730000ED000B583B000F0D9FB10B103B05DF896
:10D7400004FB019010F07EFE019803B05DF804FB2D
:10D750000020704701B900B1704700B583B0694639
:10D7600000F0DAFB009BB3F5966F02D003B05DF8D2
:10D7700004FB00F05DFBF9E730B4084B084AFF20DA
:10D7800002F108054FF47A740021303218761D60DA
:10D790009C601A6130BC59605961704778700020F4
:10D7A000309804000378002B00F09280F0B5054615
:10D7B000002004462E4603E001342B5D2E19C3B130
:10D7C00003F14002D2B2012AF6D9F42BF4D81A069A
:10D7D00010D40122A3F55846B6F5006FECD31444DB
:10D7E000202806D021F810302B5D01302E19002B97
:10D7F000E6D1F0BD03F0E002C02A52D003F0F002FF
:10D80000E02A61D003F0F802F02AD5D103F0070333
:10D810000427727802F0C00CBCF1800FCCD196F8CE
:10D8200002C00CF0C00E02F03F02BEF1800F42EACF
:10D830008313C1D10CF03F0C032F4CEA83132AD081
:10D84000F27802F0C006802EB6D102F03F0242EA22
:10D850008313A3F58032B2F5801F38BF0427ABD203
:10D86000A3F55842B2F5006FA6D3B3F5803F3C4410
:10D87000B6D31E28BDDCA3F5803342009E0A0A44BD
:10D88000C3F30903A6F52056A3F5105321F8106041
:10D890005380023091E7A3F50062B2F5784FDFD3F1
:10D8A0008AE7727802F0C006802E03F01F0383D14E
:10D8B00002F03F0242EA8313A3F18002B2F5F06F57
:10D8C000BFF47AAF022285E703F00F030327A0E736
:10D8D0001846704770B504460E68B4F81821B4F8BD
:10D8E0001A31656936689B1A08469BB294F81C1178
:10D8F0002A44B04758B1B4F81831626903449BB266
:10D90000A4F81831538094F81C311371012070BDB4
:10D910002DE9F043264DDFF8A890AC460446884632
:10D92000BCE80F0089B003AF0FC703AE0FCE05F1FF
:10D93000140E25460FC59EE80700DCF800303B803A
:10D940006B4636682E8003C36B4603CB012504F17A
:10D9500018034FF480766361A061E16184F82020B0
:10D9600004F59870C4F818912022A4F81C610021D5
:10D9700084F81E5116F09EFB0E4E0F48A57104222E
:10D9800040F2EF2340F209470021C4E94A0184F83C
:10D990005021A3804FF4E131C4E948760748FFF7EE
:10D9A000ADFE404600F032FA284609B0BDE8F083EB
:10D9B00080980400649804002C970400787000207C
:10D9C000090000012DE9F047D0F82C0188B00E467F
:10D9D00030B10231FFF7E6FEC0B208B0BDE8F08713
:10D9E000684600F027FA8646F8B1431E06F104099E
:10D9F000DBB2114DE84609EB830904AC95E80F0052
:10DA000018F8017B84E80F0007F00F0C0DF1200AD5
:10DA1000D4440AEB17171CF810CC17F8103CA6F8E2
:10DA200004C073800436B145E8D14FEA4E00C0B25D
:10DA300008B0BDE8F08700BF6C980400004870474C
:10DA400098700020014B5869704700BF9870002003
:10DA500010B5B0B103281CD0154C94F85031834256
:10DA600023D9483004F5AA7154F82000FFF79AFE34
:10DA7000C3B201335B0043F440730E48A4F8523143
:10DA800010BD0B4CD4F82031A4F854314FF441733D
:10DA9000F3E70849A1F5A9742046FFF793FF431C5B
:10DAA0005B0043F440739BB2E7E7002010BD00BF6A
:10DAB00098700020EA71002010B5134C236882B0E2
:10DAC00003B3186851B906F053F8236893F90400BA
:10DAD000012102B0BDE8104010F0E6BF0B4B0093EF
:10DAE0004FF48073ADF8043002AB13E9060005F083
:10DAF000DDFF236893F90400002102B0BDE8104067
:10DB000010F0D2BF02B010BD2C72002080BA8C0180
:10DB10000448006828B108B5006806F04DF80120F7
:10DB200008BD70472C720020084B1B6863B119B107
:10DB3000074B40221A607047054B4022C3F88020F3
:10DB4000BFF34F8FBFF36F8F704700BF2C72002061
:10DB500000E100E0024B53F8200000B1C0687047BC
:10DB60003072002030B4094CBDF8085054F8204001
:10DB700044B1246934B10846A44611461A462B46DE
:10DB800030BC6047002030BC704700BF30720020BE
:10DB900030B4084CBDF8085054F8204044B16469D2
:10DBA00034B10846A44611461A462B4630BC60479D
:10DBB00030BC704730720020024B186808B190F8F2
:10DBC00060007047387200202DE9F843234C256827
:10DBD000002D40D01E462C2303FB00530446D3F8EF
:10DBE000209088461746B9F1000F30D0484617F00C
:10DBF000B5F90828024628BF08222C2000FB04544F
:10DC0000D4E90954DFF85CC0154B002D08BF654608
:10DC100049464046002C08BF1C4616F023FA284609
:10DC200017F09CF910280246294628BF10223846D2
:10DC300016F018FA204617F091F9042802462146FA
:10DC4000304628BF0422BDE8F84316F00BBADFF8CF
:10DC500018900822D1E7BDE8F88300BF3872002091
:10DC6000BC980400AC980400A098040070B5104E55
:10DC70003368CBB12C2404FB0034054662691AB129
:10DC80009047336884F832002C2202FB053393F866
:10DC900032400CB1204670BD284623463A2202216C
:10DCA00001F080F8204670BD1C46204670BD00BFC4
:10DCB00038720020074B1B6853B110B42C2404FBAE
:10DCC0000030C46A038E0C605DF8044B138070470B
:10DCD000704700BF3872002008B5202200230521BC
:10DCE00001F060F84FF0FF3008BD00BF30B4084CC1
:10DCF000256855B10446084611461A462C2303FBF5
:10DD00000454E3690BB130BC1847012030BC7047A4
:10DD10003872002030B4094C029A25684DB104468F
:10DD2000084619462C2303FB0454A3680BB130BCEE
:10DD300018474FF0FF3030BC704700BF38720020EA
:10DD400030B4094C029A25684DB10446084619467C
:10DD50002C2303FB0454E3680BB130BC18474FF08D
:10DD6000FF3030BC704700BF38720020044B1B6886
:10DD70002BB12C2202FB0030036903B11847704716
:10DD800038720020054B1B682BB12C2202FB00309F
:10DD9000836903B118470120704700BF3872002023
:10DDA00005F064BA00B5154B83B0402283F82723F1
:10DDB00001A901230020ADF8043002F071FF4FF0FB
:10DDC00080430024D3F838548DF8004068460FF0A3
:10DDD00003FF0B4B019301A80FF04EFF0FF058FF0C
:10DDE000EB0707D400214FF0FF3002F0E9FFFFF707
:10DDF00095FAF7E7204605F039FAF3E700E100E08D
:10DE0000A1DD0200002004F097BE00BF00B5002392
:10DE100083B00322CDE9002303490448C8220EF051
:10DE200021FB03B05DF804FBC0980400A5DD0200EF
:10DE300010F0A4BC4FF08052536E1BBA0360136EF7
:10DE40001BBA43600820704700487047C898040018
:10DE500070B51E4D2B6883B1012913D11478C4F31A
:10DE60004114012C0BD0022C07D15478012C0BD07B
:10DE7000022C07D19388072B20D0002070BD517849
:10DE800022290BD0012070BD9C69002CF5D023788D
:10DE900011462246BDE8704003F0A0BE518800390B
:10DEA00018BF01215975114603F07EFE2A68D36917
:10DEB000002BE7D0507D9847204670BD044C11469A
:10DEC00023892246BDE8704003F088BE3C720020E2
:10DED00018600020704700BF704700BF704700BF48
:10DEE000704700BF704700BF704700BF10B50446C1
:10DEF00002F0BEFE08B9002010BD02F0C1FE0028ED
:10DF0000F9D104484FF4367303FB0400407900F064
:10DF1000010010BDC0720020054B4FF4367202FBA9
:10DF20000033986808609A899B7B8B718A80704760
:10DF3000C072002008B5044B4FF4367202FB00306B
:10DF4000103002F077FC08BDC07200202DE9F047C8
:10DF50004FF4367404FB00F4DFF88C804FF6FF7347
:10DF6000064604F110054FF6FE70824288BF1A463D
:10DF7000454492B2284602F089FC074602F078FE3A
:10DF800010B93846BDE8F08702F07AFE82460028D4
:10DF9000F7D108EB040999F80330002BF1D028469B
:10DFA00002F062FC3F28ECD999F8031018F804003D
:10DFB00003F048FD0028E4D0284602F055FC3F2835
:10DFC00009D9084A99F80310504602EBC6124023BB
:10DFD00003F058FDD5E799F8031018F8040003F092
:10DFE00041FDCEE740720020C0720020034B4FF489
:10DFF000367202FB0030103002F0B6BCC072002056
:10E000002DE9F041064602F033FE10B90020BDE8CC
:10E01000F08102F035FE0028F8D14FF436751A4F22
:10E0200005FB06F505F124043C44204602F002FC01
:10E030000028EBD007EB0508785D98F8021003F094
:10E0400001FD0028E2D01149402202EBC6160E4421
:10E050002046314602F01AFC044668B198F80210D6
:10E06000785D3246234603F00DFD50B9084B1B681E
:10E07000DB07CBD500BECAE798F80210785D03F045
:10E08000F1FC2046C3E700BFC072002040720020B0
:10E09000F0ED00E038B5104B4FF4367404FB00345B
:10E0A00005464FF6FF734FF6FE70824288BF1A4650
:10E0B000243492B2204602F091FC034620461C46CE
:10E0C00002F0B8FB3F2801D8204638BD2846FFF7AC
:10E0D00097FF204638BD00BFC072002008B5044B32
:10E0E0004FF4367202FB0030243002F0BDFB08BD55
:10E0F000C072002070B5214C82B000214FF43672FE
:10E1000020460E4615F0D6FFFF234FF4E1320825D6
:10E1100004F13801A371A26001234FF480720096CC
:10E1200004F11000A573A68102F04CFB144B1B7880
:10E13000C3F38003009304F59C7101234FF48072B4
:10E1400004F1240002F03EFB04F50E7101200DF0F5
:10E1500023FC04F52271054601200DF01DFC05B1DC
:10E1600030B9084B1B68DB0700D500BE02B070BD9C
:10E17000C4E90765C4E90C0602B070BDC072002096
:10E18000CC600020F0ED00E038B5094C206A256B2A
:10E1900020B10DF0C9FF0023C4E907332DB1284693
:10E1A0000DF0C2FF0023C4E90C33012038BD00BFCD
:10E1B000C072002010B50E4C0E4823780022026079
:10E1C0008280DA0709D59B070DD521780A48BDE87A
:10E1D0001040C1F3800102F0C3BC103002F0A0FC7B
:10E1E00023789B07F1D4044802F09AFCEDE700BFC6
:10E1F000CC600020C0720020E47200202DE9F041C4
:10E200004B79022B82B002D18B79022B04D00025EE
:10E21000284602B0BDE8F081384FBB782BB1384BAF
:10E220001B68DB07F3D500BEF1E78B787B70387095
:10E230000C780C440646617824294FF009050BD16F
:10E24000082A02D80FE0AA420DD323781C442B449D
:10E25000617824299DB2F6D0052927D0042902D15E
:10E2600063790A2B30D002F003FD0028D0D002F0F1
:10E2700007FD04460028CBD1FB78002BC8D02148ED
:10E2800002F0F2FA3F28C3D9F978387803F0DAFBC4
:10E290000028BDD01B4802F0E7FA3F28F97828D9BA
:10E2A000194A2046402303F0EDFBB1E721463046F2
:10E2B00003F0A4FB0028B2D0A3783B7123781C4460
:10E2C0002B4461789DB2C9E7104A94F8008001920E
:10E2D000022301320092304604EB08011A4603F093
:10E2E000FBFA00289BD005F10E0318FA83F39DB2C8
:10E2F000B9E7387803F0B6FB8AE700BFC0720020A8
:10E30000F0ED00E0D072002040720020C2720020C8
:10E31000137803F06003202B09D130B5294C938882
:10E3200065789D4283B004D0002003B030BD00204A
:10E3300070475378203B032BF6D8DFE803F02D28F5
:10E340000C02012932D0032923D100205188FFF784
:10E35000CBFD0120E9E7012928D0032919D11A4B67
:10E3600052881978627111F0040102F0010418BF9B
:10E3700084F00101C2F340021448019202F0F0FB64
:10E380000020019A2146FFF7E5F90120CDE7012998
:10E3900011D0012003B030BD01290CD00329F8D1E0
:10E3A00000200B49FFF79EFD0120BEE7114603F058
:10E3B000FBFB0120B9E711460723054A03F00EFCD9
:10E3C0000120B2E7C0720020CC600020E47200207F
:10E3D000C87200202DE9F047624DEA788A420C4667
:10E3E00080461F4645D0AB788B4222D10020FFF7F4
:10E3F00075FD02F03DFC002862D15B4802F01AFA7C
:10E4000000282DD1002F2BD017F03F0728D1A97855
:10E41000404603F017FB18B3A97840463B463A46FE
:10E4200003F030FBE0B9514B1B68DA071ED500BE84
:10E4300008E02B798B4213D04C4B1B68DB0715D5BA
:10E4400000BE0020BDE8F087494802F003FA00282A
:10E450007BD002F00DFC002857D1AB789C42C5D090
:10E460002B79A34226D00120BDE8F0870020BDE82B
:10E47000F087404E9AB2314605F1100002F0AEFA34
:10E48000AB79FF2BE0D0002FDED006EB070A05F1B9
:10E49000100902E0B245D7D0AB7916F8012B9A42A9
:10E4A000F8D1484602F0D6F90028F3D1A979FFF750
:10E4B00013FDEFE70020FFF713FD0120BDE8F08713
:10E4C00002F0DEFB002898D1274802F0B3F90028BB
:10E4D00093D0A978287803F0B5FA00288DD0264982
:10E4E0002148402202F0D2F90346002830D0224AC7
:10E4F000A978287803F0C6FA0028B1D11B4B1B6815
:10E50000D9077FF57AAF00BE77E702F0B9FB064680
:10E510000028A2D1EB78002B9FD0154802F0A4F977
:10E520003F289AD9E978287803F08CFA002894D00B
:10E530000F4802F099F93F280FD940230D4AE97896
:10E54000304603F09FFAAB7888E7FFF7C3FC80E71B
:10E55000A978287803F086FA4FE7E978287803F05D
:10E5600081FA7AE7C0720020E4720020F0ED00E04A
:10E57000D07200204072002080720020704700BFDF
:10E5800001207047704700BF704700BF044B002256
:10E59000C3E90022C3E90222C3E90422704700BF95
:10E5A0001877002001207047044B0022C3E90022A5
:10E5B000C3E90222C3E90422704700BF1877002094
:10E5C0002DE9F0414B79032B82B012D10646087930
:10E5D000C0EBC0051235ADB295420C4605D8254FAB
:10E5E0007A78002A42D07A7B52B1234B1B68DA0733
:10E5F00004D40025284602B0BDE8F08100BEF8E74B
:10E600000C374FF4A0782278A31859782129ECD13F
:10E61000BB60A15C07F1010E07F1020C1944024630
:10E62000CDE900CE0323304603F056F90028DCD0B4
:10E63000A379B978012B04BFE379FB700123BB7187
:10E64000A278BB683A70B3F80730BB800029D1D0FC
:10E650000A4A30464244402303F014FA0028C9D144
:10E66000054B1B68DB07C5D500BEC3E74FF080082C
:10E67000C9E700BF18770020F0ED00E09875002092
:10E68000137803F01F0CBCF1010F13D12DE9F041F9
:10E690000C468549978815460A78FFB2BA4282B07F
:10E6A000064609D00A7BBA4200F0CF80002002B0B3
:10E6B000BDE8F081002070470027B846BC4607201F
:10E6C000062213F0600306D1012C00F0A280012085
:10E6D00002B0BDE8F081202BE8D16B78013B0A2B1A
:10E6E000E4D80FF2080E5EF823F000BFC3E7020083
:10E6F000BBE70200A7E70200ADE60200ADE60200BC
:10E70000ADE60200ADE60200ADE6020067E70200FA
:10E710003DE7020019E70200012C1ED0032CD6D1E0
:10E720004FEA48036A88434401EB8303D2B2604650
:10E7300011469A71FFF722FF0120B8E7012CC6D1DC
:10E740004FEA48036A88434401EB8303110A604699
:10E75000D971FFF715FF0028A8D02946304603F0ED
:10E7600023FA0120A3E7012C00F08680032CAED110
:10E77000EC8869884D4B402C4FEA1122204628BF77
:10E78000402011F0FF013B4407D0012C05D91C7833
:10E790008C4202D1013880B2013300906046FFF70D
:10E7A000F7F9012083E7012C91D10A44294630462C
:10E7B000234603F013FA204679E7012C87D10A1883
:10E7C000F4E7012C83D1B5F806E06B883749704631
:10E7D00040280F4428BF402013F0FF014FEA1322C6
:10E7E0003B465CD0BEF1010F5BD9013803F8011B39
:10E7F00080B200906046FFF7B5F923189BB2002B5A
:10E8000046D12B4A1268D2077FF550AF00BE18469A
:10E810004DE76B78062B7FF449AF6B881B0A212BE1
:10E8200018D0222B7FF442AF6046FFF793F91E49C0
:10E830004FEA4803434401EB830302469B88294681
:10E84000304603F0CBF9204631E7C02713201222CF
:10E85000E04636E74FEA4803984401EB8808D8F8C9
:10E860000820002A3FF422AF13782946304602B030
:10E87000BDE8F04103F0B2B9EB88402B3FF616AF8C
:10E880000A4A294630463A4403F0A8F920460EE7E2
:10E890003A462946304603F0A1F9012007E70C4625
:10E8A000A7E70024A5E700BF18770020987500208F
:10E8B000F0ED00E0F0B5304EB4788C4283B0054600
:10E8C00011D0707888422DD0B07B884247D0707BC1
:10E8D00088424CD0294B1B68DA0702D4002003B0D1
:10E8E000F0BD00BEFAE7777880244FF0400C00209E
:10E8F000B9421AD012BB22499BB20C440093114674
:10E9000023460222FFF744F9B178224628464023E5
:10E9100003F0B8F80028E2D1184B1B68DB07DDD5FF
:10E9200000BEDCE74FF0400C00207AB914499AB2DF
:10E930006144FFF727FE012003B0F0BD104A1444E4
:10E940009BB222460221FFF71FFEDDE70C4A9BB275
:10E9500062440121FFF718FE012003B0F0BD777B70
:10E960004FF4A0740C364FF4807C0120C0E74FF4C4
:10E97000807C0120D9E700BF18770020F0ED00E08F
:10E9800098750020704700BF70B51A4C82B0002106
:10E990000D464FF4EC72204615F08CFB04F1380163
:10E9A0000123802204F11000009501F00BFF04F117
:10E9B000B80101238022009504F1240001F002FF38
:10E9C00004F59C7101200CF0E7FF04F5C4710646C4
:10E9D00001200CF0E1FF30B9074B1B68DB0700D5C5
:10E9E00000BE02B070BDC4E90756C4E90C0502B010
:10E9F00070BD00BFB0770020F0ED00E038B5094CE5
:10EA0000206A256B20B10DF08FFB0023C4E907338A
:10EA10002DB128460DF088FB0023C4E90C330120FA
:10EA200038BD00BFB077002010B5084C002304F1BA
:10EA30001000C4E90033C4E9023302F071F804F1B4
:10EA40002400BDE8104002F06BB800BFB077002092
:10EA50002DE9F0474B79012B03D000242046BDE877
:10EA6000F0878B79012B0D468046924618D0497865
:10EA70000429F2D10024032BEFD1E8790028ECD14E
:10EA8000DFF8F09099F8011099F8023051EA030785
:10EA900022D0354B1B68DB07DFD500BE0446DDE71F
:10EAA000CB79002BD9D10B781D449CB269782429ED
:10EAB0000BD1944202D9D0E7A245CED32B781D4486
:10EAC0002344697824299CB2F6D00429C5D16B79F6
:10EAD000012BC2D1AB79CEE7AB7889F800302E7824
:10EAE00028793444A4B22E4430B920E033788742E8
:10EAF0001C44A4B21E441AD2A24518D37378052B25
:10EB0000F4D13146404602F079FF0028C1D0B378F5
:10EB10002879DA0914BF89F8013089F8023096F8AB
:10EB200000C07B1C6444DFB2A4B26644DEE70F4839
:10EB300001F09AFE3F2891D999F80210002002F0C6
:10EB400081FF00288AD0094801F08EFE3F2899F8FD
:10EB5000021005D9064A4023002002F093FF7DE70A
:10EB6000002002F07FFF79E7F0ED00E0C0770020A1
:10EB700070770020B077002000207047F8B53C4D3A
:10EB8000AC788C421E4625D13A499AB205F1100064
:10EB900001F024FF0020FFF7F5FE05F1100001F061
:10EBA00063FE3F2802D801242046F8BDA978002042
:10EBB00002F048FF04460028F5D005F1100001F0EE
:10EBC00053FE3F28A9784AD92A4A4023002002F060
:10EBD00059FFE9E76B788B4208D0274B1C6814F08B
:10EBE0000104E1D000BE00242046F8BD074605F12F
:10EBF000240001F01FFEB8B9204801F01BFE0028D8
:10EC0000D1D1002ECFD016F03F06CCD1697838464E
:10EC100002F018FF04460028C5D06978384633460C
:10EC2000324602F02FFFBFE76978002002F00AFFAA
:10EC30000028E1D01249402205F1240001F026FE0F
:10EC4000034680B10E4A6978002002F01BFF0028BD
:10EC5000A9D1094B1B68DB07CED500BECCE700204D
:10EC600002F000FFA0E7697802F0FCFEC4E700BFF5
:10EC7000B077002070770020F0ED00E0D47700201E
:10EC80003077002038B5184CE57F94F82E102846D0
:10EC900002F056FFC8B9A368626B934202D9217B88
:10ECA000C9091AD19B1A114AA3620FCA104D07C590
:10ECB0002A4694F82E1002F80C390325E07F84F8D8
:10ECC00038500D2302F0DEFE08B1012038BD094B9B
:10ECD0001B68DB07FAD500BE38BD284694F82E1015
:10ECE00002F010FF0120F1E7887B0020A87B0020C4
:10ECF00088790020F0ED00E010B5214A011ED47F94
:10ED000084B004DC4B1C22D081B104B010BD8BB2A6
:10ED1000204692F82E101B4A02F0B4FE0028F4D1CF
:10ED2000194B1B68DA07F0D500BEEEE792F82E30DB
:10ED30008DF8083001A807238DF8044003918DF861
:10ED400009108DF8053002F05BFC04B010BD91682D
:10ED5000536B0E489063CB1A0120936282F82C000B
:10ED60000029D2D0002BD0D0137BDB0914BF92F83E
:10ED70002E1092F82F10204602F0C4FEC5E700BF07
:10ED8000887B002088790020F0ED00E002023A0044
:10ED900000207047704700BF704700BF01207047D8
:10EDA00012207047044880F8391080F83A2080F823
:10EDB0003B300120704700BF887B00200248402282
:10EDC000002115F077B900BF887B0020024840225F
:10EDD000002115F06FB900BF887B002030B54C7959
:10EDE000082C83B002D18C79062C02D0002003B00D
:10EDF00030BDCC79502CF9D1162A05D8184B1B6898
:10EE0000D907F3D500BEF1E7164C8A7884F82D2097
:10EE1000E0770B7804F12F0204F12E051944022348
:10EE2000CDE900251A4602F057FD28B90C4B1B68A6
:10EE3000DA07DBD500BEDAE700250B4A94F82F107D
:10EE4000E07F84F838501F2302F01CFE08B1172021
:10EE5000CDE7034B1B68DB07F9D500BE1720C6E7DB
:10EE6000F0ED00E0887B002088790020012901D0A6
:10EE70000120704770B5137803F07F01022984B038
:10EE8000054610D003F06003202B09D15378FE2BE8
:10EE900027D0FF2B04D1538813B9D388002B38D047
:10EEA000002004B070BD5478012CEBD15388002BA6
:10EEB000F6D1374E938896F83820042AD9B24FD02D
:10EEC00096F82E408C422DD096F82F408C4205D1DA
:10EED00022B9214602F008FE002845D0012004B0E6
:10EEE00070BD5388002BDBD1D488012CD8D101927E
:10EEF000FEF762FE0028D3D0019A461E114628462E
:10EF000023460DF10F028DF80F6002F067FE2046D8
:10EF1000C7E71F4C1146C4E90C332846A36302F02F
:10EF200043FEDBE7022AD9D1726BB368194D9B1AF5
:10EF3000B36206F120030FCB07C52A46F07F02F823
:10EF40000C39032386F8383021460D2302F09AFD50
:10EF50000028C3D1104B1B68DB07A1D500BEA0E77A
:10EF600002F0D0FD20469CE72146284602F0E8FD4D
:10EF70000028B3D10024074A96F82F10F07F86F8B6
:10EF800038401F2302F07EFD0028A7D1E2E700BF32
:10EF9000887B002088790020F0ED00E02DE9F04327
:10EFA000B34C94F83850012D8BB01E467BD0032D06
:10EFB0000F4658D035B1022D00F08B8001200BB0E8
:10EFC000BDE8F08394F82F308B42F7D11F2E804696
:10EFD00040F09380DFF8A492A64BD9F800209A4223
:10EFE00040F08B80CC46BCE80F0026460FC69CE85C
:10EFF0000F0007C626F8023B1B0C3370D4E9010250
:10F00000E37B9D4EA5620121282B84F82C5065637B
:10F0100060622263266284F8381000F0AB802A2BED
:10F0200000F09182002A00F05981217BC90940F04B
:10F030005581B2F5007F40F2128394F83930A26214
:10F0400001210222E07F84F82C1084F8382023B9B3
:10F050000522202384F839206387394602F052FDC7
:10F0600094F83850A7E794F82E308B42A6D10D2E95
:10F07000A4D1E37B282B00F05E822A2B00F05F8274
:10F08000607B04F10F01FFF787FE00257B4A94F8AF
:10F090002F10E07F84F838501F2302F0F3FCE8B112
:10F0A00094F8385087E7B3F5007F1DD8E37B282B11
:10F0B00032D02A2B00F09E80636B227B3344D2092E
:10F0C000636300F08B80226B9A427ED8022384F81F
:10F0D0003830FFF7D7FD00287FF470AF684B1B680E
:10F0E000DB0706D500BE6AE7654B1B68DE0700D567
:10F0F00000BE00200BB0BDE8F083042394F82E106E
:10F1000084F83830404602F0FDFC404694F82F1059
:10F1100002F0F8FC002052E7D4E90C233344934278
:10F120006363D3D2E28AA06852BA92B212B1B0FB42
:10F13000F2F292B2C01AD4F81110B3FBF2F5B0F5A6
:10F14000007F28BF4FF4007009BA02FB153200900F
:10F1500029444A4B607B012584F83C50FEF7DAFDD8
:10F16000851C9DD0002384F83C30FFF7C5FD94F842
:10F17000385020E7E18A49BA89B2002A00F082803B
:10F18000207BC50900F09380002900F01B828A4291
:10F19000C0F0A182282B00F06C82607BFEF7F2FDAC
:10F1A000002800F08A82A368656B344A94F82F1017
:10F1B000E07F5B1BB3F5007F28BF4FF400739BB269
:10F1C00002F060FC00287FF46BAF2D4B1B68DA0760
:10F1D0007FF566AF00BE94F83850ECE6238E274AE0
:10F1E000607B04F10F01FEF777FD0028C0F2C881B3
:10F1F000636B68E7E08A40BA80B218B1A368B3FBDA
:10F20000F0F080B2D4F81110676B1C4DB7FBF0F230
:10F2100009BA1144009600FB12722B46607B01274D
:10F2200084F83C70FEF78CFD811C3FF439AF00235D
:10F23000984284F83C30C0F2DB81864240F2F08193
:10F24000361A002840F0498294F82F50E27F8DF85A
:10F2500018500021072305A807968DF819108DF87E
:10F2600014208DF8153002F0CBF994F83850A2E64E
:10F27000887B0020555342435553425388790020E0
:10F28000F0ED00E000293FF421AF94F8392002238B
:10F29000002184F82C3084F83830A162002A7FF4F1
:10F2A00018AF0522202384F83920638711E794F8EA
:10F2B0003910E07FA262022384F82C3084F83830C1
:10F2C00000297FF4CAAE0522202384F83920638701
:10F2D000257BED09002D3FF4C0AE4AE1657B252B6F
:10F2E0003CD8DFE813F021013B003B00F3003B007A
:10F2F0003B003B003B003B003B003B003B003B0036
:10F300003B003B003B003B003B0026003B003B003A
:10F310003B003B003B003B003B008F00C3003B0039
:10F320003B009D003B003B003B003B00D0003B000E
:10F330006C0024220021B64814F0BCFEB54BC9F87D
:10F340000030B3491F234FF40072284689F8043077
:10F35000FFF71EFD002800F0CF8140DA94F8393025
:10F36000002B6CD1238EAA4AAB49607BFEF7B4FC1C
:10F37000002864DB98BBA368002B3FF4A7AE616B49
:10F3800094F83920E07F5B1A01250221A36284F8FA
:10F390002C5084F8381022B90521202284F8391025
:10F3A0006287002B3FF495AE237BDB0940F0E180C0
:10F3B00094F82F1002F0A6FB94F83850FBE528468D
:10F3C00004AA05A9FEF776FC059B83B3BDF81020BF
:10F3D0006AB3013B1BBA12BAC9E900320820A5681A
:10F3E000002D40F05B81636B94F839205B42012073
:10F3F0000221A36284F82C0084F83810002A7FF4DC
:10F4000068AE4EE72846FEF7BDFC80F00103DBB294
:10F41000DB0543F003030593C9F800300420DEE761
:10F42000227DE17C2846FFF7B9FC0028A3D194F89F
:10F43000393023B902223A2384F839206387A2683D
:10F44000636B94F83910E07F0125D31A84F82C50AF
:10F450000225A36284F8385021B90525202184F8BB
:10F4600039506187002A3FF434AE9AE7E17C2846A0
:10F47000C1F3400301F001020909FEF737FC00283F
:10F480007FF479AFD3E705AE00230DF10E022846D5
:10F4900004A973600593B360FEF70CFC049A002A7C
:10F4A000C5D0BDF80E30002BC1D012BA082106928B
:10F4B0005BBA0222ADF81E308DF817108DF81C20B3
:10F4C00096E8070089E807000C2088E7002794F8F1
:10F4D0003920608FADF82470CDE90577CDE9077745
:10F4E0004FF0000362F30303F0210A228DF8163077
:10F4F000ADF820008DF814108DF81B2005AE0FCE4E
:10F50000DFF80CC1ACE80F006146336821F8103910
:10F5100028464FF40072FFF743FC002884F8397046
:10F520006787BFF627AF1DE72846FEF79FFB002839
:10F530003FF47DAF1FE7607BFFF72CFCA5E5607B08
:10F54000FEF714FCA1E5E18A49BA89B2002A3FF42A
:10F5500099AE207BC5093FF417AE94F83910E07FCF
:10F56000A262022384F82C3084F8383000293FF45A
:10F57000AAAE94F82E1002F0C5FA94F838501AE5A5
:10F58000A268636B94F8396084F82C500220D11A79
:10F5900084F83800A162E07F26B90526202584F88A
:10F5A00039606587002A3FF48EAD00293FF48BADAA
:10F5B000237BDB0900F0978094F82E1002F0A2FA6A
:10F5C000636B80E5012194F8393084F82C10022116
:10F5D000E07FA26284F83810002B7FF47BAE052117
:10F5E000202384F839106387002A3FF472AD6FE658
:10F5F00001307FF455ADA268636B0849E07F84F861
:10F600002C70D31AA362A163002A3FF462ADC8E64E
:10F610008879002000800202977B002002023A00D5
:10F62000D4E90C23334493426363BFF44FAD607B52
:10F63000FEF7A8FB00285BD0626BA36894F82F103C
:10F64000E07F9B1AB3F5007F28BF4FF400732A4672
:10F650009BB202F017FA00287FF422ADB5E593B211
:10F6600039462A4A404602F00DFA00287FF418ADC8
:10F6700034E5B2F5007FD4F81110244B607B28BF2D
:10F680004FF40072009209BA0125002284F83C5020
:10F69000FEF740FB871C3FF403AD63E5854228BFBE
:10F6A00005461A4A94F82E102563ABB2404602F084
:10F6B000E9F900287FF4F4AC10E5A268636B144903
:10F6C000A163D31A0121E07FA36284F82C10002AE1
:10F6D0003FF4FFAC65E6022175E72918324628465B
:10F6E00014F0CEFCB0E594F82F1002F00BFA7FE591
:10F6F000A268636B064981E7064B2846A3F1100216
:10F70000A3F11801FEF760FA242068E6887900204A
:10F7100002072700A8790020704700BF704700BF8C
:10F7200070B5134C134E84B020464FF4AE720021D6
:10F7300014F0C0FC4025002304F58E72CDE901567B
:10F74000009219461A4604F1B000039504F012F82D
:10F750002E4404F170020023CDE90025CDE90265B5
:10F76000201D1946012204F005F804B070BD00BF49
:10F77000487C0020C87B002010B5054C04F1B00087
:10F7800004F022F8201D04F01FF8012010BD00BF76
:10F79000487C002038B5074C2046002500F8B85BAF
:10F7A00001F0BEF904F10C0001F0BAF984F8B1508F
:10F7B000657138BD487C00204B79FF2B01D00020BB
:10F7C00070472DE9F04FDFF810A10B780E46834605
:10F7D0009AF805109AF8B100B51850EA010283B002
:10F7E00006EB030403D0002003B0BDE8F08FB2782D
:10F7F0008AF80020A54217D9F25CA3189D4213D3C2
:10F800000AF1B8080AF1B0070AF10C096278042A73
:10F810000AD00B2A08D0052A0BD09D421C4603D9DA
:10F820001A7813449D42F1D2A01B80B203B0BDE808
:10F83000F08F2146584602F0E1F8002841D0A37825
:10F84000DB0905D19AF8B1300BB32278A318E4E7AD
:10F850009AF80530002BF8D14846019301F060F981
:10F86000A2788AF80520A2889AF804C0019B18495A
:10F87000C2F30A02A2F50072B2FA82F2520962F3EE
:10F88000410C18468AF804C003F0EAFFDDE7404661
:10F8900001F046F9A3788AF8B130A3889AF8B0202D
:10F8A000C3F30A03A3F50073B3FA83F35B0963F3AD
:10F8B0004102394658468AF8B02004F01FF8002863
:10F8C000C3D1044B1B68DB078DD500BE8CE700BF9E
:10F8D0004C7C0020F0ED00E0487C002030B51D4C51
:10F8E00094F8B1208A4283B0054618D1B4F8BC2000
:10F8F0005AB99AB218490020FFF70EFF1749284657
:10F9000003F0FCFF012003B030BD9AB2D4F8B4106C
:10F91000019204F1B80001F061F8019AEAE7627916
:10F920008A4202D0002003B030BD99B2002001937A
:10F93000FFF7F4FE211D284603F092FF019B08B15A
:10F940000120E0E71A46211D284603F049FF012067
:10F95000D9E700BF487C0020C87B0020F87C00204D
:10F96000F8B50F688D883D44AF420E46B9780BD28A
:10F970000B468B423C4603D10DE06378042B05D047
:10F9800023781C44A542F8D80020F8BDAC42FBD235
:10F99000A3788B42F4D1E3789A42F1D1A542F3D90E
:10F9A000237D012B1FD8237923B3012BECD123789E
:10F9B000E289617A1A44194422442144914204D3D1
:10F9C000E2E70B7819448A42DED94B78052BF8D14F
:10F9D0008A42D9D902F012F860B9084B1B68DB07DC
:10F9E000D2D500BEF8BD054B1B68DA07CCD500BEEA
:10F9F0000020CAE7E41BF4800120F8BDF0ED00E030
:10FA0000F0B4C488002C45D0037867488A7803EBAB
:10FA1000830503EB4503C05803191D7BAA4239D85F
:10FA200022B9012D00F2A68001228A7001258D6085
:10FA3000C1F80E504D7700266FF03F0581F8226027
:10FA40008D766FF003066FF06405CE760D77574E16
:10FA5000C1F81E60082581F82350005DB3F80D50F1
:10FA600005441D440344AB4214D2514F9C78102CE2
:10FA70000CD827FA04F0C04310F0010006D1DE785C
:10FA8000B24203D112E0587824280CD018780344ED
:10FA90009D42F8D8474B1B68DA0702D40020F0BC1F
:10FAA000704700BEFAE79D42E0D8F3E79D42F1D0EF
:10FAB000062C06D0102C04D0042CF0D1012248735F
:10FAC0000A7391F803C01A7994451BD8BCF1000F52
:10FAD00005D1012A4ED84FF0010C81F803C01A78E5
:10FAE0001A44AA420ED2967806F0FD07052F0FD0D1
:10FAF000112E03D10CE05678242E3ED016783244D5
:10FB00009542F8D82B4B1B68DB07C7D500BEC6E76C
:10FB1000D678B445F2D19542F4D0D1F812503DB91F
:10FB2000062C2DD0102C2BD0042C32D0C1F8125022
:10FB30004C6854B9537E012B1CD8D2F81A401BB91B
:10FB4000D2F81E30A34215D14C6042F20F739C4292
:10FB5000D8D9194A6B1EA2FB042403EB5433640B5F
:10FB6000B3FBF4F30233B3F5807F28BF4FF4807307
:10FB7000C1F816300120F0BC70479542B3D8C1E7F8
:10FB8000B2F80530B2F8075005FB03F52D01ED087A
:10FB9000CCE7B2F80560B2F807405D7D04FB06F3E0
:10FBA00005FB03F5ED08C1E7A47D00200301010179
:10FBB00050100100F0ED00E05917B7D12DE9F04FDA
:10FBC0000B78624C03EB83050E4603EB4503098972
:10FBD000E75883B09146804679B13944CB7803F039
:10FBE0000303012B00F09E80738933B13B44DA7824
:10FBF00002F00302012A00F09B807488B58800237C
:10FC00003C44B381F38133827382B382F382A2785E
:10FC10003D44AC4238BF134609D29A4203D10FE0AB
:10FC20006378042B07D023781C44A542F8D8002021
:10FC300003B0BDE8F08FA542F9D9A3789A42F2D17A
:10FC4000E3789945EFD1A542F1D923790193022BAD
:10FC50000FD8E31BF380B9F1000F10D1737F012B94
:10FC60004CD123781C44019B6BB9012003B0BDE843
:10FC7000F08F374B1B68DA07D9D500BED7E723785A
:10FC80001C44019B83B306F1080A4FF0000BA54208
:10FC900006D8EEE7042BECD023781C44A542E8D923
:10FCA0006378052BF6D1A542E3D9E37803F003038B
:10FCB000B9F1000F01D0012B19D0022BB7D1214689
:10FCC000404601F09BFE002839D0E31B2AF8023B96
:10FCD000019A21780BF101039A420C444FF0010B79
:10FCE000D5D8B9F1000FC0D002237377BDE7A38840
:10FCF000B169C3F30A038B42E1D298E706F11E0310
:10FD0000494686F81D90A6F81890A6F81A9018464D
:10FD1000302214F0CFF901463046FFF771FE00287B
:10FD20009FD184E700233381897801F017FF5BE7D7
:10FD3000002272819978404601F010FF5DE7044B84
:10FD40001B68DB077FF573AF00BE71E7A47D002061
:10FD5000F0ED00E0704700BF0020704700207047C2
:10FD6000044B05480021C3E900114E22C3F80710D7
:10FD700014F0A0B9A47D0020B07E002001207047BF
:10FD8000044B05480021C3E900114E22C3F80710B7
:10FD900014F090B9A47D0020B07E00202DE9F84F2A
:10FDA0004B790E2B03D18B79012B0E4603D0002704
:10FDB0003846BDE8F88FCB79012BF8D1DFF83491C4
:10FDC0001446D9F800202AB1484B1B68DB07EED552
:10FDD00000BEECE749468046C9F80060A9F8044037
:10FDE000FFF7BEFD0028E2D0B9F80620D9F80030B0
:10FDF000B17813443444A64293F814A0334605D393
:10FE000008E05A78042A3DD00B2A3BD01A781344D4
:10FE10009C42F6D8BAF1000F65D03549DFF8D8E03A
:10FE200048884FF0000C6246E3460028CCD19D1B69
:10FE30000EF8010B0870A8B248809C429F784A7067
:10FE400005D84DE05A78042A16D00B2A14D01A7817
:10FE500013449C42F6D89A1B97B28F8081F81DB04C
:10FE6000BCF1000F14D00CF1010C5FFA8CF292453A
:10FE7000DBD8A9F804709BE79C42ECD99A78BA4287
:10FE8000E5D0E8E79C42C5D99A788A42BED0C1E75E
:10FE9000BAF1010FE7D116FA85F516FA82F295420A
:10FEA000A9780AD20B46994203D113E06B78042B50
:10FEB0000BD02B781D44AA42F8D80D4940460022A9
:10FEC000FFF77CFE0028D4D171E7AA42F5D9AB78C0
:10FED0009942EED1EB78012BEBD1AA42C9D1ECE7E4
:10FEE00007462A46B9E79B1B9FB2C2E7F0ED00E048
:10FEF000B07E0020A47D0020AC7D00202DE9F04FD5
:10FF00001678174606F01F02012A8DB019D1DFF8C6
:10FF100008A38946DAF80050B9888046CAB215B1FC
:10FF2000AB78934212D0BA4E74885CB1357805EB49
:10FF3000850305EB43055AF805502C44A3789342FA
:10FF400011D0002420460DB0BDE8F08FC6F3411B50
:10FF500016F0600F5C4649D0012C27D007238AF8A1
:10FF600009300024EEE73B78C3F3411A13F0600F29
:10FF7000524600F0B780012A15D1090A13D17B88B7
:10FF80001A0A022A00F04C81062A00F0FC80012A9D
:10FF900000F00F819F4B1B68DB0704D500BE0723D1
:10FFA00033770024CEE707233377CAE7090A61D005
:10FFB000BAF80630E818EA5CC3891A440244904251
:10FFC0000FD28378023B052B07D8C3788B4204D12C
:10FFD00007E04378242B00F08180037818448242A4
:10FFE000F7D800238AF809300124ABE77B780A2B85
:10FFF0005CD00B2B34D1B9F1010FF2D1FB88002B6F
:020000023000CC
:100000004FD1BAF80630EA181179C1B1E85CD1894C
:10001000537A0144034413440A44934205D3D4E180
:1000200019780B449A4240F2D08159780529F7D1CA
:100030009A4240F2CA819978404601F08FFD00252E
:10004000AAF806507A8874494046FFF789FC0446AE
:1000500038B33946404601F0A7FD8AF8095071E7E8
:100060006C4B1B6813F001036CD107221C468AF805
:10007000092067E77B881A0A012A68D0022A57D12B
:100080007B78812B00F05C81862B51D1B9F1010F77
:10009000A7D1624A4B463946404601F09FFD0028F1
:1000A0009FD1FF238AF8093000244BE7B9F1010FF3
:1000B00097D1FB88012BF4D1BAF8062005EB020C8E
:1000C00039469CF803208DF800206A4601F086FD31
:1000D00004460028E5D08AF809B033E782423FF6AB
:1000E00070AF7EE77B780A2B0AD00B2B10D0494BE0
:1000F0001B68D9077FF557AF00BE0723337720E78A
:10010000B9F1010F00F0F68000233377012419E7DD
:10011000B9F1010FF8D17A8831464046FFF74EFD1C
:10012000002800F0FB803946404601F03DFDEBE73A
:10013000384B1C6814F0010440F0D68007238AF87D
:100140000930FFE600BE07238AF80930FAE67B781B
:10015000812B00F01481862B00F00081012BE7D168
:10016000B9F1010F00F00F81B9F1020F7FF439AF3F
:100170009AF80A100020FFF7EFFDB0FA80F48AF831
:1001800009006409DEE67B78812B00F0CA80862BAB
:100190007FF400AFB9F1010FB6D1204A394640468D
:1001A000012301F01BFD0028AED1FF23337700248B
:1001B000C8E6737F03B1717797F801C0BCF1010FF6
:1001C00000F0EF800CF17F03DBB2062B3FF6E2AECE
:1001D000ACF18104062C3FF6DDAEDFE804F02B3CE9
:1001E0003C3C04673C00B9F1010F8DD1FB88022B28
:1001F000DBD13024394640466A46ADF8004001F074
:10020000EDFC04460028D0D0002333779AE600BFE7
:10021000B07E0020F0ED00E0A47D002001990400F4
:100220007B78852BDFD053D8012B00F0D580812B34
:100230007FF4B0AEB9F1010F7FF466AFFB88002BFD
:10024000B3D0BB4A39464046302301F0C7FC0028F2
:100250007FF45AAFA9E7B9F1010F7FF455AFFB88DE
:10026000002BA2D0B24CE94604F1300A2068616844
:10027000A268E368CE46AEE80F0010345445F1465C
:10028000F4D19DF80210002940F0CA80BCF1830F20
:1002900000F0B081BCF1870F00F09181BCF1820FBA
:1002A00000F08D810823337700244BE6B9F1010F6C
:1002B0007FF42AAFFB88012B7FF477AF4B469D4A32
:1002C0003946404601F08AFC00287FF41DAF6CE7F8
:1002D000862B7FF45FAEB9F1010F7FF415AFFB8879
:1002E000012B7FF462AFEAE700BE07238AF80930EA
:1002F000002427E6FB88012B10D1F38873B11D443D
:100300003946EA788DF800204B4640466A4601F0AF
:1003100065FC044610B186F81CA013E6FF23337772
:100320000FE6B9F1010F7FF4EFAE4B463946404678
:1003300006F11C0201F052FC00287FF4E5AE34E720
:10034000B9F1010F7FF44DAE7B4A39464046012397
:1003500001F044FC00287FF444AEA2E6B9F1010F9D
:100360007FF43FAEFB88012B7FF49BAE714A394688
:10037000404601F033FC00287FF433AE91E6B9F13A
:10038000010F7FF42EAEFB88012B7FF48AAE6B4AFF
:1003900039464046012301F021FC00287FF421AEBC
:1003A0007FE6B9F1010F3FF44CAFB9F1020F7FF4D2
:1003B000ABAE5F49A1F11E00FFF722FB0446002807
:1003C0007FF4A2AE08233377BCE55D4B1B68D807EA
:1003D0007FF567AE00BE64E6B9F1010F3FF431AFBF
:1003E000B9F1020F7FF490AE5149A1F11E00FFF761
:1003F00007FB04460028E5D0736B4D4A71783078CE
:10040000B361FFF7ABFC00287FF47EAE4D4AF0608D
:100410004FF48073C6E90400A2F80090B38391E51D
:100420009DF80300002840F09180F288002A3ED019
:10043000AB18AA5CB3F80D00434C104418441344A5
:10044000984211D99A78102A0AD824FA02F2D207CF
:1004500006D5DA78914203D107E05A78242AEFD002
:100460001A7813449842F8D80346BCF1830F5CD045
:10047000BCF1870F4DD0BCF1820F7FF413AF012187
:100480008DF803101A781A4490420ED9947804F02B
:10049000FD05052D12D0112C03D10FE05478242C2A
:1004A000F2D0147822449042F8D8024609E0244B56
:1004B0001B68DA077FF5F6AE00BEF3E6D478A142FA
:1004C000EFD1997806291BD0102919D004297FF47F
:1004D000E9AEB2F80510B2F807205B7D02FB01F22D
:1004E00003FB02F3DB08CDF812306A46394640467A
:1004F000302301F073FB044600287FF485AE54E6F8
:10050000B2F80510B2F8073003FB01F31B01DB085A
:10051000E9E79A78062A06D0102A02D0042A7FF446
:10052000C1AE997DACE79979AAE71979A8E700BF30
:10053000CE7E002002990400AD7D0020AE7D00201B
:10054000F0ED00E0B07D002050100100019B002B79
:10055000CBD1F388002BAAD0EA1815F803E0B2F843
:100560000D305A4D7344D4187244944211D9937883
:10057000102B0AD825FA03F3DB0706D5D378994266
:1005800003D107E05378242BEFD013781A44944218
:10059000F8D8224613781A4494420ED9937803F07F
:1005A000FD0105292ED0112B03D12BE05378242BEC
:1005B000F2D013781A449442F8D8224625E0012359
:1005C0008DF8023001234FF00112029300230392B1
:1005D000ADF810304FF6C04240F29B13ADF81A2030
:1005E000ADF81C303A4ACDF81E204FF40063ADF848
:1005F00022307AE7F388002BE4D02B441B7B8DF864
:100600000230DFE7D3789842D3D1ACF18203052BD7
:100610003FF648AE01A151F823F000BFA306030046
:10062000870603005D060300A5020300A502030080
:1006300035060300D2F8151042F21073B1FBF3F344
:100640000191D1B1DDF812208BB9931CB3F5807FF5
:1006500028BF4FF48073CDF8163046E7537E63B958
:10066000D2F8221042F21073B1FBF3F3E8E7013A3B
:100670001A44B2FBF3F30233E8E70023ADF8163077
:10068000ADF8183031E7537ECBB1053302EB83036D
:10069000D3F80210D2F81A3042F21072B3FBF2F320
:1006A000CEE7537E73B1053302EB8303D3F80230F8
:1006B000D2F81A1042F21072B3FBF2F3C0E7D2F88C
:1006C0001E10E7E7D2F81E30F2E700BF501001001D
:1006D000030101012DE9F04F364F83B03C890090B2
:1006E0005CB13B78344E03EB830203EB42020D46D0
:1006F000B258224492788A4208D0304B1B68DB07FC
:1007000017D500BE002003B0BDE8F08FD7E9042460
:1007100094420BD3184679780023C7E903337B61F1
:10072000FFF718FB012003B0BDE8F08F01F08AF954
:1007300018B9002003B0BDE8F08FDFF884A0D7F827
:1007400014909AF800003B69D7F818B0A0EB09089C
:100750009844C3455C4628BF4446A04211D9174B74
:100760001B6813F0010320D10098154A294601F0B7
:1007700089F90028D7D1114B1B68DA07D9D500BEFB
:10078000D1E7F968221A49445044019213F06AFCF7
:10079000019AC3454A447A610AD39AF8012042F08B
:1007A0000202A3B28AF80120DEE700BE0023DBE7E5
:1007B000A3B2D9E7B07E0020A47D0020F0ED00E0D8
:1007C000B07D00202DE9F041B2F5004F9DF8188072
:1007D0002CD80446C06816460F461D4618B14FF087
:1007E000FF310BF019FB206918B14FF0FF310BF00E
:1007F00013FBC5F30E05E0682760002345EAC83502
:100800006381E580A680238118B11A4619460AF053
:1008100013FF206938B100231A4619460AF00CFF6D
:100820000120BDE8F0810120BDE8F0810020BDE895
:10083000F08100BF03894289808892B29BB29342C3
:1008400036BFC2EB40029B1A9B189BB2984228BF4E
:10085000184670470289438990B29BB2C01AB0FA19
:1008600080F04009704700BF03894289808892B2B6
:100870009BB2934236BFC2EB40029B1A9B189BB2BD
:10088000984286BFC01A80B2002070472DE9F04719
:10089000054600698846914618B14FF0FF310BF0CC
:1008A000BBFA2B896C89AF889BB2A4B2A34236BF36
:1008B000C4EB47061E1BF618B6B2002E4CD0B7424A
:1008C00042D34E4528BF4E46A742B6B203D8E41BDA
:1008D000A4B2A742FBD9B5F8069029683B1B9BB28E
:1008E000C9F30E029E42914602FB041126D913FB66
:1008F00002F3F71B1FFA83FA3C445246404614FBAE
:1009000009F413F0AFFB2968A2B208EB0A0013F058
:10091000A9FB6A89AF8892B293199BB29A421DD9FA
:100920007A009B1A9BB228696B8120B100231A467A
:1009300019460AF081FE3046BDE8F08702FB06F258
:10094000404613F08FFBE4E7BB422CBFDC1BDC19F5
:10095000A4B26C813E46B4E76B899BB2B3EB470F00
:100960004FEA4702DFDBDCE738B5044600690D4695
:1009700018B14FF0FF310BF04FFA22896389A1883B
:1009800092B29BB29A4236BFC3EB4100D01A801894
:1009900080B200B3814209D28A422CBF531A531845
:1009A0009BB29942638103D85B1A9BB29942FBD9EF
:1009B000E2882168C2F30E02284602FB031113F0FD
:1009C00051FB0125206920B100231A4619460AF07F
:1009D00033FE284638BD0546F4E700BF2DE9F04F49
:1009E000154683B01AB30646C068894618B14FF061
:1009F000FF310BF011FAF279B6F808807389B788E5
:100A0000D2091FFA88F89BB215D1984536BFC3EBBF
:100A10004703A8EB030343449BB29F422CD8002515
:100A2000F06820B100231A4619460AF005FE284650
:100A300003B0BDE8F08FBD4250D2984536BFC3EB3E
:100A40004702A8EB0302424492B279002A448A4248
:100A500019DB03EB070A1FFA8AFAAAEB05081FFA4B
:100A600088F8434558D9A8EB01081FFA88F805EB28
:100A7000080A1FFA8AFA0AE0FB1A9AB2954228BFBE
:100A80001546002DCCD005EB080A1FFA8AFA474517
:100A9000444603D8E41BA4B2BC42FBD2F3883068BE
:100AA000A7EB040B1FFA8BFBC3F30E02AB4502FB53
:100AB00004001CD302FB05F2494613F0D3FAB288B6
:100AC000C2454FEA420302D3BAEB420F03DBAAEB63
:100AD000030A1FFA8AFAA6F808A0A1E7F188ED1B1D
:100AE000C1F30E0101FB059998463D46C9E71BFB82
:100AF00002FB1FFA8BFB019249465A4613F0B2FAE9
:100B0000EF1B019B3068274417FB03F292B209EBFD
:100B10000B0113F0A7FAD2E74145B8DCA3E700BF09
:100B200010B50446C06818B14FF0FF310BF074F9EE
:100B3000206918B14FF0FF310BF06EF9E068002327
:100B40006381238118B11A4619460AF075FD2069A0
:100B500020B100231A4619460AF06EFD012010BD8F
:100B600038B5C379B1EBD31F1FD00446C0680D461A
:100B700018B14FF0FF310BF04FF9206918B14FF069
:100B8000FF310BF049F9E379E06865F3C713E371CE
:100B900020B100231A4619460AF04EFD206920B103
:100BA00000231A4619460AF047FD012038BD00BF50
:100BB0002DE9F0411F4C2178FA2920D04FF0000890
:100BC0001D4E1E4D074642460FE02B6813EB800377
:100BD00028D0DB6838469847217808F101088B1D3A
:100BE000DBB25FFA88F2934209D9531A914202EBC1
:100BF000C20003EBC303E8D806EB8303E9E7104C1C
:100C000038222046002113F055FA4FF0FF33C4E993
:100C10000233C4E90533C4E9073323616360A38465
:100C2000BDE8F081074B1B68DB07F9D500BEBDE8C6
:100C3000F08100BF047F002010990400007F002095
:100C4000587F0020F0ED00E0704700BF704700BF04
:100C50000020704700207047704700BF704700BFFA
:100C6000704700BF704700BF0023037018467047ED
:100C7000024B5878003818BF01207047587F002079
:100C8000024B1878C0F38000704700BF587F0020E7
:100C9000024B1878FF3818BF012070472C610020E4
:100CA0002DE9F0473B4E3378FF2B82B050D10C46F4
:100CB00000295CD0382200210546374813F0FAF9A4
:100CC000364B37494FF0000A012083F800A00AF0A4
:100CD00063FE344B186000283FD0334F3B467A68A0
:100CE00033F80C0B7988CDF800A00AF001FCB96844
:100CF00007460BF03DFA2D4B1F6077B32C4FDFF802
:100D0000B8803846FFF7B0FF3978C8F80000F929F5
:100D100023D8DFF8A89053460EE0D8F8003013EB44
:100D200082031AD05B68C3B1984739788A1DD2B262
:100D30005FFA8AF39A4220D999420AF1010A03EB39
:100D4000C302EAD85B1A03EBC30309EB8303E9E7A9
:100D50000124204602B0BDE8F087164B1B68DA0775
:100D600000D500BE0024204602B0BDE8F087114B3C
:100D70001B68DB07F6D500BEEBE721462846357039
:100D800001F01CFC04460028F1D0284601F018FCB4
:100D9000DFE700BF2C610020587F00205880002032
:100DA000087F0020907F0020D0600020947F0020EA
:100DB000047F0020F0ED00E0007F00201099040087
:100DC0002DE9F04FAE4F3B78FF2B8DB031D004466C
:100DD0004FF47A7200238002A10D12F005FF012862
:100DE00038BF0120A74DDFF8B092DFF8B0A28046EF
:100DF000661C286800F0D480002C14BF42460022F4
:100E000009A90AF0ADFEA0B19DF82530013B072BE2
:100E100000F2E483DFE803F0B9B0A79C944010042B
:100E20000A9B0BB10B98984728680BF071F90028C2
:100E3000DED10DB0BDE8F08F9DF82810924B01F087
:100E40007F0603EB460303EBD11393F826006FF301
:100E5000000083F8260093F826006FF3820083F8E1
:100E60002600002E00F0AD80884A1B7D1278934248
:100E7000C0F09880901DC0B2834280F09B809B1A86
:100E800003EBC30309EB83039E699DF829200B9BA9
:100E90009DF82400B047C7E77D4A1378002B00F087
:100EA00089801378013BDBB21370137803F0FF00E5
:100EB000002BB9D1DFF8D0B19DF824609BF8003049
:100EC00043F001038BF800309BF8263060F30003F9
:100ED0008BF826309BF8263060F382038BF826309F
:100EE0009BF8273060F300038BF827309BF82730FE
:100EF00060F382038BF8273000F0D4FE9DF82820A1
:100F000002F06003602B0BD0402B00F01D8202F03A
:100F10001F02012A00F0C480022A7BD0002A58D088
:100F20005C4B1B68DB0700D500BE9DF82400002148
:100F300001F0C4FD9DF82400802101F0BFFD73E79E
:100F4000514B1B78D8077FF56FAFFFF78BFE6BE730
:100F50004D4B1A78D6077FF567AF1878C0F3C000FD
:100F6000FFF77EFE60E7484BDB78D9077FF55CAF83
:100F70000A98FFF76BFE57E79DF82400FFF718FE6D
:100F800000F086FEFFF76AFE4EE79DF82400FFF7AB
:100F90000FFE00F07DFE3C4B9DF828209A7043E741
:100FA00022462DE7DAF8002003EBC30312EB83039C
:100FB0007FF46AAF374B1B68DF077FF53AAF00BE9F
:100FC00037E70B9B9DF829209DF8240000F07CFE5C
:100FD0002AE7202B00F0C481002BA1D19DF82930F5
:100FE000092B9DD801A252F823F000BFDF120300A5
:100FF000BF120300210F030005130300210F03009C
:10100000A11203004F120300210F03003712030047
:10101000431103009DF82C1001F07F0EBEF1080F64
:101020003FF67EAF0BEB4E02184802EBD11292F85E
:1010300014C002784FEA4E00039094454FEAD11055
:10104000029067D3901DC0B2844580F0AA81ACEBBA
:10105000020202EBC20209EB82020192002B00F0B5
:10106000A481019B586900F01DFE019B30465B691D
:101070000AAA0121984700287FF4D6AE55E700BFA1
:101080002C610020947F0020587F0020047F0020E6
:1010900058800020F0ED00E010990400007F00204F
:1010A0009DF82C300F2B3FF640AFCD4A5B441278B1
:1010B0001B7993423CD3911DC9B28B42BFF435AF2B
:1010C0009B1A03EBC30309EB830BDBF8140000F05E
:1010D000E9FDDBF814300AAA0121304698470028C0
:1010E0007FF4A2AE9DF8283013F0600B7FF41DAFA3
:1010F0009DF829300A3B012B3FF617AF00F0D2FDD7
:101100009DF829300A2B0AA9304600F0E68100F04C
:101110004BFD89E6DAF800200CEBCC0002EB8002F4
:101120000192002B00F04181002A3FF4FEAE98E7C7
:10113000DAF8002003EBC30312EB830B3FF4F5AEA8
:10114000C3E79DF82A209BF801309A4200F08A817B
:101150009BF80130002B40F09E818BF80120002A83
:1011600000F07E81501EC0B2FCF76CFC002800F03D
:10117000DC814378022B40F0D881C2799BF80010C3
:10118000C2F340131B01C2F3801221F0300143EA85
:1011900042130B438BF8003043880696CDE9018457
:1011A000C318049300F10901049B8B4240F29D8116
:1011B0004B780B2B03BF0B7891F80380C9184FF0C5
:1011C00001084B78042B40F0AE81854B049A1B78C4
:1011D000521A92B2FA2B059200F0A58100220392D6
:1011E00016461EE0DAF8004014EB820400F09B8102
:1011F0002369059A069807919847039B079901333D
:1012000008280393024603D9059B834280F073812B
:10121000734B9DF80C601B789A1DD2B2B24240F21B
:101220008281F41AB34206EBC60204EBC404D9D897
:1012300009EB8404DCE79BF801308DF8223030465E
:1012400001230DF122020AA900F0C8FCECE5BDF86B
:101250002A00030A5A1EC0B20E2A3FF666AE01A14A
:1012600051F822F0BD140300251303007315030089
:101270002B0F03002B0F030055150300251303004C
:101280002B0F03002B0F03002B0F03002B0F03006A
:101290002B0F03002B0F03002B0F03004715030038
:1012A0000AA800F005FD9DF82A10304601F08EF9DD
:1012B0009BF8003043F002038BF80030B4E5BDF832
:1012C0002A30012B7FF431AE9BF8003030466FF3AB
:1012D000C3030AA98BF8003000F066FCA4E59BF874
:1012E00000309A0802F00202C3F3401330460AA904
:1012F00043EA020602230DF12202ADF8226000F05B
:101300006DFC91E5BDF82A30012B7FF40EAE9BF801
:101310000030304643F008030AA98BF8003000F093
:1013200043FC81E5022B00F02C81FFF793FC024681
:1013300000283FF4FAAD538830460AA900F04EFC6D
:1013400000287FF471ADF0E5264800F0ABFC304694
:101350000AAA0121FCF77CFD00287FF465ADE4E5D5
:101360009DF82C300F2B3FF6E0AD1D4A5B44127800
:101370001B79934238D2DAF8002003EBC30312EB57
:10138000830B3FF4D2ADDBF8140000F08BFCDBF8EC
:10139000143030460AAA0121984700287FF444AD52
:1013A000C3E5002B7FF4C1AD01939DF8293003F014
:1013B000FD02012A23D0002B7FF4B2AD039B029AD9
:1013C0005B441344304693F826600DF12202C6F3C5
:1013D000400602230AA9ADF8226000F0FFFB23E5D6
:1013E000047F002051DE0200911DC9B28B42BFF480
:1013F0009CAD9B1A03EBC30309EB830BC3E7BDF85A
:101400002A200492A2B9012B387830D001F056FB83
:10141000039B029A5B44134493F8262042F0020295
:1014200083F8262093F8262042F0010283F8262034
:10143000019B002B3FF4F8AC586900F033FC019B92
:101440000AAA5B69012130469847002000F02AFC77
:101450009BF82730DA073FF5E7AC0AA9304656E695
:10146000FFF7FCFB30460AA900F09EFBDCE401F02C
:1014700049FB039B029A04995B44134493F826208A
:1014800061F3410283F8262093F8262061F30002DD
:1014900083F82620CCE700213046029201F0A8F81C
:1014A000304601F04DF99BF8023001933046FFF7CA
:1014B0007FFB019B029A8BF802304EE6FCF7BEFAE6
:1014C000024600283FF42CAD304612230AA900F052
:1014D00085FB00287FF4A8AC27E501230DF122024B
:1014E0008DF822B000F07AFB9EE4DDE90184069ECF
:1014F000FFF7B2FBB6E7B8F1010F5AD0B8F1000F11
:1015000046D091F802E0002302E0A04506713FD9E1
:101510000EEB03005BFA80F0013390F804C0BCF1DD
:10152000FF0FDCB2F1D0DDE90184304B1B68DB0733
:1015300000D500BE2D4B1B68D90700D500BE002387
:101540008BF80130F1E4FCF77FFC024600287FF4C1
:10155000F2AEEAE4FFF77CFB024600283FF4E5AC7C
:10156000137830460AA900F039FB00287FF45CAC00
:10157000DBE4BDF82C10FCF76BFA02460028EFD133
:10158000D3E4FCF75FFA024600287FF4D4AEC7E448
:10159000334617480592039102F0D0F8154B039992
:1015A0001B78059A0633DBB2B34211443FF6FCAD1B
:1015B000B9E723691048114CA34208BF4FF0020855
:1015C00083429ED14B79012B9BD18B79012B98D1F2
:1015D000CB79002B08BF4FF0020892E7034B1B6842
:1015E000DA077FF521AC00BE1EE400BFF0ED00E09D
:1015F0006C7F0020047F002051EA0200FDE1020020
:101600002DE9F0434378023B85B004460D46052B97
:1016100042D8DFE813F0A60074009D00BA00C300B2
:101620000600017911F07F0236D0A34EA34B06EBE2
:10163000420000EBD1101F78037DBB424FEA42020B
:101640004FEAD11CC0F02681B81DC0B2834223D21C
:101650009B48DB1B03EBC30300EB8303DF69DFB1B4
:1016600016446644A36896F8260062796FF300007A
:1016700086F8260096F826006FF3820086F826008A
:1016800020782036B847C8B9B37943F00103B37165
:10169000B37943F00403B3718A4B18688DB92B46B4
:1016A0004FF0FF32214609F0C7FF003818BF012074
:1016B000E8B1617820782A46FFF7C6FA05B0BDE8A0
:1016C000F083002301AA214601930AF09BF9019BB4
:1016D00043B17D4B4FF080525A6040BFBFF34F8FF4
:1016E000BFF36F8F003818BF01200028E1D1774B7E
:1016F0001B68DB07E2D500BE05B0BDE8F0836F4E86
:101700003178FA2954D04FF000086D4FDFF8C491BA
:1017100043460CE0D9F8003013EB820310D108F1F6
:1017200001088A1D5FFA88F3D2B29A4240D98B42EF
:1017300003EBC302EED35B1A03EBC30307EB830394
:101740001B6A002BEBD06168207898473178E6E778
:10175000594B1A78D607B1D51A7842F004021A709C
:101760009AE7554B1A786FF300021A701A78002125
:101770006FF341021A7059701A7861F382021A707D
:10178000504B1868002D9CD189E74B4B1A78D00735
:1017900094D51A786FF382021A707DE74C4A137859
:1017A0000133DBB21370474B1868002D89D176E7FF
:1017B000414E33785F072BD53378424A6FF382036B
:1017C00033702178106800230522CDE9013303939B
:1017D0008DF804108DF8052001A9002D51D06A461E
:1017E00000930AF00FF9009B43B1374B4FF0805242
:1017F0005A6040BFBFF34F8FBFF36F8F003818BFE1
:10180000012000284FD1314B1B68D90700D500BEFD
:10181000F378DA077FF552AF2A4A636821781068B7
:10182000029303220023019303938DF804108DF893
:10183000052001A9E5B16A4600930AF0E3F8009B90
:1018400043B1214B4FF080525A6040BFBFF34F8FDE
:10185000BFF36F8F003818BF012000283FF447AF57
:101860009DF805109DF804002A46FFF7EDF925E7DD
:101870002B464FF0FF3209F0DFFE003818BF012081
:10188000EBE72B464FF0FF3209F0D6FE003818BFC9
:101890000120B6E70F48006803EBC30310EB830396
:1018A0003FF4FAAEDAE69DF805109DF804002A46EA
:1018B000FFF7CAF9ACE700BF587F0020047F002083
:1018C00010990400947F002000ED00E0F0ED00E0AE
:1018D00058800020007F00202DE9F84F0A9F002A41
:1018E00040D0DFF88C90DFF88C800C461E46154601
:1018F0004FF0000B18E098F8021099F800A001F0E2
:10190000CBFE024621465046F2B100F085FE00B300
:10191000A378DA0916BF0B9A3B70137023780BF18A
:10192000010BAB451C441DD06378052B20464FF0BE
:1019300000020ED1E17801F00301B14209D1A37890
:1019400003F07F03082BD6D9084B1B68DA0700D5B4
:1019500000BE064B1B68DB0702D40020BDE8F88FF1
:1019600000BEFAE70120BDE8F88F00BFF0ED00E00F
:101970002C610020587F002070B51D4E84B00023DC
:101980000825CDE90201019330688DF80550144611
:1019900082B9134601A94FF0FF3209F04DFE00381D
:1019A00018BF0120D8B9134B1B68DB0700D500BE58
:1019B00004B070BD6A4601A900930AF023F8009BA9
:1019C00043B10D4B4FF080525A6040BFBFF34F8F71
:1019D000BFF36F8F003818BF01200028E3D09DF8B7
:1019E00005109DF804002246FFF72EF904B070BDE3
:1019F000947F0020F0ED00E000ED00E038B58B783A
:101A000003F07F03082B06D90B4B1B68DB0700D5BF
:101A100000BE002038BD094A094B0C46204691788B
:101A20001D78002201F038FE0028EDD0214628461E
:101A3000BDE8384000F0F0BDF0ED00E0587F002038
:101A40002C610020CB090548054A263301F07F01AF
:101A500003EB41010844116801F0D4BD587F002018
:101A6000907F0020CB090548054A263301F07F010D
:101A700003EB41010844116801F0F0BD587F0020DC
:101A8000907F0020154838B501F07F0500EB450038
:101A900000EBD1142034A079C00706D5104B1B6889
:101AA000DA0700D500BE002038BDA5790D4845F005
:101AB00001050078A57100F0F7FE0028F4D1A379A4
:101AC000074A60F30003A371A37960F38203A37153
:101AD0001368DB07E7D500BE38BD00BF587F002084
:101AE000F0ED00E02C610020054B01F07F0203EBDC
:101AF000420303EBD11191F8260000F0010070477A
:101B0000587F002010B50C4B18780C4600F0D6FF1B
:101B10000A4B04F07F0103EB410303EBD41191F86E
:101B2000263043F0020381F8263091F8263043F046
:101B3000010381F8263010BD2C610020587F002061
:101B4000054B01F07F0203EB420303EBD11191F847
:101B50002600C0F340007047587F002010B50F4B9F
:101B600018780C4600F036FE0D4B04F07F0103EBB5
:101B7000410303EBD41191F826306FF3410381F850
:101B8000263091F826306FF3000381F8263091F863
:101B900026306FF3820381F8263010BD2C610020BF
:101BA000587F0020704700BF0B4630B40A4C49688C
:101BB00005461868224603C293F9002000239A4282
:101BC000C4E902332846A8BF802130BCB8BF1946FB
:101BD0001A46FFF757BF00BF9C800020F0B50C46A7
:101BE000284F496806462068BA603D4603C5002173
:101BF000F981E588AB4228BF2B4683B0BB81A5B1F4
:101C00001BB352B397F90000402B28BF4023002894
:101C10002ADB1D4A3046FFF735FF98B91B4B1B687E
:101C2000DB071ED500BE03B0F0BD94F90030002BD9
:101C3000ACBF8021002130462B462A46FFF722FF09
:101C40000028EBD0012003B0F0BD97F90020002A56
:101C5000ACBF194680211A46DCE70C4B1B68D9073C
:101C60000CD4002003B0F0BD1146074801931A467A
:101C700012F0F8F9044A019B8021CBE700BE104620
:101C8000E1E700BF9C8000205C800020F0ED00E0D8
:101C9000034B0022C3E90022C3E902221A61704704
:101CA0009C800020014B1861704700BF9C80002081
:101CB0000346044A59680068134603C30023C2E977
:101CC000023370479C800020F0B5404C2578C9094C
:101CD000B1EBD51F83B01F4606461FD03BB13C4B2E
:101CE0001B68DA0700D500BE002003B0F0BD214616
:101CF000FFF758FF236973B1224630460321984706
:101D0000012003B0F0BD0146304600F0D7FE30465A
:101D1000802100F0D3FE012003B0F0BD94F9002033
:101D2000002A06DBA0680028DED02A491A4612F0F5
:101D300099F9E589A168E2883D44ADB23944AA42E7
:101D4000E581A16015D03F2F13D9A28994F9000035
:101D5000531B9BB2402B28BF4023002824DB954215
:101D600030D01C4A00213046FFF78CFE0028D2D12B
:101D700014E023692BB1154A022130469847002808
:101D8000C1D094F9002000239A42ACBF80211946AB
:101D900030461A46FFF776FE0028BCD10C4B1B6874
:101DA000DB07A1D500BEA0E7954208D01A46094836
:101DB000019312F057F9074A019B8021D3E7802154
:101DC0000022D0E700210A46CDE700BF9C8000201A
:101DD000F0ED00E05C80002000B170470BF01EBC0D
:101DE00000B170470BF024BC0138C3B2042B08D8F3
:101DF0005E230D4A03FB00F0131810331B79DB0739
:101E000006D40A4B1B68DB0700D500BE00207047D4
:101E1000CB093D3301F07F0103EB4101044B084442
:101E20001044196801F0EEBBB0800020F0ED00E036
:101E3000888200200138C3B2042B08D85E230B4AE5
:101E400003FB00F0131810331B79DB0701D40020CB
:101E50007047CB093D3301F07F0103EB4101044B97
:101E600008441044196801F0F9BB00BFB08000209D
:101E700088820020F0B5441EE5B2042D83B02ED830
:101E80005E2505FB04F5174E01F07F0405EB4404C5
:101E9000344404EBD11438346779FF0708D5124B6A
:101EA000186810F0010001D000BE002003B0F0BDA2
:101EB0006779009347F00107134667710A460146A8
:101EC000705D00F0BBF90028F0D1637960F3000386
:101ED0006371637960F38203637103B0F0BD002026
:101EE00003B0F0BDB0800020F0ED00E0F0B583B0AD
:101EF00041F0020100278DF800108DF80120044602
:101F0000ADF80470A3B10121FBF7D6FD022301AAAD
:101F100069462046FBF7FCFD394606462046FBF79E
:101F2000CBFD184F9DF80430FB70304603B0F0BD78
:101F3000144F1D46F86D4FF0FF3109F06DFF294633
:101F40002046FBF7F1FD20460121FBF7B5FD01AA74
:101F5000022369462046FBF7DBFD2946064620465C
:101F6000FBF7AAFD20460121FBF7DEFD2B46F86DAD
:101F70002A46294609F060FB9DF80430FB70304684
:101F800003B0F0BD8C8200202DE9F041324E96F86E
:101F900006C08C4582B0904604461D4605D00F46CB
:101FA0000A46E021B771FFF7A1FF2223D8F800709D
:101FB0008DF8063015B301212046FBF77DFD012386
:101FC0000DF107020DF106012046FBF7A1FD9DF87A
:101FD0000730F3703946082300222046FBF798FDAE
:101FE00000212046FBF768FD10222B462046F021F9
:101FF000F271FFF77BFF02B0BDE8F081F06D4FF0AA
:10200000FF3109F009FF29462046FBF78DFD2046E8
:102010000121FBF751FD0DF107020DF1060101232E
:102020002046FBF775FD9DF80730F3702A4608231C
:1020300039462046FBF76CFD29462046FBF73CFD60
:1020400020460121FBF770FDF06D2B462A462946FC
:1020500009F0F2FAC8E700BF8C8200202DE9F043B6
:10206000464E83B00C460746984692B10A78B1793D
:10207000914203D0E021B271FFF738FFA37813F04B
:10208000100F14BF802240224346E8213846FFF754
:102090002DFF228833899A4213D0A588E28863886D
:1020A000AD1AADB2C3F34A139D4228BF1D4615F0C9
:1020B000FF0513D12A46434638213846B570FFF74D
:1020C00015FF237833726278727243463846F021E6
:1020D000F271FFF70BFF03B0BDE8F0831223D4F8D1
:1020E00008908DF80630B8F1000F19D0384601215C
:1020F000FBF7E2FC0DF107020DF106010123384662
:10210000FBF706FD9DF80730F37049462B46002289
:102110003846FBF7FDFC00213846FBF7CDFCC9E74C
:10212000F06D4FF0FF3109F077FE41463846FBF77E
:10213000FBFC38460121FBF7BFFC0DF107020DF156
:10214000060101233846FBF7E3FC9DF80730F370E6
:1021500042462B4649463846FBF7DAFC41463846AC
:10216000FBF7AAFC38460121FBF7DEFCF06D434685
:102170004246414609F060FA9CE700BF8C8200208D
:1021800070B50C46497813460A0782B0054605D15A
:10219000CE0648D4A26862B3A28852B38A0620D47D
:1021A000254E2278B179914206D0E021284601934C
:1021B000B271FFF79BFE019BA278019312F0100F02
:1021C00014BF20221022E8212846FFF78FFE6278F4
:1021D000019BF2712846F02102B0BDE87040FFF784
:1021E00085BE21462846012202B0BDE87040FFF7B7
:1021F00035BF114E2278B07901F0200464F07F04DD
:102200009042E4B206D0E02128460193B271FFF774
:102210006DFE019BF47128462246F02102B0BDE814
:102220007040FFF763BE224612F8081B02B0BDE8FB
:102230007040FFF7A9BE00BF8C8200202DE9F0415D
:1022400002F07F0C064651EA0C00BDF818E04FEA98
:10225000D2122DD13C4FA7F160087978B87821F0DF
:10226000300182F0010241EA421240F010017A701E
:10227000B970BA78BB60032363F303020025A7F8A3
:1022800004E0BA70FD802846FFF7A6FD98F80A40E2
:10229000D4BB0125204688F80A50FFF7A1FD22464D
:1022A000304639462C46FFF76BFF2046BDE8F081EB
:1022B000DFF8988082F00100BCF1000F2AD00122E3
:1022C000444604E00132142A04F10C0418D094F8B6
:1022D0006C508D42F6D102EB420508EB850595F86E
:1022E000615005F00F076745ECD1C5F340158542F5
:1022F00004F16C07BDD00132142A04F10C04E6D1BC
:1023000000242046BDE8F0812846FFF769FD2046FD
:10231000BDE8F0810120444602E001301428EFD0EE
:1023200094F86C508D4204F10C04F6D100EB40059A
:1023300008EB8507AD0097F861703F07EDD1603578
:1023400008EB050789E700BFEC8200208C820020A3
:1023500042DF704743DF704744DF704712DF70474A
:10236000F0B4364CBFF35B8F014604F59073012542
:10237000D3E84F2FC3E8405F0028F9D1BFF35B8F4C
:1023800012F0FF0F3CD108292CD004EB41122C484D
:102390002C4F01F5947301EB810C50F82360938866
:1023A000D2889A1A93B2B6B200EB8C024FEA411C63
:1023B000B34208B228BF334654F80C60C2F8006735
:1023C00007EB8101C2F8043747F82050BFF36F8F45
:1023D000BFF34F8F1C4B994209D0043B994206D062
:1023E000F0BC7047164BD3F8C024D10313D5BFF30C
:1023F0005B8F002384F82031BFF35B8FF0BC704704
:10240000124B13485A68C2F30802003AF0BC18BFD6
:102410000122FFF7B1BA94F80B110029E7D00D495A
:10242000D4F80001C3F8A007C3F8A4270D60BFF3D8
:102430006F8FBFF34F8FF0BC704700BFDC8300206D
:1024400000700240287002405070024000ED00E031
:10245000CD24030048700240174BBFF35B8F014649
:102460000122D3E84F0FC3E84C2FBCF1000FF8D185
:10247000BFF35B8F10F0FF0F14D10A60BFF36F8FB3
:10248000BFF34F8F0D4B994203D0043B994200D0CC
:1024900070470B4BBFF35B8F002283F82021BFF303
:1024A0005B8F7047074B08485A68C2F30802003A2E
:1024B00018BF0122FFF760BAFC8400205070024070
:1024C000DC83002000ED00E059240300F0B4344C1C
:1024D000BFF35B8FC1B204F590730125D3E84F2F92
:1024E000C3E8405F0028F9D1BFF35B8F12F0FF0F04
:1024F00039D1082929D02B482B4F01F5947304EBCF
:10250000411250F823609388D28801EB810C9A1A0B
:1025100093B2B6B200EB8C024801B3422058C2F825
:10252000000728BF3346C2F8043707EB810047F89D
:102530002150BFF36F8FBFF34F8F1C4B984209D0D0
:10254000043B984206D0F0BC7047164BD3F8C02429
:10255000D10313D5BFF35B8F002384F82031BFF381
:102560005B8FF0BC7047124B12485A68C2F30802E6
:10257000003AF0BC18BF0122FFF7FEB994F80B1126
:102580000029E7D00C49D4F80001C3F8A007C3F82C
:10259000A4270D60BFF36F8FBFF34F8FF0BC704760
:1025A000DC8300200070024028700240507002401E
:1025B00000ED00E0CD240300487002400120704788
:1025C000014B80225A60704700E100E0074BD3F8CE
:1025D0000014D3F8002400200A434FF48001C3F80C
:1025E0000024C3F85801C3F8041370470070024078
:1025F000074B4FF4001229B1C3F80423054B83F8AD
:1026000021117047C3F80823024B83F8211170474A
:1026100000700240DC83002030B48A788C88C8784F
:10262000434D02F07F014B0003EBD21305EB031384
:1026300000F00300C4F30A0401281C814FEAD214FD
:102640002FD0DCB13B488C1C012303FA04F4C0F802
:102650000443D0F8104503FA01F12143C0F81015E6
:10266000344B42F48071C3F81825C3F80C15BFF33E
:102670006F8FBFF34F8F012030BC70472D4801F1A1
:102680000C05012303FA05F5C0F80453D0F81455DE
:102690008B4001F594712B43C0F8143540F821406C
:1026A000DEE7082907D0244B186810F00100E3D0BA
:1026B00000BE0020E0E7ECB9B5F818311BB11D4BA6
:1026C0008022C3F81C251B4A0023C2F85031D2F8DF
:1026D000003313F4001308BFC2F85431154B4FF404
:1026E0004012C3F80423D3F8142542F48072C3F8CF
:1026F0001425BCE7B5F808210E4B0021C3F82C11B6
:1027000012B18022C3F81C250A4AD2F8003313F410
:10271000001308BFC2F85431064B084AC3F804231B
:10272000D3F8102542F48072C3F810259FE700BF4C
:10273000DC83002000700240F0ED00E00008200083
:102740001E4B80222DE9F041C3F88420BFF34F8F48
:10275000BFF36F8F1A4D1B4F0D244FF00108002659
:102760001949A000A4F10A03014408FA04F208FA86
:1027700003F31343C7F8083328464E6001348E62D2
:102780002022002111F096FC142C05F12005E7D140
:102790000E4BC7F808332022C7F81C6500217E6263
:1027A0000B48BE6411F086FCC7F81485C7F8108585
:1027B000024B80225A60BDE8F08100BF00E100E0DA
:1027C000FC83002000700240D06F024000083000FF
:1027D000DC84002001F07F03082B30B44FEAD111D4
:1027E0002DD0D9B12E4A2F4801219C1C01FA04F4A6
:1027F000C2F80843D2F8104501FA03F524EA0504AB
:10280000C2F8104501EB430300EB03130022DA7218
:10281000BFF36F8FBFF34F8F30BC7047204C214800
:10282000012203F10C0502FA05F5C4F80853D4F8A7
:1028300014559A4025EA0202C4F81425E2E7194823
:1028400000EB01130022A3F80821154BD9B14FF476
:102850000062C3F80823D3F8102522F48072C3F86D
:102860001025B0F81821B0F808410D4BE2424FF0A6
:10287000000508BF4FF40012C3F81C5508BFC3F889
:1028800008230823BEE74FF48012C3F80823D3F8C7
:10289000142522F48072C3F81425C3F85011E0E720
:1028A00000700240DC83002001F07F00F0B57A4D1B
:1028B000440004EBD11405EB041C85B09CF80B60BC
:1028C000002E40F0A080240106F0FF072A514FEAB5
:1028D000D11EACF80430ACF8067000283CD1002BB7
:1028E00051D16E4AD2F88024C2F3C01272454AD048
:1028F0006B4E72688DF80810C2F3080100394FF46E
:10290000E06218BF012101A803938DF80930ADF8EA
:102910000420FEF775FEBFF35B8F05F5907201236F
:10292000D2E84F1FC2E8403F0028F9D1BFF35B8FC8
:10293000CCB2002C40F08E805A4A1360BFF36F8FE8
:10294000BFF34F8FBFF35B8F1C4685F82011BFF399
:102950005B8F204605B0F0BDBEF1000F16D105EB30
:1029600040150123EB72BFF36F8FBFF34F8FAB7A2C
:102970002BB1EB7A03F0FF04002B40F0838001249D
:10298000204605B0F0BDBEF1000F46D005EB40116A
:1029900000EB8003CE8A8A8A0C8B0969921B9B000C
:1029A00092B203F1804303F51C33A24228BF2246B2
:1029B0003D4EC3F80016C3F804263C4BBFF35B8FB3
:1029C00006EB8001012200B2D3E84F4FC3E8472F46
:1029D000002FF9D1BFF35B8FE4B2002C47D146F84A
:1029E0002020BFF36F8FBFF34F8F2E4B994202D041
:1029F000043B9942C3D1BFF35B8F002385F820319C
:102A0000BFF35B8FBBE72A4B1C6814F00104A0D016
:102A100000BE0024204605B0F0BD0123234AEB721E
:102A2000BFF35B8FD2E84F4FC2E8413F0029F9D195
:102A3000BFF35B8FE4B254BB1E4A1360BFF36F8FCA
:102A4000BFF34F8FBFF35B8F85F820E11C46BFF3C8
:102A50005B8F7EE7726813491748C2F30802003A99
:102A600018BF0122FEF788FF204605B0F0BD0C4BD1
:102A700011485A68C2F30802003A18BF0122FEF753
:102A80007BFF66E785F80AE0FFF76AFC61E7044B25
:102A900008495A68E0E700BFDC830020007002406C
:102AA00000ED00E05070024004700240FC84002001
:102AB000F0ED00E04C7002405924030011F07F005B
:102AC00008B507D10D4B01225A65BFF36F8FBFF3D5
:102AD0004F8F08BD0828F8D0084B41F48072C9090F
:102AE000C3F81825F1D1064B03EB40139A7A002A5C
:102AF000EBD09972FFF734FCE7E700BF00700240AB
:102B0000DC83002011F0770F12D00A4B41F4807261
:102B1000C3F80C15C3F80C25CA09C3F8181504BF6F
:102B200001F5947143F82120BFF36F8FBFF34F8FEE
:102B3000704700BF007002402DE9F04F954B96485A
:102B4000D3F8001300238BB01D461E46012421FA42
:102B500003F2D2070BD550F8232042B104FA03F256
:102B600040F823601543BFF36F8FBFF34F8F0133DE
:102B7000192BECD1EF0700F13982DFF82CB22E05CA
:102B800008D5844BD3F8A83601229BB2ABF8163196
:102B90008BF81C21AC0200F1E68105F4800404B33B
:102BA0007C4AD2F8004440F201732340E705C2F8A2
:102BB000003400F17D82660510D5764B0122C3F802
:102BC00008259A65D3F8002312F4001208BFC3F851
:102BD0005421704B4FF40012C3F80423A00500F1F8
:102BE0005E8229023CD56B4BD3F880E4D3F8841481
:102BF000D3F88874D3F88C44D3F89064D3F8940451
:102C0000D3F89824D3F89C341EF07F0F5FFA86FC2B
:102C10005FFA80F8C9B2FFB2E4B2D6B2D8B25FFAB6
:102C20008EF901D105291BD0002213466CF307034E
:102C300069F3070261F30F2268F30F2367F317426A
:102C400066F3174364F31F6260F31F634FF4C064BD
:102C5000012107A8CDE90823ADF81C40FEF7D0FC00
:102C60004E4B2B40002B40F00382DFF83C81494E55
:102C7000C346C14608F5907700241EE05B44DA7A2B
:102C8000002A00F08A82DA88A9F804200022DA7289
:102C9000DB888DF820A09BB24FF4E06C012107A8DF
:102CA00009938DF82120ADF81CC0FEF7A9FCBAF1FC
:102CB000080F4BD0013409F1200904F10C0325FA67
:102CC00003F3DA075FFA84FAF1D504EB840206EB2A
:102CD0008202D9F80030D2F808170BEB441213FA2D
:102CE00081F3C9F80030D38889B211FA83F39BB21B
:102CF000082CD3804FEA4413C0D0B9F808008842AA
:102D0000BCD1D288B9F8041092B29142B6D9BAF1C6
:102D1000000FCCD10122BFF35B8FD7E84F3FC7E84C
:102D2000412F0029F9D1BFF35B8F13F0FF0F40F063
:102D30005A821B490A60BFF36F8FBFF34F8FBFF3F7
:102D40005B8F8BF82031BFF35B8FB3E7154B2B40C4
:102D5000002B00F005810F4BD3F86C240192C3F8CF
:102D60006C24BFF36F8FBFF34F8F15F4806500F0B5
:102D70009381D3F88024D3F8803483F08003C3F3A5
:102D8000C0130593C2F3C0130493DFF80890002426
:102D9000DA4613E00070024000710240FCFB1F00A5
:102DA0004C70024000040001DC830020002C00F085
:102DB0001881072F54D0013408F120080199E1400F
:102DC00004EB840311F0010F09EB83030AEB4412B7
:102DD000E7B24FEA840EE9D0D3F80806D8F81060BD
:102DE000C0B20644C8F81060D18A10FA81F189B2E5
:102DF000D182D18AB8F8145089B2A942B34971443A
:102E000003914FF0010C67F07F0102914FF4E06BEA
:102E1000614607A880F0D680D18AB8F81820C3F898
:102E200000666D1AADB2954228BF1546A84AC3F890
:102E30000456BFF35B8FD2E84F3FC2E841CF002971
:102E4000F9D1BFF35B8F13F0FF0F40F019819F4B57
:102E50004EF803C0BFF36F8FBFF34F8F072FAAD178
:102E6000019BDF03D34601D4059B6BB19BF80B306C
:102E70003BB1BBF80630BBF804209BB29A4200F28B
:102E8000938101238BF80A30019B9E030DD59BF89B
:102E90002B303BB1BBF82630BBF824209BB29A42C2
:102EA00000F2868101238BF82A30019B5D030DD54A
:102EB0009BF84B303BB1BBF84630BBF844209BB28B
:102EC0009A4200F2AE8101238BF84A30019B1C0329
:102ED0000DD59BF86B303BB1BBF86630BBF8642076
:102EE0009BB29A4200F2AD8101238BF86A30019BBC
:102EF000D8020DD59BF88B303BB1BBF88630BBF8C0
:102F000084209BB29A4200F2578101238BF88A30C9
:102F1000019B990200F10481019B5A020DD59BF897
:102F2000CB303BB1BBF8C630BBF8C4209BB29A4251
:102F300000F24A8101238BF8CA30019B1B020FD596
:102F40009BF8EB30002B00F02481BBF8E630BBF897
:102F5000E4209BB29A4240F21C810720FFF700FA5E
:102F60000BB0BDE8F08F5B4BD3F81425D0050ED520
:102F700015F4800400F0E280D3F80024D20740F179
:102F8000DD80D3F81035DB0500F1B0800DE0D3F81B
:102F90001025D10500F1A8809BF821211AB94FF422
:102FA0000012C3F8082305F4800407A8494BD3F89E
:102FB0002035089301214FF44073ADF81C30FEF723
:102FC0001FFBECE5D38AADF81CB09BB20993029BC2
:102FD0008DF820304FF000038DF82130FEF710FB04
:102FE000E7E6049900293FF4E6AEF5E6374B394AA7
:102FF000DFF8F0B0384800240126C2F81465C2F8A2
:103000001065546094625C609C629C60DC62DC6071
:103010001C631C615C635C619C639C61DC63DC61C0
:103020001C6454629464C2F85841D2F80034D2F857
:1030300000140B43C2F80034D2F80033C2F808334E
:103040002146C2F8040358464FF4927211F032F848
:1030500040234FF48072314607A8ABF81830ABF824
:1030600008308DF82040ADF81C20FEF7C9FA86E53F
:103070000023BFF35B8F8BF82031BFF35B8FF4E548
:10308000164B17485A680399C2F30802003A18BF52
:103090000122FEF771FC8CE6CDE9045575E64FF48C
:1030A000A063012107A8ADF81C30FEF7A9FA98E546
:1030B0000121C2F82C154FF4806307A8ADF81C302D
:1030C000FEF79EFA66057FF589AD76E5047002404D
:1030D000FC840020007002400514C00100ED00E0F7
:1030E00059240300DC83002005F480049BF81C3184
:1030F000002B3FF45AAFBBF8163100219BB207A852
:1031000009934FF4E0628BF81C1188230121019090
:10311000ADF81C20ADF82030FEF772FA019845E7B3
:103120009BF8AB3033B1BBF8A630BBF8A4209BB200
:103130009A4245D801238BF8AA30EDE6434BBFF302
:103140005B8F0122D3E84F1FC3E8402F0028F9D13D
:10315000BFF35B8F11F0FF0F51D13D4BD3F8C0048B
:10316000C60335D49BF80B1101F0FF0600295CD093
:103170003849DBF80061C3F8A067C3F8A4070A6008
:10318000BFF36F8FBFF34F8FD3F81035D905ADD490
:103190000BE701238BF8EA30E2E62F4B1B68DB07D5
:1031A0007FF5DEAE00BEDBE60020FFF7D9F86BE668
:1031B0000120FFF7D5F878E60420FFF7D1F8A7E65D
:1031C0000520FFF7CDF8A7E60620FFF7C9F8B4E61B
:1031D000BFF35B8F8BF82011BFF35B8FD3F81035F3
:1031E000D80583D4E1E61D4B1D485A681D49C2F33A
:1031F0000802003A18BF0122FEF7BEFB5AE5174B42
:1032000019485A68C2F30802003A18BF012208217F
:10321000FEF7B2FB0E4BD3F81035DF053FF566AF76
:10322000C3E60220FFF79CF850E6BFF35B8F8BF8F4
:103230002061BFF35B8FD3F81035DA053FF556AF49
:10324000B3E60320FFF78CF851E600BFFC840020B2
:103250000070024048700240F0ED00E000ED00E038
:10326000592403004C700240CD240300F0B501281E
:1032700085B006D0022800F0868000283ED005B038
:10328000F0BDB04BD3F80025002AF8D00022C3F8D7
:103290000425BFF36F8FBFF34F8FAB498020C1F878
:1032A0008400BFF34F8FBFF36F8FD3F80013C3F8C1
:1032B0000813C3F80025BFF36F8FBFF34F8F43F29E
:1032C000040103F18D53096803F5772303F2DB53FF
:1032D000994201AC00F074819C4B01221A609C4B16
:1032E0005968C1F3080100394FF40073204618BF34
:1032F0000121ADF80430FEF783F9C0E7914BD3F814
:103300000025002ABBD14FF480014FF40062C3F8BE
:103310000813C3F80024BFF36F8FBFF34F8F8D4B9B
:103320001B68082B00F0CC80864B0122C3F80025D7
:10333000BFF36F8FBFF34F8F43F2040203F18D533E
:10334000126803F5772303F2DB539A4200F0E28020
:103350004FF08043D3F80C24D3F80C34DF0300F192
:10336000ED8043F204027C4B12689A4200F0068121
:103370007A4B00221A601B6801934FF080430122B0
:1033800001991A607BE76F4BD3F80435002B4AD1C3
:103390006C4AD2F800341805FBD54FF40063C2F82C
:1033A0000034BFF36F8FBFF34F8F6A4B1B68082B3E
:1033B0004BD0644B644D80240122C3F81C45C3F8F4
:1033C0000423C5F88441FDF763FC002876D1624EE2
:1033D00043F204054FF080442B68B34211D0D4F877
:1033E0000C24D4F80C34D903F6D5D307F4D5554BB7
:1033F0000122C3F80425BFF36F8FBFF34F8F05B0D1
:10340000F0BD01A800278DF80470FEF7A7FF9DF816
:103410000430002BE3D001A80197FEF79DFF019B2C
:10342000002BD9D0E3E743F204024B4B12689A42D7
:1034300000F0B2804FF08043D3F80C24D3F80C3462
:10344000DD03A5D5D407A3D519E7454B1B68032B8E
:10345000AFD8444B1A68002A40F0BF80424849F276
:1034600075311960026019603A4A3D4B12681B6859
:10347000082A9ED1032B9CD83C4AD35C93B1394B8C
:103480001A68002A40F0B180394849F27531196054
:10349000026019602F4A324B12681B68082A88D1D3
:1034A000032B86D83349344B40F2E3704022086046
:1034B0001A60BFF36F8FBFF34F8F7AE76C6086E7B8
:1034C000274B1B68032B3FF62FAF284AD35CABB1C9
:1034D000244B1A68002A40F08C80254949F2753245
:1034E00003201A6008601A601A4A1D4B12681B6894
:1034F000082A7FF419AF032B3FF616AF194B1A6851
:10350000002A6ED1184949F27532C0201A6008604D
:103510001A6009E701A800248DF80440FEF71EFF99
:103520009DF80430002B3FF413AF01A80194FEF77F
:1035300013FF019B002B7FF4A2AE12E7D6073FF5E5
:103540009EAE0EE70070024000E100E00400004083
:1035500000ED00E030010010DBE5B151000100405A
:103560003401001000EC064014EC0640E899040019
:1035700014ED06400078024004780240002301A8C0
:103580008DF80430FEF7EAFE9DF80430002B3FF47E
:10359000EFAEFEF7DDFE72E601A800248DF80440D0
:1035A000FEF7DCFE9DF80430002B3FF443AF01A88A
:1035B0000194FEF7D1FE019B002B7FF460AEE7E69D
:1035C00020468DF80420FEF7C9FE9DF80430002B3C
:1035D0003FF482AEFEF7BEFE81E6084B00221A6081
:1035E00042E7064BC0221A609EE6054B00221A6095
:1035F00050E7034B03221A6076E700BF14EC064045
:1036000014ED0640F8B5037813F001041AD10378DD
:103610005A070546C3F3800701D52046F8BD0E467C
:1036200030464FF0FF3108F0F7FB2B7813F0010420
:103630000BD12B785B0709D42B7843F004032B7054
:10364000012403E000242046F8BD3C460023304618
:103650001A46194607F0F0FF2046F8BD70B504463B
:103660000D4608464FF0FF3108F0D6FB2378C3F330
:1036700080065B0708D5237813F0010205BF237885
:1036800062F3820300262370002328461A46194657
:1036900007F0D2FF304670BD30B4C478858804F09E
:1036A0000303022BC5F30A0507D0032B28D0012BF7
:1036B00014D00023184630BC7047022929D012B11B
:1036C000B5F5007F2FD0A5F108039BB2182B24D9A4
:1036D000402D0BD10123184630BC7047022940F21F
:1036E000FF3208BF4FF48062AA42E3D2114B1B683D
:1036F00013F00103DED000BE0023184630BC704733
:1037000002290CBF4FF480634023AB42EED3012368
:10371000E1E7B5F5007FDDD0E8E7074A22FA03F3D9
:10372000DB07D7D4E2E7002440211346447101713E
:10373000C0E700BFF0ED00E0010100010A44914242
:1037400016D230B44C78052C05D00C7821448A422E
:10375000F8D830BC70478C7804F07F0500EB450545
:10376000E4092B550C7821448A42EBD830BC7047D1
:10377000704700BF2DE9F04182B00578089FBDF881
:103780002460BDF82C8061F300050446394600F83A
:10379000085B0093154601233246FDF713F807B185
:1037A0003EB90A9B63600120A4F8028002B0BDE824
:1037B000F08104F11C01012008F0EEF80DB105467E
:1037C0000020C4E90550ECE710B50446406908B193
:1037D00008F0AAFCA06908B108F0A6FC012010BD01
:1037E000F0B50B46074613F8080B83B010F0020F34
:1037F000184640F2FF1314BF1E463F260C461546DE
:10380000FDF718F8D8B9D5B1354218D123786178C9
:10381000DA07384616D5FEF7E7FA80B1237813F0B9
:10382000010312D0002361780193384600931A46B1
:10383000FEF720FB20B9094B1B68DB070BD40020E7
:1038400003B0F0BDFEF7FEF8E7E7617838461A46A8
:10385000FEF718F9EEE700BEF2E700BFF0ED00E07A
:10386000F0B501F1080583B0064628460C46FCF782
:10387000E1FF08B323786178DF0730461FD5FEF7F4
:10388000B3FAC8B1284662886168FCF7FFFF0546B5
:1038900018B32378DA0715D50023CDE90033304675
:1038A000626861782B46FEF7E5FA98B9124B1B68FF
:1038B000DB0701D500BE00E0002003B0F0BDFEF73D
:1038C000C1F8DEE76268617830462B46FEF7DAF829
:1038D0000028EBD0284603B0F0BD2078617810F0C6
:1038E0000107304603D0FEF7A5FA2846F3E7FEF7B6
:1038F000B9F83846E1E700BFF0ED00E02DE9F0430C
:103900008B8983B00C460646DBB90B784978DD0716
:1039100063D5FEF769FA00285BD022786388617866
:10392000D2075DD5002B64D062680025CDE9005533
:103930003046FEF79FFA00283BD0608803B0BDE810
:10394000F0830F46354D17F8083B03F00203002BB8
:1039500038460ABF6FF03F054FF400794FF0400939
:10396000FCF782FF814534D823786178DB07304645
:103970003CD5FEF739FA60B33846FCF775FF814550
:103980001FD805EA00086088227861781FFA88F35A
:10399000984228BF1846D20705462ED5002838D1B0
:1039A00002460023CDE9003330462B46FEF762FA8B
:1039B00068BB1B4B1B68DB070BD500BE03B0BDE823
:1039C000F0832378617813F0010530461DD0FEF7AF
:1039D00031FA002003B0BDE8F083FEF733F89AE730
:1039E0004BB162683046FEF74DF8A4E7FEF72AF8BF
:1039F000C1E71A4699E71A46F4E760B9024630462D
:103A00002B46FEF73FF810B9D3E7FEF72BF8284610
:103A1000E0E76268C5E76268F1E700BF00FEFFFF0C
:103A2000F0ED00E0437C03B1704730B54FF4807295
:103A300085B002820321FF22019304468DF8032002
:103A40008DF806208DF80510827B417B8DF80020D3
:103A50004FF080451A4602958DF80110057BC3731F
:103A6000694603938DF802500AF0A4F9A37B1F2B3B
:103A700086BF03F01F030C4A4FF0A04203F5E0732A
:103A800040F2013142F82310637B1F2B86BF03F005
:103A90001F03054A4FF0A04203F5E07340F20331E3
:103AA00042F8231005B030BD0003005010B483B0BD
:103AB00002AB03E906009DF805109DF80420036899
:103AC000013918BF01210024022AC3F800450C4621
:103AD0000174C27332D0032A2DD0012A28D0224A81
:103AE0000099B2FBF1F2B2F5007FC3F8544504D25D
:103AF000FF2A0DD94FF0806101E04FF000710722DD
:103B0000C3F82415C3F8002503B05DF8044B7047D3
:103B10007F2A16D83F2A17D81F2A18D80F2A19D853
:103B2000072A02D811498B4217D04FF00041E6E72F
:103B300041F00204D3E741F00604D0E741F0040469
:103B4000CDE74FF00061DAE74FF08051D7E74FF053
:103B50000051D4E74FF08041D1E7032A8CBF4FF0EA
:103B600020614FF0A051CAE70090D00300F002405E
:103B700003680022C3F80025704700BFC37B0268BA
:103B8000013918BF0121022B017406D0032B0ED07E
:103B9000012B07D0C2F85415704741F00401C2F858
:103BA0005415704741F00201C2F85415704741F0B6
:103BB0000601C2F854157047002B3ED02DE9F043A2
:103BC000804685B00E4617461D464FF6FF794D4597
:103BD0002C464FF0000269464046009628BF4C46EE
:103BE0006EB1CDE90147AFB103940AF025FA2D1B60
:103BF00026442744002DEAD105B0BDE8F083CDE985
:103C00000167324669467FB103942D1B0AF014FA0E
:103C10002744EFE72D1B3A466946039726440AF0EE
:103C20000BFA002DD3D1E7E73A462D1B03973E460A
:103C30000AF002FA002DCAD1DEE7704730B587B02E
:103C400001230D460DF10704002202A9CDE903343A
:103C50008DF80750029405930AF0EEF99DF80700DD
:103C600007B030BD1149124A1248134B70B44D6A67
:103C70000C6A157301251060886A1571D1F894607B
:103C800094735073D1F89840D1F890000B4D1E7387
:103C900000219C735873D17311821971D9731982E1
:103CA0001D60916070BC9960704700BF3C9D04002E
:103CB0000085002000F00240148500200030024002
:103CC000704700BF203006F0D3BE00BF38B5437F39
:103CD0000BB9002038BD00F1680420460D4606F0FF
:103CE000D5FE0028F5D12046294606F0A1FE012088
:103CF00038BD00BF203006F0ADBE00BF203006F05A
:103D0000BDBE00BF2DE9F04F83B0019272B34C1ECF
:103D1000174F0546C1F1010604EB020800F1680ADD
:103D20002B681B68BB4206EB040B14F8019F17D1EC
:103D30006B7F50461BB9584603B0BDE8F08F06F0C4
:103D4000A5FE034649465046002BF4D106F070FE0E
:103D50004445E5D1DDF804B0584603B0BDE8F08F26
:103D60004946284698470028F2D1E4E79346E2E71F
:103D7000CD3C030030B4837E1F2B4FF0010288BF7F
:103D800003F01F03C27603F5E0738CBF244A4FF0A3
:103D9000A04240F20C6142F82310437E02691F2BBF
:103DA00086BF03F01F031E494FF0A04103F5E073E7
:103DB00040F20C6441F823404FF0CC710623C2F866
:103DC0002415C2F80035837EC2F8083590F9183002
:103DD000417EC2F80C15002B1ADB124C5A0903F075
:103DE0001F05603201212344A940602544F82210B8
:103DF00083F8005390F91830002B07DB094903F0D2
:103E00001F0001225B09824041F8232030BC70472B
:103E1000054A03F00F031A4460231376EAE700BF54
:103E20000003005000E100E0FCEC00E0F8B51446AF
:103E30000AB91046F8BD054600F1200738460E467F
:103E400006F004FE2B690122C3F888651A62C3F8E4
:103E50003475C3F838451A6002E0D3F824211AB942
:103E6000D3F84C21002AF8D00022C3F84C2102E0FC
:103E7000D3F824211AB9D3F85C21002AF8D0002104
:103E80000122C3F85C115A61D3F80421002AFBD047
:103E90000022C3F80421D3F8241109B1C3F8242166
:103EA000D3F83C052866C0B2F8BD00BF10B5044683
:103EB00080F8B010683006F0C9FD0123637710BDAB
:103EC000F8B503690446002290F8B0006277012734
:103ED00004F16806C3F88805C3F8042130461F6260
:103EE000C3F844650D4606F0C3FD2369C3F84805D1
:103EF0009F6002E0D3F824211AB9D3F85021002A98
:103F0000F8D00022C3F85021304606F0B1FD2369F5
:103F100020BB0022C3F8602115B9D3F8242112B3C5
:103F200001225A61D3F80421002AFBD00022C3F8F1
:103F30000421D3F8240160B10022C3F82421D3F86E
:103F4000C404C3F8C404022803D004280CBF03200F
:103F50000420F8BDD3F82421002ADAD1D3F8602157
:103F6000002AF7D0D5E70122DA61D3F84821002AE8
:103F7000FBD00022C3F84821DBE700BF0121FFF797
:103F80009FBF00BF70B52A4C6369D3F86421002A33
:103F90003CD1D3F86821F2B9D3F8042122B1227FB1
:103FA0000021C3F8041162B9D3F8242142B10022E0
:103FB000C3F82421D3F8D024C3F8D02401225A61B5
:103FC00070BDD4F8B820D3F83C052066002AEBD0A9
:103FD00090476369E8E70022C3F8682115484FF469
:103FE0008073A38306F032FDD4F8B43003B1984750
:103FF00063691048C3F844050023637706F038FD71
:1040000063690122C3F848055A63C5E7002204F139
:104010002006C3F8642101253046257706F016FDF9
:1040200063694022C3F83465C3F838251D63B0E7DF
:10403000288500209085002070B52A4C6369D3F84C
:104040006421002A3CD1D3F86821F2B9D3F80421C5
:1040500022B1227F0021C3F8041162B9D3F82421D0
:1040600042B10022C3F82421D3F8D024C3F8D024CD
:1040700001225A6170BDD4F8B820D3F83C052066FF
:10408000002AEBD090476369E8E70022C3F8682173
:1040900015484FF48073A38306F0D8FCD4F8B430ED
:1040A00003B1984763691048C3F844050023637758
:1040B00006F0DEFC63690122C3F848055A63C5E7D0
:1040C000002204F12006C3F864210125304625773B
:1040D00006F0BCFC63694022C3F83465C3F8382598
:1040E0001D63B0E7E48500204C8600202DE9F843ED
:1040F0001A4DDFF878901A4C1A4F284600264FF4D4
:104100007A7840F8209BC5E9016806F085FC05F146
:10411000680006F081FC032320462B763B696B7612
:10412000114B7A6940F8209BC5E90433AA76C4E9AB
:1041300001686E7706F070FC04F1680006F06CFC14
:10414000D7E9102104204FF04023C4E904336677F7
:1041500020766176A276BDE8F88300BF288500202E
:10416000E48500203C9D040000300040F4990400E8
:1041700030B4074A42614FF07E558024002200216E
:1041800085600473816130BC42600261704700BF8A
:104190000000FF0A704700BF38B50446084621708A
:1041A0006270637502219DF810500AF0F9FB607887
:1041B00001210AF0F5FB607800210AF075FC05B9D1
:1041C00038BD012160780AF06FFC0B4B4FF4805032
:1041D00043F001039847607800210AF065FC002352
:1041E000802200204FF07E5123752273A06163600E
:1041F0002361A16038BD00BF109A040008B50078A3
:104200000AF070FCB0FA80F0400908BD2DE9F84FC3
:10421000044601E00AF016F920780AF063FC012850
:10422000F8D04FF0000872B6554B677894F800A0AC
:10423000C34643F0010908258026384601210AF0CB
:1042400033FC637D402003B1C84750460AF04AFC66
:104250000346012B38464FF0000108BF46EA0B0B1E
:104260000AF022FC637D7608402003B1C847013D77
:10427000E3D1434B94F8019094F800A06BF31748F6
:104280002E4643F0010B08258027484601210AF0FD
:104290000BFC637D402003B1D84750460AF022FC56
:1042A0000346012B48464FF0000108BF3E430AF089
:1042B000FBFB637D7F08402003B1D847013DE4D17B
:1042C0002F4B677894F8009066F30F2843F0010BAA
:1042D00008264FF0800A384601210AF0E5FB637D8D
:1042E000402003B1D84748460AF0FCFB0346012BA7
:1042F00038464FF0000108BF4AEA05050AF0D4FB32
:10430000637D4FEA5A0A402003B1D847013EE2D10B
:10431000237B802B65F3070830D0402B2CD0202B3B
:1043200014BF01250225164E46F0010660780121D2
:104330000AF0BAFB637D402003B1B04760780021EA
:104340000AF0B2FB637D402003B1B0476B1E13F04F
:10435000FF05EBD162B618F4000F18BF48F07F4894
:1043600007F04CF8206140460FF0EAF80FF0ECFB44
:1043700000EE100ABDE8F88F0325D4E70125D2E747
:10438000109A040030B40A236B24017044708370C7
:10439000E1B9427001230F4903714FF4C8724FF025
:1043A00001330D4DC0F80610642440F6B831428147
:1043B000C3600A22C0F8163000230561848241835D
:1043C00030BC82838377C0F826307047012908BF4C
:1043D0008270DFE7D007A0011000A001F8B50778D0
:1043E00004460E4615469FB1012F0FD1807800215B
:1043F0000AF05AFB31461048FFF720FC29460E48C8
:10440000FFF71CFCA07839460AF04EFB0020F8BDEF
:1044100041780A48FFF74AFD31460848FFF756FC45
:1044200029460648FFF752FC0448FFF7A7FD00386D
:1044300018BF0120F8BD00BF00850020E4850020E2
:1044400038B50578044615B1012D11D038BD417835
:104450001048FFF72BFD3A210E48FFF737FC29469D
:104460000C48FFF733FCBDE838400A48FFF786BD2B
:10447000807800210AF018FB3A210748FFF7DEFB9D
:1044800000210548FFF7DAFBA0782946BDE838404F
:104490000AF00ABBE4850020008500202DE9F041E8
:1044A000047806460F4690460CB3012C19D180784B
:1044B00000210AF0F9FA48F080011F48FFF7BEFB1F
:1044C00000211D48FFF7BAFB01210446B0780AF02D
:1044D000EBFAFF2C14BF002605263C703046BDE8E1
:1044E000F081002634463C703046BDE8F0814178CA
:1044F00012480546FFF7DAFC41462846FFF7E6FB7F
:104500002846FFF73BFD0346717828461E1E4FF0F4
:10451000010218BF0126FFF789FC02E0FFF7EAFB62
:10452000C4B22846FFF7CEFB03462846002BF5D140
:104530003C703046BDE8F08100850020E485002015
:1045400030B5012183B004460F200AF029FA204B30
:1045500040F20332C3F8202701210F200AF0A4FA09
:104560000A2006F057FF257875B3012D0ED11948A2
:10457000FFF758FA17482946FFF700FBA0782946AD
:104580000AF00EFAA07829460AF08EFA00238DF878
:10459000063042F210729DF80630013A0133DBB268
:1045A00092B28DF80630002AF5D120460F220DF187
:1045B0000701FFF773FF9DF807006938012894BFD2
:1045C0000020012003B030BD0348FFF7D3FBDDE737
:1045D0000003005000850020E48500202DE9F04113
:1045E000044682B000258DF80550FFF7A9FFA37B94
:1045F0008DF80550012B064639D02A461021204659
:10460000FFF7ECFE13220DF105012046FFF746FFF0
:104610009DF80520E37B02F07F02012B8DF8052039
:104620004FF0130108BF42F08002204608BF8DF80A
:104630000520FFF7D3FE23790022012B8DF80520FA
:1046400000F0888011212046FFF7C8FE0F220DF1EF
:1046500006012046FFF722FF237E012B58D094F855
:104660002230002B62D1304602B0BDE8F081A28A30
:10467000642A00F0FA80C82A00F0EF80322A0BBFCB
:10468000072204220F200C200BBF0B250825032333
:104690000023218A042900F0E680082900F0E18047
:1046A000022908BF1A46638A40F241318B4200F06A
:1046B0001B8110D8342B00F01D811DD9D02B00F0A8
:1046C000EB80B3F5D07F40F0038142F06002D2B2BC
:1046D0008DF8052092E741F604218B4200F0FE8020
:1046E00074D943F212418B4240F0F28062F04F02E3
:1046F000D2B28DF8052081E70D2B00F0D3801A2B64
:1047000040F0E68042F02002D2B28DF8052075E735
:104710009DF80630692B00F09D806A2B04BF4FF492
:104720008073238494F82230002B9CD00DF1070174
:1047300019222046FFF7B2FE9DF80720204642F0DE
:10474000200219218DF80720FFF748FE304602B0FD
:10475000BDE8F081E388B3F5FA7F00F08B8043D8A1
:104760007D2B6BD0F52B15BF8C2180217C207020F8
:1047700015BF6C2560255C27502715BF4FF04C0CEA
:104780004FF0400C3C22302215BF4FF02C0E4FF062
:10479000200E4FF01C084FF010082389D02B00F09A
:1047A000938007D81A2B00F08B80342B40D18DF8E2
:1047B000052047E740F24132934279D040F27C62D3
:1047C00093422ED18DF805100A463BE740F27C61FA
:1047D0008B425BD040F602518B4279D162F06F027E
:1047E000D2B28DF8052009E7B3F57A7F15BF8C2189
:1047F00088217C20782015BF6C2568255C275827E8
:1048000015BF4FF04C0C4FF0480C3C22382215BF1E
:104810004FF02C0E4FF0280E4FF01C084FF01808E8
:10482000BBE7B3F5D07F47D18DF805502A4609E79D
:104830000D2B41D18DF80580424603E7822172207D
:10484000622552274FF0420C32224FF0220E4FF0D9
:104850001208A2E71023238401E705220D20092571
:1048600017E702461FE72A461DE706220E200A2503
:1048700002230EE784217420642554274FF0440C52
:1048800034224FF0240E4FF0140886E762F07F02C6
:10489000D2B28DF80520B1E642F05002D2B28DF8C6
:1048A0000520ABE642F01002D2B28DF80520A5E655
:1048B0008DF805000246C5E68DF805C06246C1E6E2
:1048C0008DF805E07246BDE68DF805703A46B9E60A
:1048D00042F04002D2B28DF805208FE662F05F020E
:1048E000D2B28DF8052089E642F07002D2B28DF87E
:1048F000052083E642F03002D2B28DF805207DE635
:10490000F8B5037805460C4616460BB3012B1CD1AF
:10491000807800210AF0C8F846F080012248FFF7AD
:104920008DF900212048FFF789F900212070064603
:104930001D48FFF783F9FF281AD060700026A87879
:1049400001210AF0B1F83046F8BD00263046F8BD26
:1049500041781648FFF7AAFA31461448FFF7B6F92E
:104960001248FFF70BFB064640B101263046F8BD62
:10497000FF2E607014BF00260526E0E70B4869781B
:1049800002220546A71CFFF751FA05E0A742DDD039
:10499000FFF7B0F904F8010B2846FFF793F9034637
:1049A0002846002BF2D1D1E700850020E4850020C5
:1049B000F0B583B00023242201A9ADF804300546E8
:1049C000FFF79EFF9DF805209DF8043043EA02237F
:1049D0001CB220B1052829D02B8D01332B85E88806
:1049E000F5281FD0164BA3FB0030C0F3C7000EF014
:1049F000A7FD06460F4607EE904AF8EEE77A17EE57
:104A0000900A0EF0AFFD0CA3D3E900230EF002FED6
:104A100032463B460EF0FEFD0FF096F800EE100A0F
:104A200003B0F0BD00264FF08047E4E7EB8C013384
:104A3000EB84D4E7AFF30080EC51B81E85EB713FF7
:104A4000D34D621000000000F0B583B00023262291
:104A500001A9ADF804300546FFF752FF9DF8052087
:104A60009DF8043043EA02231CB220B1052829D066
:104A70002B8D01332B85E888F5281FD0164BA3FB1F
:104A80000030C0F3C7000EF05BFD06460F4607EE90
:104A9000904AF8EEE77A17EE900A0EF063FD0CA349
:104AA000D3E900230EF0B6FD32463B460EF0B2FDD0
:104AB0000FF04AF800EE100A03B0F0BD00264FF0E8
:104AC0008047E4E7EB8C0133EB84D4E7AFF300805D
:104AD000EC51B81E85EB713FD34D6210704700BF9B
:104AE00010B5044609F060F8204610BD38B50A4BF1
:104AF00004460D46442240F80C3B00210FF0DAFA40
:104B00000023A560237104F15401012006F044FF45
:104B10002065204638BD00BF209A040070B50446C9
:104B20000E46006D4FF0FF3107F076F9257955B943
:104B30008EB1A660314604F10C0005F0BBFBB0FA63
:104B400080F56D0925710023206D1A46194606F07F
:104B500073FD284670BDA668002EF4D0EAE700BFBA
:104B600070B505464FF0FF31006D07F055F92B7910
:104B700093B1002305F10C062B71304605F0AEFC15
:104B8000044680B10023286D1A46194606F054FDEC
:104B9000B4FA84F0400970BDA96805F10C0004F076
:104BA00029FF0446EEE7A968304604F023FF0446D7
:104BB0000028E7D1A968304605F07CFB04460028B0
:104BC000E0D101232B71DDE730B5044695B00D46E9
:104BD000006D4FF0FF3107F01FF9294601AA04F1DB
:104BE0000C0004F0DBFC002302461946206D14463D
:104BF0001A4606F021FDB4FA84F0400915B030BD24
:104C00002DE9F04F83B00B7800AF2F2B78600CBFED
:104C10004C1C0C4606460D46006D4FF0FF3107F068
:104C2000FBF806F10C084FF0000917E0ADEB030D9F
:104C300068468B4500F8019BEA4601DD0FF03AFA21
:104C400029465A4650460FF00DFA5146404603F0A9
:104C50000BFD08B1113028D10134B54620462F2173
:104C600010F056F9A0EB050B0BF108036E4600217E
:104C7000044623F007035A460028D7D12946404668
:104C800003F0F2FC60B901247A680023106D194624
:104C90001A4606F0D1FC20460C37BD46BDE8F08F21
:104CA000113014BF00240124EEE70024B546EBE7E1
:104CB00038B504460D46006D4FF0FF3107F0ACF8F3
:104CC000294604F10C0004F0C1FC002302461946F9
:104CD000206D14461A4606F0AFFCB4FA84F0400981
:104CE00038BD00BF036970B504460D46186D4FF01E
:104CF000FF31164607F090F8237D4BB1002522695D
:104D00000023106D19461A4606F096FC284670BD21
:104D10002069A1692A4633460C3003F0F3FF20EAEC
:104D2000E075ECE770B50369044682B0186D4FF08A
:104D3000FF3107F071F8267D4EBB2069A1690C3068
:104D400004F01EFC05462069A1698DF80760012367
:104D50000DF107020C3004F05FFB00282069A16907
:104D6000C8BF9DF807602A4600F10C004FF0000311
:104D7000D8BF4FF0FF3604F0D3FB22690023106D3B
:104D800019461A4606F058FC304602B070BD4FF086
:104D9000FF36F2E738B5036904464FF0FF31186D6E
:104DA00007F03AF8237D4BB1002522690023106DEE
:104DB00019461A4606F040FC284638BD2069A1690C
:104DC0000C3004F0DFFB05462069A1690C3004F0CB
:104DD000D7FB2D1AE9E700BF036910B504464FF071
:104DE000FF31186D07F018F8237D43B122690023C5
:104DF000106DBDE810401A46194606F01DBC20692A
:104E0000A1690C3004F0E4F9F0E700BF30B50369A4
:104E1000044683B0186D4FF0FF3106F0FDFF257D8D
:104E200055B122690023106D19461A4606F004FC9C
:104E30004FF0FF3003B030BD2069A1690DF10702CA
:104E400001230C3004F0E8FA23692A460446294677
:104E5000186D2B4606F0F0FB002CCCBF9DF8070028
:104E60004FF0FF3003B030BD30B50368164A5B68C1
:104E700083B093428DF807101ED1036904464FF0AA
:104E8000FF31186D06F0C8FF237D53B1002522695C
:104E90000023106D19461A4606F0CEFB284603B0D3
:104EA00030BD2069A1690C3001230DF1070203F028
:104EB00029FF20EAE075EAE701220DF10701984792
:104EC0000546284603B030BDE54C030030B4074C1E
:104ED000016100224FF47A75C0E900428560C0E9A3
:104EE000062230BC027580F820207047389A0400F2
:104EF000F0B5836997B004460D46164693B1077D19
:104F0000006919460C30002F45D003F0ADFDA069B3
:104F100006F0B6FAE0690023A36108B106F0B0FA22
:104F20000023E361206903AA0C30294604F036FB14
:104F300098B99DF80C30112B34D02C2006F086FA4D
:104F40000146A06130B120692A460C3003F064FDAF
:104F5000002839D0002017B0F0BD0230FAD1012E60
:104F6000F8D1382006F072FA0146A0610028F1D08D
:104F7000206940F203130C302A4603F011FE064666
:104F80000028E7D12069A1690C300223324604F0E1
:104F9000C7FA267509E004F09DF9A06906F070FAD9
:104FA000A761BFE7EEB1012E3AD02F21284610F0BD
:104FB00002F8203400B1451C2946204640220FF05B
:104FC000E7FF012017B0F0BD0123237528460FF03D
:104FD000C5FF013006F03AFA2946E0610FF0A5FF5F
:104FE000E3E701233820019306F030FA019BA0612A
:104FF00001460028AED020692A460C3003F0D0FDCF
:105000000028A7D1012E02D000232375CDE7236904
:10501000A169024603F10C00022304F081FAF3E7D0
:1050200040F20313DEE700BF30B5036983B00446E6
:105030000D46186D01924FF0FF3106F0EDFE019A1A
:1050400029462046FFF754FF2169002302461446F3
:10505000086D1A46194606F0EFFA204603B030BD37
:1050600070B504460025C4E906551048236182B096
:10507000206084F820504FF47A700E46A0604FF004
:10508000FF31186D65602575019206F0C5FE019A25
:1050900031462046FFF72CFF22692B46106D29462A
:1050A0002A4606F0C9FA204602B070BD389A0400BC
:1050B000036970B504460D46186D4FF0FF31164672
:1050C00006F0AAFE237D4BB1002522690023106D56
:1050D00019461A4606F0B0FA284670BD2069A16943
:1050E0002A4633460C3004F097F90546EDE700BF39
:1050F00038B5036904460D46186D4FF0FF3106F0D0
:105100008BFE237D4BB1002522690023106D1946CB
:105110001A4606F091FA284638BD2069A1692A4648
:105120000C3004F0FDF9C543ED0FEDE738B5036928
:1051300004464FF0FF31186D06F06EFE237D4BB133
:10514000002522690023106D19461A4606F074FAEC
:10515000284638BD2069A1690C3004F011FA0546D3
:10516000EFE700BF38B5036904464FF0FF31186D13
:1051700006F052FE237D4BB1002522690023106DFD
:1051800019461A4606F058FA284638BD2069A16922
:105190000C3004F0F7F90546EFE700BF036970B57E
:1051A00004464FF0FF31186D06F036FEA16981B15B
:1051B0002069257D0C30ADB103F056FCA06906F0E6
:1051C0005FF9E0690023A36108B106F059F90023F3
:1051D000E36122690023106DBDE870401A4619464C
:1051E00006F02ABA04F076F8A06906F049F9A5613C
:1051F000EFE700BF8069003818BF0120704700BF8B
:105200002DE9F04F95B00B6906460C46186D4FF02E
:10521000FF3100AF904606F0FFFD00232069337593
:1052200086F82030227D2B4930614FF47A70C6E930
:105230000013C6E90633B060DAB342F62E65206982
:10524000A1690C303A1D03F023FC012831D1BB8940
:105250002E2BF4D0AB4238D0D4F81C9048460FF037
:105260007DFE054607F10C000FF078FE2B18093380
:1052700023F00703EA46ADEB030D68466A1C494676
:105280000EF0F0FE99F800302F2BEB4602D199F882
:1052900001301BB1104B1B882BF8053007F10C01B6
:1052A00058460FF026FE424659463046FFF720FE8C
:1052B000D54622690023106D19461A4606F0BCF93E
:1052C00030465437BD46BDE8F08FBB7B002BB6D0CF
:1052D000C2E700BF389A04002C9A04002DE9F04F71
:1052E00085B0DDE90E4B109F81460D4690461E4667
:1052F000002F63D0B8F1000F03D0D8F80030B342CC
:1053000049D0D9F800002B689E422BD04369B4FBEA
:10531000F3F203FB1242BAB9BB4215D8B7FBF3F262
:1053200003FB127AA7EB0A03009303934368224618
:105330001F4631465B46B84788B9039B57469B4496
:105340001C44002FD6D139E00093A21AC5E90062AF
:10535000D0F804A0AB683146D0470028CAD005B0C9
:10536000BDE8F08F69684369A142D0D8CA18A2424B
:10537000CDD9A2EB040ABA45AB6828BFBA46611A78
:10538000524658461944BF1A54440EF06BFED3449B
:10539000002FAFD112E0D8F80430A342B1D8D9F829
:1053A000000082691A44A242ADD9A2EB040ABA45B0
:1053B000D8F8081028BFBA46E31AE1E7002005B084
:1053C000BDE8F08F2DE9F04F074687B00D4672B368
:1053D0000368D1F800B090469A69D1E901104AB348
:1053E000013A01F101098618A9EB0009441E4FF0AA
:1053F000010A08E014F8012F9DF817309A4223D1D2
:10540000A6423B6814D01A6A934509EB040320D2E4
:105410000DF11702CDE90032CDF808A05B4600225D
:1054200041463846FFF75AFF0028E3D009DB3B68C6
:10543000A8689A69FF210EF03DFE4FF0FF332B6004
:10544000002007B0BDE8F08F6FF0330007B0BDE873
:10545000F08F034B034A044812210EF055FD00BFA4
:10546000549A0400849C0400749A04002DE9F04FBF
:1054700087B0DDF840A00592002B64D0D0F80090F2
:105480008B46D9F81C105C1EA1F10808444507465C
:1054900051D3B4FBF8F001380EF0BEFBD04500F15B
:1054A0000200A4EB8003B3FBF8F560D8BAFBF8F078
:1054B00001380EF0B1FB861CAAEB8606B6FBF8F6A7
:1054C00030460EF0A9FBAAEB800006FB180AB54295
:1054D00043D9D9F82020059B4FF004090DF1140899
:1054E0000BE0012B45D93A68126A934241D8012159
:1054F00001FA04F42D1BB54230D9AC1BB4FA84F484
:1055000095FAA5F1C4F11F04B1FA81F18C4228BFCC
:105510000C4693424FEA840132D20091CDE90189D1
:10552000002259463846FFF7D9FE059B0028D8D0FF
:1055300007B0BDE8F08FD04588BF1346BAFBF8F03E
:105540000CD80025B4E711994FF0FF320A60129A87
:105550001846136007B0BDE8F08F059B119A1360E1
:10556000129B0020C3F800A007B0BDE8F08F002612
:10557000ADE7064B064A07484FF48F610EF0C4FCB6
:10558000054B064A034812210EF0BEFCF89A0400AF
:10559000A49C0400749A0400549A0400849C04009F
:1055A0002DE9F04F89B00746149C129D8B46924618
:1055B0001E46002C55D0DBF80030B3425CD00133DE
:1055C00040F0A18038688269B5FBF2F302FB135307
:1055D000002B4AD1A24248D8B4FBF2F302FB13439A
:1055E0000593E31A009304938468139B2A4631467B
:1055F000A04700287ED1BAF1000F29D0049B3BB30D
:10560000139B5C1E049B04EB0309139B05F101082B
:10561000A8EB030807E014F8012F9DF81F309A4209
:1056200066D14C4514D03B681A6A964208EB0403D5
:1056300063D2012202920DF11F02CDE900325146E0
:10564000334600223846FFF749FE0028E3D051DBFD
:10565000139A049B059C1146194413911D44002C78
:10566000A9D1002009B0BDE8F08FEB1ACBE90063A7
:10567000DBF80030B342A2D1DBF80410A9429ED877
:105680003A6892690A44AA4299D9A2EB0508A04552
:10569000DBF8080028BFA046691A0844424613995F
:1056A0000EF0E0FC38681399826945444144B5FB2B
:1056B000F2F302FB1353A4EB08041391002B7FF4C5
:1056C00078AFDBF800104B1C3FF473AF0092DBE9BE
:1056D0000123D0F80880C04760B952465946384681
:1056E000FFF770FE00283FF464AF09B0BDE8F08F0B
:1056F0006FF0330009B0BDE8F08F064B064A07484B
:1057000012210EF001FC064B064A0448B7210EF0A8
:10571000FBFB00BF549A0400849C0400749A0400AC
:10572000249B0400949C04002DE9F04F0446D2E928
:10573000003091B04FF0010B0A9300230B900691BB
:1057400004F114080DF128090593236859F8045B46
:105750001B6A9D427BD210230DF1300A0022CDE955
:1057600001A300922B4641462046FFF7B7FD0028D3
:1057700039D1059B002B60D10D9B23F00043132BE7
:105780004FD92268D26993424BD84FF0FF3309A812
:1057900010225146099304F0BFFE0D9B23F00043F5
:1057A000102B28D0CDF81C9010260DF12307994618
:1057B00007E001360122394609A804F0ADFEB145E3
:1057C00017D023681B6A9D4241D20123CDE90173A2
:1057D00000962B46002241462046FFF77FFD002819
:1057E000E7D0DDF81C9010F1340F1AD011B0BDE8ED
:1057F000F08FDDF81C90099B9BB99AE80F000BF025
:10580000010610AF07EB860C069F1026FE603E4691
:105810007D601C365CF8185CBD6086E80F000123D3
:105820000593BBF1020F0FD1059B002B14BF002085
:105830006FF0330011B0BDE8F08F069A0C9BD2696F
:105840009B1A002B98DAECE74FF0020B7DE7034B35
:10585000034A044812210EF057FB00BF549A04007B
:10586000849C0400749A04004368013337D02DE906
:10587000F0438368013383B0044628D015460E46B2
:105880004FF000084FF001096A462946CDE900892A
:10589000FFF74AFFE0B905F124086B6A591C16D0DE
:1058A000AF6A7A1C13D0D6F800C09C4513D0D6F846
:1058B00004E0BE450FD073454246294620460AD033
:1058C000BC4508D0FFF730FF0028E6D000E00020FC
:1058D00003B0BDE8F083012003B0BDE8F0830020F1
:1058E000704700BF2DE9F041D1F820C00C46C968CF
:1058F0002CF00043043B01F10C069E4284B00546A7
:1059000017461FD904F12408102612E0424621460A
:105910002846FFF709FF90B9D4F820C0A169E660D6
:105920002CF00043043B14311B2BA1614FF01001FC
:1059300008D8BCF1000FE9DB39606FF0010004B05A
:10594000BDE8F0812A46636852F8140B066AB34238
:1059500007F104001AD20C26CDE900100296114678
:1059600028460022FFF7BAFC0028E8D17B79BA79F3
:10597000FD79A16904331344E2683A602B441A4468
:105980000B44E260A36104B0BDE8F081024B034A1E
:10599000034812210EF0B8FA549A0400849C0400C3
:1059A000749A0400F0B593B000260D46012707A9AC
:1059B0006A46CDE900670446FFF7B6FE064610B119
:1059C00021E0831C22D1109B01331CD0119B013399
:1059D00019D010AA07A92046FFF7A6FEB0B903AA5E
:1059E00007A92046FFF77EFF0028EAD19DF9103075
:1059F000002B4FF00802294605A8F0DB0EF024FB2F
:105A00000028ECD10126304613B0F0BD06463046E2
:105A100013B0F0BD2DE9F047164600240122C6E977
:105A20000942824688461D4606F124094A46314607
:105A30005046FFF779FE074668B92A463146504678
:105A4000FFF750FF50B1831C1FD1736A013302D09E
:105A5000B36A0133EAD13846BDE8F0872C7904F007
:105A60007004202CE9D1AB68D8F80020934208D00C
:105A7000E868D8F80410884203D08B4201D08242F3
:105A8000DBD101273846BDE8F0870746E3E700BFD2
:105A90002DE9F04F2DED028B8DB090461C460993F9
:105AA00040F622032268C8F804300892D0E90123A6
:105AB000724EC8F8082082468946C8F80C3000F1BA
:105AC000140B089D314628460FF089FA2B460344F3
:105AD00004463146184605930FF02FFA012804902A
:105AE00000F0B080022804D1059B1B782E2B00F01B
:105AF000B280DDE90423134408931F460124314694
:105B000038460FF06CFA0744384631460FF015FA64
:105B100078B1022802D001340744F0E73B782E2BFD
:105B2000F9D17B782E2BF6D1013CF5D1BB1C089323
:105B3000C7E7059C207800285FD0099B1C6098F877
:105B40000430222B40F08D8008F108031A464946A4
:105B5000504608EE103AFFF7E7FD00284DD1049BB0
:105B6000013B23440793424649465046FFF7BAFE9D
:105B7000002842D198F8042002F07F03112B01D0B5
:105B8000222BF0D198F8073004998B42EBD1D8F84A
:105B9000003098F8051098F80650D9F804700433CE
:105BA0000B441D44049BA3B3059BCDF8188001351D
:105BB000DDF81C80ED1A5C1E07E014F8012F9DF83B
:105BC0002F309A421ED144451FD0DAF800301A6AAD
:105BD000974205EB040347D2012202920DF12F02F6
:105BE000CDE9003259463B4600225046FFF776FB8E
:105BF0000028E2D0DDF8188009DA0DB0BDEC028B88
:105C0000BDE8F08FDDF81880ADE7DDF8188098F872
:105C1000042013067FF555AFDAF8043001330CD0B9
:105C2000DAF80830013308D018EE101A5046FFF7A2
:105C3000B9FE00281ED198F8042002F07F0288F8EF
:105C400004203EE72B5D2E2B7FF453AFDDE90423C8
:105C50001344089335E7059B5B782E2B7FF449AFFF
:105C6000F4E76FF01300C8E7054B064A0648122117
:105C70000EF04AF9C1DB6FF00100BEE72C9A040078
:105C8000549A0400849C0400749A04002DE9F04F97
:105C90008B469DB00BF1040304930BF10C03CDE98B
:105CA000053B016B04464FF001080025D4E90D3097
:105CB00010E05A09E66B01385F1CA063676356F871
:105CC00022C003F01F0208FA02F212EA0C0F00F0E1
:105CD00027813B469942ECD1002800F0F2812268EE
:105CE000E36AD2E908621944904228BF1046B1FB2A
:105CF000F6F306FB13112063E162E06B6563D208E3
:105D000000210EF0D7F96368013300F05781A368D2
:105D1000013300F05381002201230025CDE908233F
:105D200004F1140701222E46D4F800C0E16ADCF821
:105D30002030206B591A0E44B6FBF3F503FB1565B2
:105D4000854210D26909E26B05F01F0552F8213037
:105D500008FA05F51D4342F82150DCF82030E16ACD
:105D6000099A206B591A0A44B2FBF3F103FB112381
:105D700083420AD25809E16B03F01F0351F8202037
:105D800008FA03F3134341F8203008AA11A920466A
:105D9000FFF7CAFC002840F00E810C25149A24E07D
:105DA0002068129B006A834280F01A820EA9CDE916
:105DB00000210295002239462046FFF78FFA00287D
:105DC00040F0F9809DF839209DF83A309DF83B600D
:105DD000149904321A449DF83830324403F07003A9
:105DE0000A44102B149200F0EB80199B23F000431F
:105DF000043B02F10C009842D2D9DDE91A62701C12
:105E0000CDE9086201D0511C8ED1D4F80C904D46DA
:105E1000B9F1000F00F0DE81EB69DA0340F1568141
:105E20006F69002F00F05281D4F800A0DAF81C60EE
:105E3000013F083EB742C0F0CF81B7FBF6F0013812
:105E40000DF0EAFE0230A7EB8002B2FBF6F6D4F8C2
:105E500030E0E16A2B69079505F12C000546DAF878
:105E60002020704604F114098E4601469818A0EBD4
:105E70000E0EBEFBF2F002FB10E28A420AD2570974
:105E8000E06B02F01F0250F8271008FA02F20A43F2
:105E900040F82720002E00F01781DAF8202006F0C5
:105EA0000107C7F1020A93424FEA8A0080F0988105
:105EB0000BA90022CDE90110009249462A4620464E
:105EC000FFF70CFA002876D10AF1FF3CD4F800A0C5
:105ED00013E0BBFBF2F302FB13B38B424FF0010064
:105EE00014D24FEA531EE16B03F01F0351F82E202A
:105EF00000FA03F3134341F82E30D4F82CE0DAF81B
:105F000020200B9B216BA2EB0E0B9B446045E0DB3A
:105F10001CAB03EB8C0C023F5CF8443C3E44A5E711
:105F20002068E26A016A1344B3FBF1F201FB123309
:105F3000049A42F8043BD4E90C139942049207D125
:105F40000FE0A26B0133013A8B42C4E90D3208D055
:105F50005D0903F01F0256F8255008FA02F22A42A2
:105F6000EFD1DDE9043293427FF49FAEDDF818B043
:105F7000006ADBF8043083420BF11C0204F11401C7
:105F800080F02E8104250192002220460295009285
:105F9000FFF7A4F9002840F08B80DBF81C304FF0AD
:105FA000FF32CBE90922142001331021CBE907305D
:105FB000CBF80C1000201DB0BDE8F08F216B75E60A
:105FC000109B002B3FF411AFD4F800A0DAF81C604E
:105FD00003F1FF3BA6F10809CB4570D3BBFBF9F0F9
:105FE00001380DF019FE861CABEB8606B6FBF9F600
:105FF0000F9BE16ADAF82020D4F830E09818401AB4
:10600000B0FBF2F102FB110272450BD24FEA521CB7
:10601000E16B02F01F0251F82C0008FA02F2024371
:1060200041F82C20002E3FF4B9AEDAF8202006F01B
:106030000109C9F1020A93424FEA8A0080F0D08038
:106040000BA90022CDE90110009239462046FFF746
:1060500045F90028AFD10AF1FF3CD4F800A013E0C5
:10606000BBFBF2F302FB13B373454FF0010014D2F4
:106070004FEA531EE16B03F01F0351F82E2000FA84
:1060800003F3134341F82E30E16ADAF820200B9B2A
:10609000D4F830E0A2EB010B9B446045E0DB1CAB85
:1060A00003EB8C0CA9F102095CF8443C4E44A5E7D3
:1060B00010F1340F3FF471AF1DB0BDE8F08F06460C
:1060C00096E76FF01B0076E7079DEB699B037DD594
:1060D0002F6A002F7AD0D4F800A0DAF81C60013FB4
:1060E000083EB7427AD3B7FBF6F001380DF094FDC5
:1060F0000230A7EB8003B3FBF6F6D4F830E0E16A98
:106100006B6A079505F12C000546DAF820207046E9
:1061100004F114098E4601469818A0EB0E0EBEFB42
:10612000F2F002FB10E28A420AD25709E06B02F059
:106130001F0250F8271008FA02F20A4340F82720FD
:10614000002E42D0DAF8202006F00107C7F1020A3B
:1061500093424FEA8A0043D20BA90022CDE90110F5
:10616000009249462A462046FFF7B8F800287FF4F7
:1061700022AF0AF1FF3CD4F800A013E0BBFBF2F31E
:1061800002FB13B38B424FF0010014D24FEA531EAF
:10619000E16B03F01F0351F82E2000FA03F31343C1
:1061A00041F82E30D4F82CE0DAF820200B9B216B3C
:1061B000A2EB0E0B9B446045E0DB1CAB03EB8C0CAD
:1061C000023F5CF8443C3E44A6E7079D2D68002D45
:1061D0007FF422AE216B68E5002638E600268CE7C6
:1061E000024B034A034812210DF08EFE549A04001C
:1061F000849C0400749A04002DE9F04F2DED028B6D
:106200009BB0012504460491A9464FF00008D4E94B
:106210000D31D4F830C00FE05A09E76B0139581C32
:10622000A163606357F8226003F01F0205FA02F2CF
:10623000324200F02A8103469C45EDD1002900F04E
:1062400052822368E66AD3E90802B444914228BF27
:106250001146BCFBF0F300FB13C32163E362E06B68
:10626000C4F83480D20800210DF024FF63680133A4
:10627000CDD0A3680133CAD000220123CDE9062383
:106280000122002004F1140796462268E36A116A8D
:10629000266BCB1A03EB000CBCFBF1F001FB10C02A
:1062A000864210D94609E16B00F01F0051F82630F4
:1062B00005FA00F0184341F82600D4E90B36116ABC
:1062C000DDF81CE0CB1A7344B3FBF1F201FB12338F
:1062D000B3420AD25809E16B03F01F0351F82020A2
:1062E00005FA03F3134341F8203006AA0FA920460C
:1062F000FFF71AFA002840F0E9804FF00C08129AD4
:106300000CAE23E02168109B096A8B4280F0F58176
:106310000092CDE90168002239462046FEF7DEFFF3
:10632000002840F0D3809DF831209DF832109DF870
:1063300033C0129B04320A449DF8301062441A4460
:1063400001F07003102B129200F0C580179B23F010
:106350000043043B02F10C019942D3D9DDE9180E48
:10636000411CCDE9060E02D0BEF1FF3F8DD1D4F81D
:106370000C804646B8F1000F3FF447AFF369DA03EB
:1063800040F128817769002F00F02481D4F800A023
:10639000DAF81C30013FA3F108084745C0F0A88196
:1063A000B7FBF8F001380DF037FC0230A7EB80079F
:1063B000B7FBF8F704F11400E16AD4F830C0DAF85A
:1063C000202033690596834606F12C0008EE100A5A
:1063D0000E4661469818A0EB060EBEFBF2F002FBDB
:1063E00010E28A420BD2E06B4FEA521C02F01F010E
:1063F00050F82C2005FA01F10A4340F82C20002F18
:1064000000F0E680DAF8202007F00108C8F1020A5F
:1064100093424FEA8A0080F0708109A90022CDE9F9
:1064200001100092594618EE102A2046FEF756FF3A
:1064300000284BD10AF1FF3CD4F800A012E0BEFBCB
:10644000F2F302FB13E38B424FF0010012D25E091C
:10645000E16B03F01F0351F8262009FA03F31343FD
:1064600041F82630E66ADAF82020099B216BA2EB7E
:10647000060E9E446045E2DB1AAB03EB8C0CA8F1E0
:1064800002085CF8443C4744A4E72168E26A096AD0
:106490001344B3FBF1F201FB1233049A1360D4E905
:1064A0000C03834211D0012506E0A26B0133013AAF
:1064B0008342C4E90D3208D0590903F01F0257F88E
:1064C000211005FA02F20A42EFD100201BB0BDEC08
:1064D000028BBDE8F08F0E9E002E3FF411AFD4F872
:1064E00000A0DAF81C20013EA2F1080B5E450AD399
:1064F000B6FBFBF001380DF08FFB0230A6EB8003FA
:10650000B3FBFBF31846E16AD4F830C00D9BDAF810
:10651000202008EE107A8E46074661469818A0EBB8
:106520000E0EBEFBF2F002FB10E28A420AD25609BE
:10653000E06B02F01F0250F8261005FA02F20A433F
:1065400040F82620002F00F0D580DAF8202007F050
:106550000106C6F1020A93424FEA8A0080F0CD801C
:1065600009A90022CDE90110009218EE101A204668
:10657000FEF7B4FE0028A9D10AF1FF3CD4F800A030
:1065800013E0BBFBF2F302FB13B38B424FF00100AD
:1065900014D24FEA531EE16B03F01F0351F82E2073
:1065A00009FA03F3134341F82E30D4F82CE0DAF85B
:1065B0002020099B216BA2EB0E0B9B446045E0DB86
:1065C0001AAB03EB8C0C023E5CF8443C3744A5E765
:1065D000059EF3699B0340F18180376A002F7DD0CF
:1065E000D4F800A0DAF81C20013FA2F108084745C2
:1065F0007CD3B7FBF8F001380DF00EFB0230A7EBAF
:106600008007B7FBF8F704F11400E16AD4F830C052
:10661000DAF82020736A0596834606F12C0008EE0E
:10662000100A0E4661469818A0EB060EBEFBF2F06B
:1066300002FB10E28A420BD2E06B4FEA521C02F0DE
:106640001F0150F82C2005FA01F10A4340F82C20D4
:10665000002F42D0DAF8202007F00108C8F1020A22
:1066600093424FEA8A0048D209A90022CDE90110DD
:106670000092594618EE102A2046FEF72FFE0028F9
:106680007FF424AF0AF1FF3CD4F800A012E0BEFB77
:10669000F2F302FB13E38B424FF0010012D25E09CA
:1066A000E16B03F01F0351F8262009FA03F31343AB
:1066B00041F82630E66ADAF82020099B216BA2EB2C
:1066C000060E9E446045E2DB1AAB03EB8C0CA8F18E
:1066D00002085CF8443C4744A5E7059E3668002E56
:1066E0007FF44CAE91E56FF01B00EFE600278AE7E0
:1066F00000275FE618EE107A01E6034B034A0448D0
:1067000012210DF001FC00BF549A0400849C040087
:10671000749A04002DE9F04F044687B00F4600F14B
:10672000140905A92046FFF767FD064640B9206811
:106730000599C3689847064630B110F1340FF0D080
:10674000304607B0BDE8F08FBB6A83B307F12C0A6F
:1067500035460DF1130804F1200B13E02268059B68
:10676000126A934247D20122CDE9018200954A463E
:1067700059462046FEF714FF002831D1BB6A013587
:10678000AB4214D922687B6A126A93422DD201224D
:10679000CDE901820095524649462046FEF79EFD0E
:1067A0000028DBD00646304607B0BDE8F08F2368EE
:1067B000A16A9A69786B0DF055FCD4E90812236838
:1067C000A06AC7E90B12FF219A690DF073FC059BC3
:1067D0004FF0FF32304622627B6207B0BDE8F08F97
:1067E00010F1340F9DD00646DDE7064B064A0748F8
:1067F00012210DF089FB034B054A04489C210DF042
:1068000083FB00BF549A0400849C0400749A040023
:10681000949C04002DE9F04F2DED028BC9B0044685
:106820002C2200211CA80DF045FC4FF0004328222B
:1068300027A8002124930DF03DFC23681B6A012248
:106840003192002B00F0C98100274FF00C09319BD9
:10685000013300F0B18130AA27A92046FEF764FF7A
:106860000546002840F00C81249B002BC0F20E81CD
:106870006368013300F04E81A368013300F04A8160
:1068800032AE32460CAB25A92046FFF7C3F80028EC
:10689000C0F2F58000F03E810E9B259A0F98269954
:1068A000934200F090818B4200F09381DDE91D510D
:1068B000239A26902068259301320023CDE91D15E7
:1068C0000B9505932392C3680A9198474FF0FF38C0
:1068D0000546F0B115F1340F40F0D2800A9BC4F8A0
:1068E0002080012B40F279810B9B012B40F27581B6
:1068F0001DA92046FFF780FC0546002840F0C08017
:1069000020681D9901230593C36898470546002810
:10691000E0D123AF0DF1500AA1461022394650466E
:10692000CDF8508003F0F8FD59F8202B1D9B126A1A
:10693000934280F015821026CDE900572A46029630
:1069400049462046FEF72CFE05460028C2D1249B6E
:1069500023F00043043B102B32D904F1140B3DAF5C
:1069600022680B9B126A934280F0F4810122CDE9E8
:1069700001720096002259462046FEF7AFFC0546FC
:1069800000287DD101223946504603F0C5FD22681A
:106990001D9B126A934280F0E3810122CDE90172CE
:1069A00000962A4649462046FEF7FAFD054600288D
:1069B00090D1249B23F000430136043B9E42CFD369
:1069C00022681D9B126A934280F0CA8104220292BF
:1069D000CDE9006A494600222046FEF7E1FD054662
:1069E00000287FF477AF216AC4F814804A1C12D0C3
:1069F0002068A36A826900928568626AA847054692
:106A000000287FF467AF2368A06A9A69FF210DF020
:106A100051FBC4F820802068036998470546002888
:106A20007FF458AF249EDDF874B0CDF8F48026F0E2
:106A3000004604F11403043E08EE103A00F096817B
:106A400007460DF1400908E00137012249463DA8FB
:106A500003F062FDBE4240F2898123681B6A9B45B8
:106A600080F078810123CDE9019318EE101A009788
:106A70005B4600222046FEF731FC0028E4D00546A4
:106A8000284649B0BDEC028BBDE8F08F32AE4FF026
:106A90000008324627A92046FEF724FFF0B1831CE8
:106AA000EDD10DF19C0CBCE80F001CAE0FC6BCE88C
:106AB0000F000FC69CE8070086E8070023681B6AE2
:106AC00001379F4280F08980309B01337FF4BFAE55
:106AD000284649B0BDEC028BBDE8F08F9DF9CC3063
:106AE0009DF8CC20002BD4DA6368013341D0A36831
:106AF00001333ED034A92046FEF754FF0028BEDB08
:106B000035D0324627A9204601F0C8F90028C0D068
:106B10000546B5E7DDE93050DDE91D21239B1D91D8
:106B2000CDE925500133239308911E9209924FF02D
:106B3000000801262068C3689847054600284FD002
:106B400015F1340F9CD1089B4FF0FF32012B2262CC
:106B500043D9099B012B40D91DA92046FFF74CFBC7
:106B6000054600288CD11D994FF00108E2E79DF8F9
:106B7000CC20DDF8C8E09DF8CFC0CDF8F89002F049
:106B80007F020EF10C0033A9CDE93F198DF8CC201E
:106B9000419001233DAA27A92046CDF80C81CDF8CC
:106BA000F4E0CDF808C1CDF810C100F0F9F90028E3
:106BB0003FF46FAF054663E70025284649B0BDECBA
:106BC000028BBDE8F08F88423FF461AF8B427FF4C7
:106BD0006DAE82427FF46AAE59E76FF033054FE73E
:106BE00023AFA2464FF0FF331022394607A8079380
:106BF00003F092FC5AF8202B1D9B126A934280F0FE
:106C0000AF804FF01009CDE900572A46CDF8089023
:106C100051462046FEF7C4FC0546002890D1249B2F
:106C200023F00043043B102B34D904F1140B10AFB4
:106C30002268099B126A934280F08C80CDE901762C
:106C4000CDF80090002259462046FEF747FB054646
:106C500000287FF415AF0122394607A803F05CFC39
:106C600022681D9B126A93427AD22A46CDE90176A8
:106C7000CDF8009051462046FEF792FC05460028CC
:106C80007FF45EAF249B23F0004309F10109043B2C
:106C90009945CDD322681D9B126A934260D204228B
:106CA00007A9CDE900910292514600222046FEF745
:106CB00077FC054600287FF443AF216A4FF0FF3789
:106CC000B942676111D02068A36A82690092856821
:106CD000626AA847054600287FF432AF2368A06A9D
:106CE0009A69FF210DF0E6F9276220680369984749
:106CF000054600287FF424AF249FDDF874B027F008
:106D000000474FF0FF3204F11403043F08EE103A3D
:106D1000109245D081460DF1F40A08E009F101090D
:106D20000122514610A803F0F7FB4F4538D92368DC
:106D30001B6A9B450ED2CDE901A618EE101ACDF8BC
:106D400000905B4600222046FEF7C8FA0028E5D0F6
:106D5000054695E68E4B8F4A8F4812210DF0D4F8E8
:106D60008B4B8E4A8C489C210DF0CEF83D9A149B9B
:106D70009A427FF4B3AD059B002B30D12369002BE1
:106D80003FF47EAE5C681D9A944271D099681E985B
:106D900081426DD084426BD08A4269D01B68EEE795
:106DA000109A079B9A427FF4CEAEB8F1000F40F0E4
:106DB00082802369002B3FF463AE5C681D9A944285
:106DC00000F0C48099681E98814200F0BF80844220
:106DD00000F0BC808A4200F0B9801B68EAE7636873
:106DE00001334ED0A36801333DAE0AAF4BD03246DB
:106DF000394610AB2046FEF70DFE0028FFF63FAEE9
:106E000041D0DDE91D03109F149731460C370C2645
:106E100012909DF847001897139311AF1596179687
:106E2000199000261B9052460123204616971A9669
:106E300000F0B6F800287FF422AE0A986368984202
:106E40001AD00B9AA1688A4216D0884214D0934275
:106E500012D00122013384F840208FD0A36801337F
:106E60008CD02046FFF7D6FC002887D0054607E6E1
:106E70005A601E9A9A6091E7DDE91D32C4E9013239
:106E8000E7E73DAE0AAF394632462046FEF7ECFC56
:106E90000028FFF6F4AD3FF471AF3146DDE91D6027
:106EA000002347901A462046469600F079F80028BD
:106EB0003FF464AFDAE76368013350D0A36801336D
:106EC0003DAE4DD0324610AB08A92046FEF7A2FDDC
:106ED0000028FFF6D4AD43D0DDE91D02109B1493CA
:106EE0000C33189312900C2311A89DF8477013923D
:106EF00031461593002617931690012314AA2046B5
:106F000019971B971A9600F04BF800287FF4B7AD3D
:106F10000898636898421DD0099AA1688A4219D0DE
:106F2000884217D0934215D00122013384F84020C3
:106F30003FF43FAFA36801333FF43BAF2046FFF778
:106F400069FC00283FF435AF054699E55A601E9A62
:106F50009A6042E7DDE91D32C4E90132E4E73DAE63
:106F600008A932462046FEF77FFC0028FFF687ADD1
:106F70003FF41FAF3146DDE91D60002347901A46FC
:106F80002046469600F00CF800283FF412AFDBE7ED
:106F9000549A0400849C0400749A0400949C040095
:106FA0002DE9F04F2DED028BCE690D46D1E901415F
:106FB000A5B0013690462A1D69608246EE61AC603C
:106FC0000892059383B11E46D8F80400D8F80C3017
:106FD0002A6A1B1A022E1A4405D1D8F81C70D8F858
:106FE00014603A44921B2A62DAF80000CDF8188047
:106FF0000023CDE90B140993C36898470446E0B118
:1070000014F1340F3DD10B9B4FF0FF32012BCAF826
:10701000202034D90C9B012B31D908995046FFF719
:10702000EBF8044668BBDAF80000696801230993AD
:10703000C368984704460028E2D105F11C07D046F2
:107040004FF0FF331022394611A8119303F064FA70
:1070500058F8202B6B68126A934280F00D8110263D
:10706000CDE900472246029641465046FEF798FA7F
:10707000834660B110F1340FC5D0044601E06FF0D3
:107080003304204625B0BDEC028BBDE8F08F2B6A9F
:1070900023F00043043BB3426BD90AF1140308EE1A
:1070A000103A37460DF1640934E0DAF800200C9B01
:1070B000126A934280F0E6800122CDE9019218EE37
:1070C000101A009700225046FEF708F904460028DF
:1070D000D7D10122494611A803F01EFADAF80020A0
:1070E0006B68126A934280F0C7800122CDE9019259
:1070F0000096224641465046FEF752FA04460028C2
:107100007FF47EAF013701362B6A23F00043043B46
:107110009E422ED2059B5B45C7DD069A4FEA0B13B4
:1071200002EB0B11D3580791BB42BED10C4611A8FC
:10713000D1E9021203F0F0F9DAF800206B68106A66
:10714000E168A268834280F09780CDE90121009632
:10715000002241465046FEF723FA044600287FF4F9
:107160004FAF079B5A68DB680BF1010B17441E44B5
:10717000CAE7DAF800206B68126A93427CD20422D4
:1071800011A9CDE900610292414600225046FEF766
:1071900007FA044600287FF433AFDAF820104FF0E6
:1071A000FF339942CAF8143019D0DAF80000DAF83F
:1071B0002830826900928468DAF82420A0470446C7
:1071C00000287FF41DAFDAF80030DAF828009A6959
:1071D000FF210CF06FFF4FF0FF33CAF82030DAF8D0
:1071E000000003699847044600287FF409AF2B6A22
:1071F000D5F8048023F000434FF0FF32B3F10409C7
:1072000019920AF1140B1DD007460DAE07E00137A5
:107210000122314619A803F07FF9B94512D0DAF8F6
:1072200000301B6A98452DD20123CDE901630097F8
:107230004346002259465046FEF750F80028E6D053
:1072400004461EE7199A119B9A427FF4DCAE099B13
:1072500013BBDAF81030002B3FF413AF5E686A6896
:10726000964215D09968A868814211D086420FD005
:107270008A420DD01B68EEE73D4B3E4A3E489C21BA
:107280000CF042FE3A4B3D4A3B4812210CF03CFECA
:107290005A60AA689A60EDE7DAF80430013347D003
:1072A000DAF80830013319AE0BAF43D03246394615
:1072B0000DAB5046FEF7AEFB0028C1DB3AD0D5E956
:1072C00001030D9F119731460C370C260F909DF846
:1072D0003B00159710930EAF129614961690002649
:1072E000189011AA0123504613971796FFF758FEDE
:1072F0000028A5D10B98DAF80430984231D00C9AC6
:10730000DAF808108A422CD088422AD0934228D03A
:10731000012201338AF840209BD0DAF8083001338B
:1073200097D05046FFF776FA002892D00446A8E698
:1073300019AE0BAF394632465046FEF795FA002893
:10734000FFF67EAF85D03146D5E90160002323905A
:107350001A4650462296FFF723FE00283FF479AFE5
:10736000E4E76B68CAF80430AA68CAF80820CFE7D7
:10737000549A0400949C0400749A0400849C0400B1
:107380002DE9F04F2DED028B0D46BDB0824616461D
:107390001F4601F1240809E0002B52DA4246294633
:1073A0005046FEF7C1F9002840F008817479B179A0
:1073B000F279DAF800002B6A04340C441444C169F1
:1073C0001C448C42E8D8B4461E1F4CF8046BE96993
:1073D00024974C1C6F68A96825920C3313442B62C8
:1073E000C5E901170C23002221932B1DCDF880C085
:1073F0001E96229613971291EC611F922392079288
:107400000693C36898470446002800F0DE8014F114
:10741000340F65D1129B4FF0FF32012BCAF82020A8
:107420005CD9139B012B59D906995046FEF7E4FE0F
:107430000446002854D101236968DAF80000079354
:10744000DFE7AC46BCE80F0026AC0FC4BCE80F0079
:107450000FC49CE8070084E8070029465046FEF761
:1074600015FC044600283BD1DDE92F122B6A696226
:107470003046191FAA6240F8041BF6791794CDE92B
:107480001B473344069416916C681A91A968EA69FF
:107490001D960C332B62C5E901140C23013219939C
:1074A0002B1D18900F940E91EA6107934FF001097C
:1074B000DAF80000C36898470446002800F0AA8064
:1074C00014F1340F0CD10E9B4FF0FF32012BCAF890
:1074D000202003D90F9B012B00F2BF806FF03304F3
:1074E00020463DB0BDEC028BBDE8F08FDAF80020FD
:1074F0006B68126A934280F04C8204220BA9CDE99A
:1075000000610292414600225046FEF749F80446C7
:107510000028D5D1DAF820104FF0FF339942CAF88D
:10752000143018D0DAF80000DAF8283082690092B6
:107530008468DAF82420A04704460028C0D1DAF88D
:107540000030DAF828009A69FF210CF0B3FD4FF003
:10755000FF33CAF82030DAF8000003699847044680
:107560000028ADD12E6A26F000464FF0FF33321FBF
:107570000C930AF1140B6B68059200F0EA81074640
:1075800031AE1C4609E0012231460CA802F0C4FFCE
:10759000059B0137BB4200F0DC81DAF800301B6A42
:1075A0009C4280F0FC81CDE90169009723460022CE
:1075B00059465046FDF792FE0028E4D00446204686
:1075C0003DB0BDEC028BBDE8F08F05F11C07D04645
:1075D0004FF0FF331022394609A8099302F09CFFAF
:1075E00058F8202B6B68126A934280F0D2811026E3
:1075F000CDE900472246029641465046FDF7D0FFAE
:107600008346002800F0AA8010F1340F3FF402AF47
:107610005C4665E705F11C07D0464FF0FF331022AA
:1076200039460BA80B9302F077FF58F8202B6B68B4
:10763000126A934280F0AD811026CDE900472246C0
:10764000029641465046FDF7ABFF834688B110F1E4
:10765000340F3FF438AF5C4642E707995046FEF7D7
:10766000CBFD044600287FF43BAF012369680693F5
:107670001EE72B6A23F00043043BB3427FF636AF8C
:107680000AF1140308EE103A374638E0DAF8002021
:107690000F9B126A934280F082810CAACDE900729E
:1076A00018EE101ACDF8089000225046FDF716FE8D
:1076B000044600287FF414AF01220CA90BA802F0A5
:1076C0002BFFDAF800206B68126A934280F0618128
:1076D0000CAACDE90062CDF80890224641465046FA
:1076E000FDF75EFF044600287FF4EAAE013701365D
:1076F0002B6A23F00043043BB3427FF6F7AEBBF1A5
:10770000010FC3DC16AA4FEA0B1302EB0B11D3587F
:107710000591BB42BAD10C460BA8D1E9021202F086
:10772000FBFEDAF800206B68106AE168A268834209
:1077300080F02F81CDE9012100960022414650467C
:10774000FDF72EFF044600287FF4BAAE059B5A6869
:10775000DB680BF1010B17441E44C9E72B6A23F0C9
:107760000043043BB3426CD90AF1140308EE103A0B
:1077700037460DF1280935E0DAF80020139B126A2C
:10778000934280F00C810122CDE9019218EE101A8B
:10779000009700225046FDF7A1FD044600287FF423
:1077A0009FAE0122494609A802F0B6FEDAF8002091
:1077B0006B68126A934280F0EC800122CDE901925D
:1077C0000096224641465046FDF7EAFE0446002850
:1077D0007FF41DAE013701362B6A23F00043043BD2
:1077E000B3422ED9BBF1010FC6DC1EAA4FEA0B1320
:1077F00002EB0B11D3580591BB42BDD10C4609A831
:10780000D1E9021202F088FEDAF800206B68106AF3
:10781000E168A268834280F0BC80CDE90121009636
:10782000002241465046FDF7BBFE044600287FF487
:10783000EEAD059B5A68DB680BF1010B17441E4443
:10784000CAE7DAF800206B68126A934280F0A180E0
:10785000042209A9CDE90061029241460022504666
:10786000FDF79EFE044600287FF4D1ADDAF8201023
:107870004FF0FF339942CAF8143019D0DAF80000FB
:10788000DAF82830826900928468DAF82420A04768
:10789000044600287FF4BBADDAF80030DAF828009F
:1078A0009A69FF210CF006FC4FF0FF33CAF8203034
:1078B000DAF8000003699847044600287FF4A7AD72
:1078C0002A6AD5F804B022F000424FF0FF33171FA8
:1078D0000A930AF114091ED006460DF1C40807E008
:1078E0000136012241460AA802F016FEB74212D024
:1078F000DAF800301B6A9B4551D20123CDE90183A0
:1079000000965B46002249465046FDF7E7FC0028FA
:10791000E6D0044653E6DDE909329A427FF47AADB7
:10792000079B002B41D1DAF81030002B3FF4D8AD83
:107930005E686A68964200F089809968A86881420A
:1079400000F08480864200F081808A427ED01B68ED
:10795000EBE7DDE90B329A427FF4B5AD069B002BD5
:1079600040F06E81DAF81040002C00F094806068DE
:107970006B68984200F0B781A268A9688A4200F05B
:10798000B281884200F0AF81934200F0AC8124685C
:10799000EAE7A74BA74AA8489C210CF0B5FAA44BEC
:1079A000A64AA54812210CF0AFFADAF804300133E8
:1079B00057D0DAF80830013331AE12AF53D0324627
:1079C000394616AB5046FEF725F80028FFF6F6AD0F
:1079D00049D0D5E90102169B26930C332A931890BF
:1079E0000C2317A89DF85F70199231462793002643
:1079F00029932890012326AA50462B972D972C9641
:107A0000FFF7CEFA00287FF4D9AD1298DAF80430E7
:107A100098421FD0139ADAF808108A421AD0884286
:107A200018D0934216D0012201338AF840203FF447
:107A30007AAFDAF8083001333FF475AF5046FEF7FD
:107A4000E9FE00283FF46FAF0446B8E55A60AA6823
:107A50009A607CE76B68CAF80430AA68CAF8082004
:107A6000E1E731AE12AF394632465046FDF7FCFE33
:107A70000028FFF6A3AD3FF456AF3146D5E90160CB
:107A800000233B901A4650463A96FFF789FA0028A1
:107A90003FF449AFD8E7D5E90116DDE92D32279843
:107AA0002F9128991190CDE92710DAF8000030962F
:107AB00042F0004201332D932E92C3681091059439
:107AC00098474FF0FF370126C1460446F8B114F13C
:107AD000340F7FF405AD109BCAF82070012B7FF6A0
:107AE000FDAC119B012B7FF6F9AC27A95046FEF7A0
:107AF00083FB044600287FF4F3ACDAF800002799F2
:107B000001230593C368984704460028DFD10DF18F
:107B1000B408102241460DA80D9702F0FDFCDAF8DA
:107B20000020279B126A9342BFF433AF1025CDE9A2
:107B300000482246029549465046FDF731FD04466D
:107B40000028C4D12E9B23F00043043B102B88BF98
:107B50000DF1C40830D9DAF80020119B126A934263
:107B6000BFF41DAFCDE9018600950022594650466D
:107B7000FDF7B4FB044600287FF4B2AC0122414675
:107B80000DA802F0C9FCDAF80020279B126A934284
:107B9000BFF4FFAE2246CDE9018600954946504626
:107BA000FDF7FEFC0446002891D12E9B23F00043F4
:107BB0000135043B9D42CED3DAF80020279B126AA0
:107BC0009342BFF4E6AE04220DA9CDE90051029222
:107BD000494600225046FDF7E3FC044600287FF4A6
:107BE00076AFDAF82010CAF814704B1C17D0DAF808
:107BF0000000DAF82830826900928468DAF82420DC
:107C0000A047044600287FF462AFDAF80030DAF8C3
:107C100028009A69FF210CF04DFACAF82070DAF8B2
:107C2000000003699847002861D004464FE700BF71
:107C3000549A0400949C0400749A0400849C0400E8
:107C4000DAF80430013379D0DAF80830013331AE94
:107C50000EAF75D03246394612AB5046FDF7DAFE0C
:107C6000041EFFF63DAC6BD0D5E9012312981E909F
:107C70000C30229014920C2013AA9DF84F401593BB
:107C800031461F9021902092002601231EAA5046C3
:107C9000239425942496FFF783F9044600287FF463
:107CA0001FAC0E98DAF80430984263D00F9ADAF8D5
:107CB00008108A425ED088425CD093425AD001229A
:107CC00001338AF840203FF44DAEDAF80830013332
:107CD0003FF448AE5046FEF79DFD0446002C3FF4AD
:107CE00041AEFFF7FDBB6360AB68A3604FE62E9A21
:107CF000DDF89C80319722F00042131F1C4640D0D3
:107D0000054607E0013501221EA931A802F004FC56
:107D1000AC4236D0DAF800301B6A9845BFF43FAE6B
:107D20001EABCDE900530296434600225946504609
:107D3000FDF7D4FA0028E5D0044640E431AE0EAF9A
:107D4000394632465046FDF78FFD041EFFF6C8AB9C
:107D50003FF408AED5E9014000233B9031461A4676
:107D600050463A94FFF71CF90446002C3FF4FAAD54
:107D7000FFF7B6BB6B68CAF80430AA68CAF80820D7
:107D80009DE7319A0D9B9A427FF4A5AE059D95B96A
:107D9000DAF81040002C3FF4A3AB6068279B9842B0
:107DA00078D0A26828998A4274D0884272D09342CF
:107DB00070D02468EEE7DAF8043001334BD0DAF8FB
:107DC0000830013331AE10AD47D03246294612ABF0
:107DD0005046FDF71FFE041EFFF682AB3DD0129BFE
:107DE0001E93DDE927420C339DF84F0022930C23AC
:107DF0001494159200241F932193239025903146CB
:107E000013AD01231EAA504624942095FFF7C8F80D
:107E1000044600287FF464AB1098DAF804309842E6
:107E200033D0119ADAF808108A422ED088422CD02A
:107E300093422AD0012201338AF84020A8D0DAF8F0
:107E400008300133A4D05046FEF7E4FC0446002C71
:107E50009ED0FFF745BB31AE10AD294632465046A5
:107E6000FDF702FD041EFFF63BAB91D0DDE9274094
:107E700000233B9031461A4650463A94FFF790F85B
:107E80000446002C84D0FFF72BBBDDE92732CAE97A
:107E90000132CFE76360289BA3608AE72DE9F04FAA
:107EA0002DED028B154653799279EE790433B1B0FA
:107EB00013440A6A33440C46059322F000411433FC
:107EC000994204F104038346079365D0D4E9010184
:107ED0002E68E3690696059E0F90921BC4E9011077
:107EE0000133DBF800000E91C4E907320023089348
:107EF000C36809959847A0460646E8B116F1340FC5
:107F00003CD10E9B4FF0FF32012BCBF820203BD908
:107F10000F9B012B38D907995846FEF76DF9064695
:107F200060BBDBF80000D8F8041001230893C36895
:107F3000984706460028E1D108F11C04DA464FF0C4
:107F4000FF331022214612A8129302F0E5FA5AF8E4
:107F5000202BD8F80430126A934280F04B8210250F
:107F6000CDE900643246029551465846FDF718FBAC
:107F7000044620B310F1340FC3D00646304631B06A
:107F8000BDEC028BBDE8F08F6FF03306304631B0A8
:107F9000BDEC028BBDE8F08F19461AAAFDF764FC10
:107FA000061EEBDB229B002BC0F2E0806B79A979E7
:107FB000EA7904330B4413440593226A86E7D8F820
:107FC000203023F00043043BAB4242D90BF11403B1
:107FD00008EE103A2F460DF194091CB9069BBB42DE
:107FE00000F0A680DBF800200F9B126A934280F01D
:107FF000FB810122CDE9019218EE101A00970022B0
:108000005846FDF76BF906460028B7D101224946CC
:1080100012A802F081FADBF80020D8F80430126AC6
:10802000934280F0E7810122CDE90192009532462A
:1080300051465846FDF7B4FA064600287FF45EAF75
:1080400001370135D8F8203023F00043043BAB4220
:10805000C3D8DBF80020D8F80430126A934280F0CD
:10806000C981042212A9CDE9005102925146002291
:108070005846FDF795FA064600287FF43FAFDBF837
:1080800020104FF0FF339942CBF8143019D0DBF8B1
:108090000000DBF82830826900928468DBF8242035
:1080A000A047064600287FF429AFDBF80030DBF854
:1080B00028009A69FF210BF0FDFF4FF0FF33CBF84A
:1080C0002030DBF8000003699847064600287FF45B
:1080D00015AFD8F82030D8F8047023F0004A4FF0DC
:1080E000FF32BAF1040A25920BF1140900F00D8158
:1080F00005461AAC08E001350122214625A802F008
:108100000BFAAA4500F00181DBF800301B6A9F42A0
:1081100080F06A810123CDE9014300953B460022AE
:1081200049465846FDF7DAF80028E4D0064625E728
:108130002246214612A802F0EFF9DBF80020D8F819
:108140000430126A934280F05581CDE901440095D4
:10815000224651465846FDF723FA064600287FF48A
:10816000CDAEDDE9052301249F186BE7226A219932
:10817000D4E9090462F00042134023904A1CDDE96F
:108180001B01CDE91B100D90DBF800002494CDE914
:108190002123002305930C91C36898474FF0FF38C3
:1081A00001270646F8B116F1340F7FF4E7AE0C9BB9
:1081B000CBF82080012B7FF6E7AE0D9B012B7FF6DD
:1081C000E3AE1BA95846FEF717F8064600287FF4D1
:1081D000D5AEDBF800001B9901230593C3689847CF
:1081E00006460028DFD121ADD946102229460AA82B
:1081F000CDF8288002F090F959F8202B1B9B126AC9
:10820000934280F0F7801024CDE900653246029455
:1082100049465846FDF7C4F906460028C3D1229BBB
:1082200023F00043043B102B33D90BF1140A0BADA0
:10823000DBF800200D9B126A934280F0D580CDE9D7
:1082400001570094002251465846FDF747F806466C
:1082500000287FF493AE012229460AA802F05CF9B7
:10826000DBF800201B9B126A934280F0C3803246E9
:10827000CDE90157009449465846FDF791F9064665
:10828000002890D1229B23F000430134043B9C4200
:10829000CED3DBF800201B9B126A934280F0AA80A9
:1082A00004220AA9CDE9004102924946002258461B
:1082B000FDF776F9064600287FF475AFDBF820104D
:1082C000CBF814804B1C17D0DBF80000DBF828300B
:1082D000826900928468DBF82420A04706460028C3
:1082E0007FF461AFDBF80030DBF828009A69FF21EA
:1082F0000BF0E0FECBF82080DBF800000369984724
:10830000002800F0D18006464DE7259A129B9A423C
:108310007FF4F7ADDDE908354446002B70D1DBF87A
:1083200010301A4672B1D2F804C061688C4557D03B
:108330009068A768B84253D0BC4551D081424FD015
:108340001268EFE7DBF80C2022B34FF0FF370BE0A9
:10835000D2F808E0D4F808C0E64509D0614507D056
:10836000704505D01268AAB1516860688142EFD1AA
:10837000D1682868814230D0F4D9687995F806E050
:1083800095F807C0043070446044091AD16012683F
:10839000002AE9D163B9F1E59F68A06887420BD054
:1083A000824209D0B94207D01B68002B3FF4E6ADEA
:1083B0005A6861688A42EFD1D9682A689142F3D934
:1083C0006A7995F806C0EF799869043262443A44B4
:1083D000891A821AD9609A61E6E7C2E90177C1E792
:1083E0005160A1689160ABE79B4B9C4A9C4812216D
:1083F0000BF08AFD984B9B4A99489C210BF084FD19
:10840000DBF80430013379D0DBF80830013325AFD5
:108410000DF1380875D012AB3A4641465846FDF783
:10842000F9FA0028FFF682AE6BD0D4E90123129846
:108430001A900C301E9014920C2013AA9DF84FC075
:10844000159339461B9000271D901C9201231AAAF0
:108450005846CDF87CC0CDF884C02097FEF7A0FD2B
:1084600000287FF463AE0E98DBF80430984260D0A9
:108470000F9ADBF808108A425BD0884259D09342A9
:1084800057D0012201338BF840203FF448AFDBF88E
:10849000083001333FF443AF5846FEF7BBF90028DC
:1084A0003FF43DAF064669E5229DDDF86CA0CDF8AE
:1084B0002C8025F000450BF11403043D1E463FD0EF
:1084C00004460DF1940907E00134012249460BA846
:1084D00002F022F8A54233D0DBF800301B6A9A453F
:1084E00082D2CDE901970094534600223146584686
:1084F000FCF7F4FE0028E7D006463FE525AF0DF176
:10850000380841463A465846FDF7AEF90028FFF6CE
:108510000DAE3FF404AF3946D4E9017000232F902B
:108520001A4658462E97FEF73BFD00283FF4F7AE5B
:10853000B8E76368CBF80430A268CBF80820A0E75E
:10854000DDE90A329A427FF432AE059B93B9DBF83B
:108550001060002E3FF412AD70681B9B984276D0DD
:10856000B2681C998A4272D0884270D093426ED011
:108570003668EEE7DBF8043001334AD0DBF8083028
:10858000013325AF0CAC46D03A4621460EAB5846D7
:10859000FDF740FA061EFFF6F1AC3CD00E9B12939D
:1085A000DDE91B420C339DF83F0016930C23109419
:1085B0001192139315931790199039460FAD00241B
:1085C000012312AA584614951894FEF7E9FC0646B2
:1085D00000287FF4D3AC0C98DBF80430984231D0FB
:1085E0000D9ADBF808108A422CD088422AD0934298
:1085F00028D0012201338BF84020A8D0DBF80830C6
:108600000133A4D05846FEF705F90646002E9ED049
:10861000B4E425AF0CAC21463A465846FDF724F9A0
:10862000061EFFF6ABAC92D0DDE91B4000232F9075
:1086300039461A4658462E94FEF7B2FC0646002EDE
:1086400085D09BE4DDE91B32CBE90132D1E77360D1
:108650001C9BB3608CE700BF549A0400849C040008
:10866000749A0400949C04002DE9F04F90F8403077
:10867000BBB00546059163B943680122013380F818
:10868000402006D08368013303D0FEF7C3F80446C8
:1086900068B909AA19A905AB2846FDF7F9F9821CA2
:1086A000044608D105982F210CF032FC58B1204621
:1086B0003BB0BDE8F08F002808BF6FF010042046E3
:1086C0003BB0BDE8F08F2B681B6AAB6324A928463A
:1086D000FDF7DCFA04460028E9D1DDE92210259AED
:1086E0002D9126992B9B0494CDE9251201332B93D0
:1086F0002E90089207914FF0FF3A4FF0010828683A
:10870000C36898470446B8B114F1340FCFD1079B22
:10871000C5F820A0012B40F2D580089B012B40F228
:10872000D18025A92846FDF767FD04460028BED163
:10873000012325990493E2E72BAFA946102239467D
:1087400011A8CDF844A001F0E7FE59F8202B259B95
:10875000126A934280F0BF801026CDE9004722467E
:10876000029649462846FCF71BFF04460028CBD159
:108770002C9B23F00043043B102B30D905F1140B44
:108780002FAF2A68089B126A934280F09E80CDE941
:1087900001780096002259462846FCF79FFD0446C2
:1087A000002884D10122394611A801F0B5FE2A68BB
:1087B000259B126A934280F08E802246CDE9017893
:1087C000009649462846FCF7EBFE044600289BD15C
:1087D0002C9B23F000430136043B9E42D1D32A68F0
:1087E000259B126A934276D2042211A9CDE9006139
:1087F0000292494600222846FCF7D2FE0446002891
:1088000082D1296AC5F814A04B1C12D02868AB6A23
:108810008269009284686A6AA047044600287FF44F
:1088200073AF2B68A86A9A69FF210BF043FCC5F867
:1088300020A0286803699847044600287FF464AFA5
:108840002C9B259FCDF8BCA023F0004BBBF1040B63
:1088500005F114091BD006462B681B6A9F4234D2CF
:108860000DABCDE90063CDF808803B4600224946B8
:108870002846FCF733FD044600287FF418AF013684
:1088800001220DA92FA801F047FEB345E4D12F9A8C
:10889000119B9A427FF43BAF049B002B42D12A6983
:1088A000FAB15468259B9C4200F089809168269813
:1088B000814200F08480844200F081808B427ED02F
:1088C0001268EDE76FF03304F1E64F4B4F4A504822
:1088D00012210BF019FB4C4B4E4A4D489C210BF0DA
:1088E00013FB059B8DF82A20184640F622020493BC
:1088F000ADF828200CF032FBDDE925648DF82B0063
:10890000049B0C9409AA19A9284623940B96229635
:10891000FEF736FD044600287FF4C9AE2B681B6ABB
:10892000AB63C4E66B68013352D0AB6801332FAE42
:1089300007AF4FD0324639460DAB2846FDF76AF8EF
:10894000041EFFF6B4AE45D0DDE925400D9B119322
:108950000C33159310900C239DF83B000F94314677
:108960001293149300241690189011AA0EAE0123AE
:10897000284617941396FEF713FB044600287FF44D
:1089800096AE07986B6898421DD0089AA9688A42EB
:1089900019D0884217D0934215D00122013385F8AF
:1089A00040203FF47CAFAB6801333FF478AF2846FA
:1089B000FDF730FF0446002C3FF471AF77E65360BB
:1089C000269B93607CE7DDE92532C5E90132E4E7C7
:1089D0002FAE07AF394632462846FCF745FF041E46
:1089E000FFF665AE3FF45BAFDDE92540002339902B
:1089F00031461A4628463894FEF7D2FA0446002C2F
:108A00003FF44DAF53E600BF549A0400849C040029
:108A1000749A0400949C040070B5D0E9015386B0A8
:108A2000C1E90153019201AB02AA06460C46FDF7CB
:108A30002FF8A0B99DF80C30222B12D104AA2146A0
:108A40003046FCF771FE50B9D4E901123369216157
:108A500062610E211022A161E2602360346106B0E0
:108A600070BD6FF01300FAE7036943B1994202D178
:108A700007E0994207D01A461B68002BF9D1002065
:108A8000704700F110020B6813600020704700BFB0
:108A9000F0B515460E4689B004464C222846002102
:108AA0000BF008FBB3690E2B4AD00F2B53D004AA4E
:108AB00031462046FCF716FF00285BD19DF81420B4
:108AC00002F07F03112B01D0222BF0D1110655D5D6
:108AD000626801320DD0A26801320AD006A9204690
:108AE000FCF760FF002829DBE1D19DF8143003F08A
:108AF0007F038DF8143021462B70112B51F8140B85
:108B000008BF079B049A08BF6B609DF815C0736887
:108B1000066A9DF81670101D6044B3429DF8172038
:108B200005F1080538442BD2CDE90152009000220E
:108B30002046FCF7D3FB002808BF012009B0F0BD98
:108B4000124A222312882A812B70B3690120013333
:108B5000B36109B0F0BD2B460D4A222103F8081B72
:108B60001188927829819A70B36901200133B36129
:108B700009B0F0BD841C08BF0020DFE71346BAE748
:108B8000044B054A054812210BF0BEF9F08F040092
:108B9000289A0400549A0400849C0400749A0400E7
:108BA0002DE9F0431F4693B003F00303012B0C465D
:108BB0000192054603D090F84030002B70D002AAF5
:108BC00007A901AB2846FCF763FF064600283FD102
:108BD0009DF80C30222B00F09180BB0500F18B80BA
:108BE000DDE9082002996260049AA0600023C4E9CC
:108BF0000637C4E9031223627A05059B636106D533
:108C0000002B5FD14FF0FF320023C4E904232B680F
:108C1000586B4FF0FF32E262002857D0EB68002B10
:108C20005FD16063E36903F003034FF0FF36012B6C
:108C3000E66205D02B68FF219A690BF03BFAE662E9
:108C4000EB6823600026EC60304613B0BDE8F0838B
:108C5000B01CF9D1DDF804802F2140460CF058F902
:108C600002460028F0D1F905EED540F61103404642
:108C70008DF80E20ADF80C300CF070F94FF00009B3
:108C800043468DF80F0002AA07A94FF0FF38284687
:108C9000CDE90489FEF774FB06460028A0D0D3E78F
:108CA00043680122013380F8402088D08368013373
:108CB00085D0FDF7AFFD0646002880D0304613B0C2
:108CC000BDE8F08347F48037E7619BE7E26902F093
:108CD0000302012A08D0986902F0E8FB60630028CB
:108CE000A0D16FF00B06AFE7586902F0DFFB6063BD
:108CF000002897D1F5E76FF01006A5E76FF014068E
:108D0000A2E700BF2DE9F04F2DED028BCC698FB0AB
:108D100004F00305012D0592079300F0B981670364
:108D20008846834600F10D81250500F11681A003D8
:108D300040F1ED80079B002B00F0D88008F12C0952
:108D40000693D8F81C30990300F18980D8F82030B8
:108D5000002B40F06481DBF800100B6ACBF8383050
:108D6000D8E908730C930DAB08EE103A0BF114041C
:108D70004FF0010ACDF8208018EE101A5846FDF782
:108D80003BFA00285ED10D99012940F29181DBF870
:108D90000000036A994200F28B81C368984700285B
:108DA00040F0AD80002F00F06581DBF80010D1F8B5
:108DB0001C807D1EA8F10806B542C0F01B81B5FBE2
:108DC000F6F0013804910AF027FF0230A5EB800588
:108DD000B5FBF6F528460AF01FFFA7EB800005FB60
:108DE0001607B845049900F0C380002F00F03F81BA
:108DF00000250DF12F0616E0DBF800200D9B126A0E
:108E0000934280F03F81CDE9016A009522464946B0
:108E10005846FCF7C5FB002871D10135BD4280F0F2
:108E2000EF80DBF800100A6A0C9B934280F03A81D5
:108E3000CDE9016A0095002221465846FCF74EFA1A
:108E40000028D9D0DDF82080D8F81C3043F4002366
:108E5000C8F81C300FB0BDEC028BBDE8F08FDBF81A
:108E60000010D8F82870CD69AF423FF476AFD8F83B
:108E700024300BF11404069A059EED1B954228BF81
:108E800015460EE010F1340FDED141465846FDF78D
:108E900041FC0028D8D1D8F82870DBF80010D8F8A9
:108EA00024300A6A9A4240F2ED80CDE901650097CC
:108EB000224649465846FCF773FB0028E2D1D8F811
:108EC0002020D8F82830DBF800102A442B44096A07
:108ED000C8F82020C8F82830059A069BCBF838102F
:108EE0002A445B1B059206937FF42BAFD8F81C3005
:108EF000079823F40023C8F81C30ABE7099F10F152
:108F0000340F9FD14FF0FF33CBF8203034E7D8F83F
:108F10002040D8F814309C427FF60CAFC8F82030BF
:108F20000DAE002501233246414658468DF8345097
:108F3000FFF7E8FE00288DDBD8F820309C42F1D8FE
:108F4000F8E64FF0FF3224F48023A603CA62CB6117
:108F500000F185802205DAD51C46D8F81430D8F8FF
:108F600020209A4238BFC8F82030A003CFD5E1E6D0
:108F7000013595FAA5F3B3FA83F318460133049348
:108F80000A6A099700250DF1300807460D9B9342A8
:108F90004FEA850676D20422CDE901820096224668
:108FA00049465846FCF7FCFA0C9B0028A6D1AF4274
:108FB00011D0DBF80020126A934273D20422CDE96B
:108FC00001820096024621465846FCF787F90028A0
:108FD0007FF438AF0C9B012B5DD9DBF800100A6AD7
:108FE000934258D8049B0135AB42CFD1DDF82080A5
:108FF0009F0009E047457FF4FBAE01230493BFE7E0
:10900000DDF82080DBF800100D9BC8E90937D8F89F
:109010001C20CD6942F40032C8F81C202BE708F16F
:10902000280108F12402CDE90121013B0093D8E990
:10903000042349465846FCF719FA00287FF404AF88
:10904000DBF80030D8F834009A69FF210BF032F8D1
:109050004FF0FF33DBF80010C8F82C307DE600F04D
:109060003DF800287FF4F6AED8F81C405CE6DDF849
:109070002080C9E7DDF820800D9BDBF80010C8E9EF
:109080000937C4E70E4B0F4A0F489C210AF03CFFFA
:109090006FF00800DEE60D4B0D4A0B4840F2D3415D
:1090A0000AF032FF064B0B4A074812210AF02CFF48
:1090B000094B074A044840F28C410AF025FF00BFE3
:1090C000549A0400949C0400749A0400F89A0400D2
:1090D000B49C0400849C0400409B04002DE9F043F0
:1090E0000D4693B0064600F114072C22002104A877
:1090F000D5F820800AF0DEFF97E807004FF0FF3335
:10910000D5E904C40DF1480E73610EE90700296A20
:109110006A69CDF8308001209142CDF820C00994D1
:109120000B901FD2994601230DF10F0204A930467E
:1091300000F072F90446002C4FF001030DF10F020C
:10914000294630463ADBFFF7DDFD041E36DB736946
:10915000013337D0C6F814906A692B6ACDF83C9079
:109160009A42E0D805F12C0918E030686B6B8269EF
:10917000009284682A6BA04704463A464946304626
:109180001CB9FCF71FF9044658B114F1340F2946F5
:10919000304613D1FDF7BEFA044678B9E96A4B1C94
:1091A000E3D1EB69D5E9082123F4003343F480339C
:1091B0002961EB616A61C5F820800024204613B064
:1091C000BDE8F0832A6A6B699A42ACD3CAE700BF54
:1091D000F0B5CB690C4659039DB0054605D523F47F
:1091E00080234FF0FF32E361E2629A0309D5214602
:1091F0002846FFF773FF024610B110461DB0F0BDC0
:10920000E36903F41023B3F5803F03D00022104636
:109210001DB0F0BD63680133F8D0A3680133F5D009
:10922000221D11A92846FCF77FFA02460028E4D146
:109230002946129B51F8140B0692076AE0680590C4
:1092400006AEBB42C6E901222CD20C27CDE90006AE
:1092500002972846FCF742F802460028CDD19DF837
:109260001830112B24D1059B0B9603F10C060A979D
:1092700028460C979DF81B5027690F9209930D966D
:1092800009AA6669079711A9012308960E951095FA
:10929000FDF786FE02460028AFD1E36923F4803350
:1092A000E361AAE7064B074A074812210AF02CFEA1
:1092B000064B074A044840F213610AF025FE00BF3E
:1092C000549A0400849C0400749A0400709B040067
:1092D000C49C04002DE9F041CB690C4659039CB0B5
:1092E000054605D523F480234FF0FF32E361E262A7
:1092F0009A0321D521462846FFF7F0FE0646D0B155
:10930000EB6843B19C4202D16AE09C426AD01946A4
:109310001B68002BF9D1A3692BB11B681BB1304628
:109320001CB0BDE8F0812B685B6B002BF7D1606B44
:1093300002F0D0F8F3E7E36903F41023B3F5803FBC
:1093400001D00026DCE763680133FAD0A36801335B
:10935000F7D011A9221D2846FCF7E6F90646002899
:10936000CED12946129B51F8142B0696106AE2685A
:10937000059206AF8342C7E9016636D24FF00C086A
:10938000CDE90027CDF8088032462846FBF7A6FF36
:1093900006460028B4D19DF81830112B2BD1059B1F
:1093A00022690F9060699DF81B600B97099303F188
:1093B0000C070792089011A9012309AA28460E96C6
:1093C0001096CDF82880CDF830800D97FDF7E8FD98
:1093D0000646002894D1E36923F48033E3618FE7E4
:1093E00005F10C0123680B6095E7064B064A074818
:1093F00012210AF089FD064B064A044840F2136127
:109400000AF082FD549A0400849C0400749A0400BB
:10941000709B0400C49C04002DE9F04F0D46C969FF
:1094200001F00304022C87B04FD080468803174612
:109430001E464FD42A6A69698A425CD2A1EB0209AE
:10944000B1454B4628BF33460593002B57D01E46E7
:1094500005F12C0905F1280B05F1240A1FE0D8F8C5
:109460000000A96AC469A1421CD0641A026A6B6A2E
:10947000B44228BF3446934245D20091CDE90174ED
:10948000002249464046FBF729FF00BB2A6AAB6A27
:1094900022442344361B27442A62AB622FD0EB6957
:1094A0005B03DCD4CDE901AB0092D5E90423494646
:1094B0004046FBF7DBFF50B9EB69D8F80000A96A1A
:1094C000C46943F48023EB61CFE76FF0080007B075
:1094D000BDE8F08F4A0305D521F480214FF0FF321B
:1094E000E961EA6229464046FFF7F8FD0028A1D06D
:1094F00007B0BDE8F08F002007B0BDE8F08F0598F9
:1095000007B0BDE8F08F034B034A044812210AF06C
:10951000FBFC00BF549A0400849C0400749A04006D
:10952000F8B50C46C96916464A0307461D4605D5D7
:1095300021F480214FF0FF33E161E3628B0305D515
:1095400038462146FFF7CAFD00B1F8BD2DB1012D07
:109550000CD0022D04D0206AF8BD26623046F8BD3A
:10956000002E606905DB30442062F8BD002E206AC1
:10957000F9DA72428242F6D96FF01500F8BD00BFE9
:10958000086A7047CB699B0305D5086A4B69984206
:1095900038BF184670474869704700BFF0B597B0AC
:1095A0001546059105AB07AA0BA90646FCF770FA0C
:1095B000044610B1204617B0F0BD4C2201462846A3
:1095C0000AF078FD9DF820302B70112B04BF0A9B08
:1095D0006B607268099B934223D00A98B1688842F5
:1095E0001FD08B421DD082421BD03146079A51F8C2
:1095F000143B9DF821701C6A0C9B9DF822000432DC
:109600003A44A342024405F108059DF823000ED216
:10961000CDE90150009230460022FBF75FFE044680
:10962000C8E7064B1B882B81204617B0F0BD044BC2
:10963000044A054812210AF067FC00BF2C9A040076
:10964000549A0400849C0400749A04002DE9F04F9D
:1096500090F84030BBB00546059183B943680122BC
:10966000013380F840200AD08368013307D0FDF72A
:10967000D1F8044618B120463BB0BDE8F08F09AAE6
:1096800019A905AB2846FCF703FA04460028F2D1D5
:109690009DF82830222B00F0D08009AA19A928466D
:1096A000FEF7FCFB04460028E5D19DF82830222B6C
:1096B000E1D119AA25A92846FCF7D6F8041EDADB61
:1096C00000F00B81DDE92D40209B2390DDE91A217C
:1096D000286822940133209300230493CDE91A12C1
:1096E000C3680892079198474FF0FF3A4FF001087E
:1096F0000446E0B114F1340FBDD1079BC5F820A09A
:10970000012B40F2A480089B012B40F2A0801AA9F3
:109710002846FCF771FD04460028ACD128681A9948
:1097200001230493C368984704460028E2D120AF80
:10973000A9461022394611A8CDF844A000F0ECFE4D
:1097400059F8202B1A9B126A934280F03A81102616
:10975000CDE900472246029649462846FBF720FFFE
:1097600004460028C6D1219B23F00043043B102B64
:1097700031D905F1140B2FAF2A68089B126A934266
:1097800080F02581CDE901780096002259462846CF
:10979000FBF7A4FD044600287FF46DAF0122394693
:1097A00011A800F0B9FE2A681A9B126A934280F051
:1097B00008812246CDE90178009649462846FBF704
:1097C000EFFE0446002895D1219B23F0004301368B
:1097D000043B9E42D0D32A681A9B126A934280F0BF
:1097E000F080042211A9CDE90061029249460022CD
:1097F0002846FBF7D5FE044600287FF47BAF296A94
:10980000C5F814A04B1C12D02868AB6A826900927C
:1098100084686A6AA047044600287FF46BAF2B680F
:10982000A86A9A69FF210AF045FCC5F820A02868BB
:109830000369984770B104465CE70BAA24A928463F
:10984000FBF772FF044600283FF427AF13E76FF0E1
:10985000330410E7219FDDF868B0CDF8BCA027F0F5
:10986000004705F11403043F1C461DD006460DF1C8
:10987000340907E00136012249462FA800F04CFECA
:10988000B74211D02B681B6A9B4580F0A080CDE9C0
:10989000019800965B46002221462846FBF71EFDF4
:1098A0000028E7D00446E6E62F9A119B9A427FF4FF
:1098B00024AF049BC3B92C69002C3FF4DCAE606874
:1098C0001A9B98425AD0A2681B998A4256D0884265
:1098D00054D0934252D02468EEE7404B404A41486E
:1098E00040F26E710AF010FB6B6801334FD0AB6829
:1098F00001332FAE07AF4CD0324639460DAB284668
:10990000FCF788F8041EFFF6B6AE42D0DDE91A4037
:109910000D9B11930C33159310900C239DF83B0075
:109920000F9431461293149300241690189011AAA4
:109930000EAE0123284617941396FDF731FB04461B
:1099400000287FF498AE07986B6898421AD0089A5E
:10995000A9688A4216D0884214D0934212D00122BC
:10996000013385F84020A6D0AB680133A3D0284648
:10997000FCF750FF0446002C9DD07CE663601B9BE7
:10998000A360A8E7DDE91A32C5E90132E7E72FAEA7
:1099900007AF394632462846FBF766FF041EFFF63E
:1099A0006AAE88D0DDE91A400023399031461A4664
:1099B00028463894FDF7F4FA0446002C3FF47BAFB8
:1099C00059E6094B094A07489C210AF09DFA064BC3
:1099D000074A044812210AF097FA00BF909B04003E
:1099E000D49C0400749A0400549A0400949C0400CB
:1099F000849C04002DE9F04F2DED028B8B6A0160F1
:109A0000C5B00446002B00F09780C361C86A0028E7
:109A100000F09E80A0628A69FF210AF04BFB4FF0A4
:109A2000FF33226823626361536AD90640F02783BB
:109A3000002B00F01D83106B002800F09280E06383
:109A4000D2E90551B1FBF5F305FB1313002B40F0F0
:109A5000FA82D769B7FBF1F501FB1575002D40F0CF
:109A600000834FF0FF36A7F10803B6FBF3F333444E
:109A7000B3FA83F3C3F12003B7EB830FC0F0EA829C
:109A8000526A25612946C4E90265D20884F840502B
:109A900066600AF00FFB2368E562D3E9082393426E
:109AA00028BF1346C4E90C35A26322A92046FCF75F
:109AB000EDF8054678B123689A6A002A63D0DA6A1D
:109AC000002A5BD01B6B002B54D0284645B0BDEC60
:109AD000028BBDE8F08F2DA92046FCF7D7F805468C
:109AE0000028E8D1DDE92E21349B0E92CDE92E121B
:109AF0000133049034930D914FF001092068C3683D
:109B000098470546002843D015F1340FD3D10D9B5B
:109B10002662012B0DD90E9B012B0AD92EA92046B6
:109B2000FCF76AFB05460028C5D101232E99049352
:109B3000E4E76FF03305BEE7486901F0B7FCE06188
:109B4000002800F0DF802168C86A00287FF462AF37
:109B5000886901F0ABFCA062002800F0D380216886
:109B600059E7D80801F0A2FCE063002800F0CA80A1
:109B7000226865E7E06B01F0ADFCA6E7A06A01F0A2
:109B8000A9FC23689EE7E06901F0A4FC236896E73E
:109B900034AFA2461022394609A8099600F0BCFC51
:109BA0005AF8202B2E9B126A934280F07D824FF050
:109BB0001008CDE900572A46CDF8088051462046C6
:109BC000FBF7EEFC054600289ED1359B23F00043B1
:109BD000043B102B474633D904F1140B0DF1280830
:109BE00022680E9B126A934280F06482CDE901895B
:109BF0000097002259462046FBF770FB05460028D7
:109C00007FF459AF0122414609A800F085FC226883
:109C10002E9B126A934280F047822A46CDE9018941
:109C2000009751462046FBF7BBFC054600287FF411
:109C30006BAF359B23F000430137043B9F42CFD3EA
:109C400022682E9B126A934280F02E82042209A978
:109C5000CDE900710292514600222046FBF7A0FC9C
:109C6000054600287FF450AF216A66614B1C11D075
:109C70002068A36A826900928568626AA8470546DF
:109C800000287FF441AF2368A06A9A69FF210AF097
:109C900011FA2662206803699847054600287FF478
:109CA00033AF359BDDF8B8B00A9623F0004304F1DA
:109CB0001402043B08EE102A3CD01D46234608EE51
:109CC00090AA38AF92460446984607E00134012234
:109CD00039460AA800F020FCA54228D0D8F8003068
:109CE0001B6A9B4580F0E681CDE9017900945B46D3
:109CF000002251464046FBF7F1FA0028E6D005461F
:109D00004446D8E623689A6A002A00F0C881DA6AD5
:109D1000002A00F0BF811B6B002B00F0B7816FF0B1
:109D20000B05284645B0BDEC028BBDE8F08F18EE60
:109D300090AA4446DDE909329A427FF4E8AE049BDA
:109D4000002B40F0168225698DB168682E9B9842E1
:109D500000F0B681AA682F998A4200F0B18188424A
:109D600000F0AE81934200F0AB812D68ECE7A74A8A
:109D700023688DF86A50082641F22E47ADF86870C6
:109D80008DF86B6092E80300D3E907261D9220AAA4
:109D900082E803002F9A06954FF001102E9D1E9623
:109DA00034211026A2601C922C9202221F90656022
:109DB0001B952B9519962A914FF00109049218468C
:109DC000DDE92331299A0C93CDE9231301320023D5
:109DD00007932992C3680B9198470546D8B115F1AE
:109DE000340F7FF468AE0B9B4FF0FF32012B2262E1
:109DF00032D90C9B012B2FD923A92046FCF7FCF963
:109E0000054628BB2068239901230793C368984718
:109E100005460028E3D129AF4FF0FF331022394621
:109E200011A8119300F078FB2268239B126A9342D9
:109E300080F03A811026CDE900572A460296514615
:109E40002046FBF7ADFB18B310F1340FCBD005461D
:109E500015F1340F7FF42FAE049B012B14D1069B18
:109E6000002B3FF466AE22A90026012738AA20461F
:109E7000CDE93867FBF758FC054600287FF41BAE98
:109E800023681A6AA26317E601232068049397E700
:109E90002A9B23F00043043BB34259D918EE108AA1
:109EA00037460DF1E00B05902FE022680C9B126AFB
:109EB000934280F0FF80CDE901B90097002241462E
:109EC0002046FBF70BFA05460028C1D1012259466E
:109ED00011A800F021FB2268239B126A934280F0B4
:109EE000E3802A46CDE901B9009651462046FBF7AA
:109EF00057FB054600287FF472AF013701362A9BD5
:109F000023F00043043B9E4222D2059B002BCCD180
:109F1000102FCAD11AAD2022294611A800F0FCFA50
:109F20002268239B126A934280F0BE802021CDE9F3
:109F300000650291059A51462046FBF731FB054624
:109F400000287FF44CAF0123203630270593D6E755
:109F50002268239B126A934280F0A680042211A9F2
:109F6000CDE900610292514600222046FBF718FB22
:109F7000054600287FF433AF216A4FF0FF33994242
:109F8000636113D02068A36A826900928568626A5F
:109F9000A847054600287FF422AF2368A06A9A6983
:109FA000FF210AF087F84FF0FF332362206803692E
:109FB0009847054600287FF412AF2A9BDDF88C8075
:109FC00023F0004B4FF0FF32BBF1040B38921FD04F
:109FD00018EE105A07460DAE07E001370122314650
:109FE00038A800F099FABB4512D023681B6A98453F
:109FF00060D2CDE9016900974346002229462046F8
:10A00000FBF76CF90028E8D0054621E7789C0400AE
:10A01000389A119B9A427FF4E6AE079B002B57D1EA
:10A0200023696BB15D68239A95424DD09968249855
:10A03000814249D0854247D08A4245D01B68F0E72B
:10A040000123069308E7914B914A924840F61F017D
:10A0500009F05AFF904B8E4A8E4840F6230109F0D2
:10A0600053FF8E4B8A4A8B484FF4026109F04CFF34
:10A070008B4B874A874840F6140109F045FF894B0E
:10A08000834A844840F6130109F03EFFE06B01F07B
:10A0900021FA44E6A06A01F01DFA23683BE6E06974
:10A0A00001F018FA236832E67F4B804A79489C21F8
:10A0B00009F02AFF7C4B7E4A7648122109F024FFE2
:10A0C0006B602F9BAB6050E65A60249A9A60B5E7AC
:10A0D0006368013300F09F80A368013338AE0BAF93
:10A0E00000F09B80324639460DAB2046FBF792FCD0
:10A0F000051EFFF6ADAE00F09080DDE923030D9D57
:10A1000011950C3515950F900C259DF83B0010937B
:10A1100031461295149516900025189011AA0EAE8E
:10A120000123204617951396FCF73AFF05460028B1
:10A130007FF48EAE0B986368984267D00C9AA16842
:10A140008A4263D0884261D093425FD04FF00102CF
:10A15000013384F840203FF463AFA36801333FF438
:10A160005FAF2046FCF756FB0546002D3FF458AF85
:10A170006EE6636801336ED0A368013338AE0DAF6D
:10A180006BD03246394611AB2046FBF743FC051E27
:10A19000FFF691AC61D0DDE92E02119B19930C33CF
:10A1A0001D9313900C2312A89DF84B501492314626
:10A1B0001A931C931B900026012319AA20461E9572
:10A1C00020951F96FCF7ECFE054600287FF473AC43
:10A1D0000D986368984239D00E9AA1688A4235D0AA
:10A1E000884233D0934231D00122013384F8402099
:10A1F0003FF4A9ADA36801333FF4A5AD2046FCF7B9
:10A2000009FB0546002D3FF49EAD54E4DDE9233201
:10A21000C4E901329AE738AE0BAF394632462046E0
:10A22000FBF722FB051EFFF613AE3FF4F9AEDDE9A6
:10A2300023500023429031461A4620464195FCF7B0
:10A24000AFFE0546002D3FF4EBAE01E6DDE92E3210
:10A25000C4E90132C8E738AE0DAF39463246204670
:10A26000FBF702FB051EFFF626AC3FF46CADDDE903
:10A270002E500023429031461A4620464195FCF765
:10A280008FFE0546002D3FF45EAD14E4CC9B040028
:10A29000E09C0400749A04002C9C0400FC9B0400C5
:10A2A000B49B0400949B0400549A0400949C040002
:10A2B000849C0400F0B58B6A01609BB00446002BBF
:10A2C0007CD0C361C86A002800F08380A0628A69DC
:10A2D000FF2109F0EFFE4FF0FF3321682362636135
:10A2E000486AC30640F0C380002800F0D5800B6B9D
:10A2F000002B75D0E363D1E90503B3FBF0F200FB5B
:10A300001232002A40F0C180C869B0FBF3F203FBAF
:10A310001202002A40F0B2804FF0FF35A0F108038E
:10A32000B5FBF3F32B44B3FA83F3C3F12003B0EB93
:10A33000830FC0F085800B6AA363C4E90155C4E9AB
:10A340000322C4E90B2284F840206263002601271F
:10A3500004AA0FA92046CDE90467FBF7E5F90546F5
:10A3600060B123689A6A002A46D0DA6A002A3ED091
:10A370001B6B002B45D028461BB0F0BD2146109B1F
:10A3800051F8142B126A934280F08D8020200290A5
:10A3900007AE1020CDE900062A462046FAF79EFFB8
:10A3A00005460028DDD1DDE90810424B0D9A9A429E
:10A3B000C4E9011029D06FF03305D2E7486901F0F4
:10A3C00075F8E061002831D02168C86A00287FF460
:10A3D0007DAF886901F06AF8A06238B3216876E73A
:10A3E000C00801F063F8E06300B3216883E7A06A66
:10A3F00001F070F82368BBE7E06901F06BF82368AF
:10A40000B3E7E06B01F066F8B5E70E9AA3F1877346
:10A41000A3F580639A42CED10C9B1A0C012A02D17B
:10A420009BB2012BA7D96FF015059AE723689A6AAA
:10A43000C2B1DA6A8AB11B6B4BB16FF00B059AE7B8
:10A440001D4B1E4A1E4840F6230109F05DFDE06BDE
:10A4500001F040F86FF00B058DE7A06A01F03AF8C3
:10A460002368E8E7E06901F035F82368E1E7154B78
:10A47000124A134840F6130109F046FD124B0F4AE9
:10A480000F484FF4026109F03FFD104B0B4A0C4896
:10A4900040F61F0109F038FD0D4B084A084840F608
:10A4A000140109F031FD0B4B0B4A0548122109F04C
:10A4B0002BFD00BF6C6974742C9C0400E09C0400AC
:10A4C000749A0400949B0400FC9B0400CC9B040041
:10A4D000B49B0400549A0400849C040003689A6AA4
:10A4E00010B504462AB1DA6A52B11B6B7BB1002069
:10A4F00010BDC06900F0EEFF2368DA6A002AF4D1CB
:10A50000A06A00F0E7FF23681B6B002BEFD1E06B24
:10A5100000F0E0FF002010BDE2B170B4561E0E4DF9
:10A5200002680E444C1E14F8013F83EA020101F058
:10A530000F01A64255F8211081EA121282EA131384
:10A5400003F00F0355F8233083EA1212EBD170BCED
:10A5500002607047704700BFEC9C040010B5034BCD
:10A5600003600446FAF7BAFA204610BD349D040091
:10A5700010B5054B03600446FAF7B0FA204603F025
:10A5800013FB204610BD00BF349D040008B500F049
:10A59000B5F9002008BD00BF70B501F5ED51CC0143
:10A5A00082B004F18006FF25012220460DF107014B
:10A5B00014448DF8075000F0A7F9A642F4D100200A
:10A5C00002B070BD08B501F5ED5102EBC110029A61
:10A5D000194600F099F9B0FA80F04009404208BDF0
:10A5E00008B501F5ED5102EBC1111846029A00F0D1
:10A5F000A3F90028CCBF00200120404208BD00BFC5
:10A6000038B500210546FAF789FA98B94FF46D2458
:10A61000204604F5805400F09BF958B1B4F5742F2E
:10A62000F6D12846FAF79CFA28460021BDE83840C2
:10A63000FAF774BA38BD00BF10B5074C0749204679
:10A64000FAF754FA064B23602046064A0649BDE84D
:10A65000104008F01DBE00BFA08600203061002021
:10A66000349D0400006000205DA503002DE9F04F3B
:10A6700083B00193002B37D0DFF8749005460E4667
:10A6800090461F46C6F30B0ACAF58054296906EAAC
:10A69000090BBC4228BF3C46594526441BD04B1CE5
:10A6A0004FF4805208460ED0EB681BB16969984799
:10A6B00048B929692B6808469847D5E904016B68B1
:10A6C0004FF480529847AB686869C5F810B0594696
:10A6D0004FF480529847686941462246504409F039
:10A6E000C1FC3F1BA044CDD1019803B0BDE8F08F61
:10A6F00000F0FFFF10B504460069431C12D0E36868
:10A700002BB161694FF48052984740B920692368A2
:10A710009847D4E9040163684FF4805298474FF09A
:10A72000FF33236110BD00BF2DE9F84307691D46C3
:10A730007B1C06468846144605D097420BD807F581
:10A7400080539A4230D3B368214640462A46984700
:10A750002846BDE8F88353199F42F4D207F5805389
:10A760009A42F0D2A7EB04094A462146B368404614
:10A77000E71B98477A1908EB09004FF4805C002129
:10A78000624528BF62467369174619444F4409F071
:10A7900069FCBD42DCD9B368E11908EB0700EA1B8C
:10A7A00098472846BDE8F883A7EB040C0CF5805CBD
:10A7B000E11B2A4640464FF00009E1E729DF7047D8
:10A7C00028DF704712DF704708B509F03DFCB0FA8A
:10A7D00080F0400908BD00BF10B5144609F042FCE6
:10A7E000204610BDF0B583B0074600230DF10700E9
:10A7F00016460C46D5088DF80730FFF7E3FF01E059
:10A8000000F008FE2A4621463846FFF7D7FF1128F8
:10A8100003464FF00100F3D0D3B99DF80730D3B908
:10A8200007EB560704EB560401E000F0F3FD2A465F
:10A8300021463846FFF7C2FF112803464FF00100BA
:10A84000F3D02BB99DF8073063B9304603B0F0BDA3
:10A85000002003B0F0BD084B4FF0FF31186801F045
:10A86000DBFADDE7044B4FF0FF31186801F0D4FA52
:10A87000304603B0F0BD00BF4497002030B5184DFE
:10A88000296883B00446D9B1240B01E000F0C2FD71
:10A890002046FFF795FF112803464FF00100F5D041
:10A8A00013B1002003B030BD0DF107008DF8073063
:10A8B000FFF788FF9DF807304BB9012003B030BD8A
:10A8C0000A2000F087FE28600028DDD1E9E728682B
:10A8D0004FF0FF3101F0A0FA012003B030BD00BFFE
:10A8E00044970020044B186820B100231A461946EB
:10A8F00000F0A2BE704700BF449700200148FFF758
:10A90000F9BE00BF6861002010B4094CA0420AD310
:10A91000B0F5742F07D213465DF8044B0A46014682
:10A920000448FFF7A3BE4FF0FF305DF8044B7047BB
:10A93000007002006861002010B40C461346014606
:10A94000224602485DF8044BFFF7EEBE6861002026
:10A9500030B5184D296883B00446D9B1240B01E005
:10A9600000F058FD2046FFF72BFF112803464FF05B
:10A970000100F5D013B1002003B030BD0DF1070088
:10A980008DF80730FFF71EFF9DF807304BB9012007
:10A9900003B030BD0A2000F01DFE28600028DDD184
:10A9A000E9E728684FF0FF3101F036FA012003B0E3
:10A9B00030BD00BF4497002008B501210E2003F0F0
:10A9C000EFFF01210E2004F06FF80021162003F0A4
:10A9D000E7FF0121192003F0E3FF0121192004F012
:10A9E00063F801210B2003F0DBFF01210B2004F0B1
:10A9F0005BF801210D2003F0D3FF01210D2004F0AD
:10AA000053F801210C2003F0CBFFBDE808400121E1
:10AA10000C2004F049B800BF10B5402200210446C4
:10AA200009F048FB0023C4E91033204610BD00BFE5
:10AA300010B4D0E91024531C03F03F039C4218BF0C
:10AA400081545DF8044B18BF036470470023C0E9CC
:10AA500010337047D0E91023934206D05A1CC35CD0
:10AA600002F03F024264184670474FF0FF307047D3
:10AA7000D0E91030181A48BF40307047D0E9102391
:10AA8000934214BFC05C4FF0FF307047D0E91030E4
:10AA9000013303F03F03181AB0FA80F04009704701
:10AAA0002DE9F84FDFF8FC81D8F8005004460F4636
:10AAB0001646ADB3262C04D826F480739A1E022ABB
:10AAC00002D90020BDE8F88F704A714D52F8241069
:10AAD00095F900000A0202F47C52C3F1050342EA30
:10AAE00003438142C6F3002243F0010337D100241F
:10AAF000A60006F1804606F5C0462955D6F8101581
:10AB00006448654D025521F0031121F47C510B433B
:10AB1000012045F82470C6F81035A040BDE8F88F34
:10AB2000294620225C4809F0C5FA594A59495B4B2D
:10AB30000D604FF0FF30C2E9000040224D60C3F8C5
:10AB40008020BFF34F8FBFF36F8F6021C3F8802148
:10AB500083F806131A600123C8F80030AAE795F9B4
:10AB60000160B14205D095F902C0614503D10224CC
:10AB7000BEE70124BCE795F903E071454AD095F999
:10AB8000048041455CD095F9059049456ED095F912
:10AB900006A0514578D095F907B08B4501D107241F
:10ABA000A6E7013023D13E48D0F8104514F0030445
:10ABB0001DD1A00000F1804000F5C0402955D0F81B
:10ABC0001015354D21F0031121F47C510B43C0F8D1
:10ABD00010350023C0F800312E49314B45F8247060
:10ABE0000120A0400A55C3F80403BDE8F88F0136E0
:10ABF00006D12B48D0F81405800701D10124D8E7ED
:10AC0000BCF1FF3F08D12648D0F81805860703D1CC
:10AC10000224CEE703246BE7BEF1FF3F06D12048B4
:10AC2000D0F81C05840701D10324C2E7B8F1FF3F27
:10AC300008D11B48D0F82005800703D10424B8E7C9
:10AC4000042455E7B9F1FF3F06D11548D0F8240593
:10AC5000860701D10524ACE7BAF1FF3F08D11048BF
:10AC6000D0F82805840703D10624A2E705243FE78E
:10AC7000BBF1FF3F7FF425AF0948D0F82C058007D2
:10AC80007FF41FAF072494E7062431E73C9D0400BE
:10AC900070970020489700205097002000E100E0C6
:10ACA0000060004078970020262825D8264A274BA8
:10ACB00052F8202093F900108A423AD093F90110FB
:10ACC0008A4238D093F902108A4236D093F90310A1
:10ACD0008A4234D093F904108A4228D093F905109F
:10ACE0008A422ED093F906108A4206D093F90710B3
:10ACF000914208BF072101D07047062170B401209E
:10AD0000134E144C144D8840C6F808038A000020E6
:10AD100044F8210002F18042FF2402F5C0425C5455
:10AD20006854C2F8100570BCC2F8000170470421D5
:10AD3000E4E70021E2E70121E0E70221DEE7032169
:10AD4000DCE70521DAE700BF3C9D04007097002096
:10AD50000060004050970020489700202DE9F04304
:10AD60001B4B1C4FD3F80463DFF86C80DFF86C904A
:10AD700085B000250123AC00AB4004F18044334290
:10AD800004F5C0440FD0D4F8003163B1EB57013360
:10AD900006D058F825201AB115F809307BB990472C
:10ADA0000023C4F800310135082DE3D1BFF34F8FE4
:10ADB00000BF00BF00BF00BF05B0BDE8F0830021A9
:10ADC0000091084603AB039103F01CFCE8E700BFC9
:10ADD00000600040709700205097002048970020A6
:10ADE000F8B50026C0E900660446866079B10846D9
:10ADF0000D460AF0B3F80746013000F027FB30B1EA
:10AE0000C4E900070670A76029460AF08EF82046BC
:10AE1000F8BD00BFF8B588424FF00005C0E9005505
:10AE2000044685600DD00E685EB18F68781C00F016
:10AE30000DFB30B1C4E900070570A76031460AF088
:10AE400074F82046F8BD00BF30B50446002385B035
:10AE5000C4E90033A360084601A902F0D7FD01A8A8
:10AE60000AF07CF82368054613B1626890420BD95A
:10AE70001846691C09F094FF034668B1A268C4E94A
:10AE800000050AB902702368A56001A918460AF0F6
:10AE90004CF8204605B030BD206808B100F0F0FA4B
:10AEA00000232046C4E90133236005B030BD00BF54
:10AEB00030B5044600238BB0C4E90033A3600846D4
:10AEC00001A902F0A1FD01A80AF048F8236805468F
:10AED00013B1626890420BD91846691C09F060FFF3
:10AEE000034668B1A268C4E900050AB90270236884
:10AEF000A56001A918460AF018F820460BB030BD2D
:10AF0000206808B100F0BCFA00232046C4E90133F0
:10AF100023600BB030BD00BF30B5044600238BB0BA
:10AF2000C4E90033A360084601A902F029FD01A885
:10AF30000AF014F82368054613B1626890420BD9F1
:10AF40001846691C09F02CFF034668B1A268C4E9E1
:10AF500000050AB902702368A56001A9184609F026
:10AF6000E4FF20460BB030BD206808B100F088FA3D
:10AF700000232046C4E9013323600BB030BD00BF7D
:10AF800070B5044600238AB010EE100AC4E90033FD
:10AF9000A3600D468E1C08F0E5FA76B241EC100B6A
:10AFA00001AA2946304600F013FAE0B1054609F03F
:10AFB000D5FF2368064613B1626890420BD9184644
:10AFC000711C09F0EDFE034668B1A268C4E90006F1
:10AFD0000AB902702368A6602946184609F0A5FF41
:10AFE00020460AB070BD206808B100F049FA00237D
:10AFF0002046C4E9013323600AB070BD10B5044691
:10B00000006800F03DFA204610BD00BF70B5044650
:10B01000E1B108460D4609F0A1FF2368064613B1C9
:10B02000626890420BD91846711C09F0B9FE0346BC
:10B0300060B1A268C4E900060AB902702368A6607C
:10B040002946184609F071FF204670BD206808B1F6
:10B0500000F016FA0023C4E901332360204670BDD6
:10B0600029B370B5054608460C4609F077FF08B9C4
:10B07000012070BDAA682B68861813B169688E42DA
:10B080000CD91846711C09F08BFE034668B1AA68FA
:10B09000C5E9000612B902702B68AA682146981803
:10B0A00009F043FFAE60012070BD002070BD00209C
:10B0B000704700BF30B5836883B0044600688DF8E0
:10B0C000041000225D1C8DF8052010B162689542C5
:10B0D0000AD9991C09F064FE60B1A368C4E90005AF
:10B0E00013B903702068A368184401A909F01DFF73
:10B0F000A560012003B030BD70B50E6804461EB1D6
:10B100008D685DB9204670BD206808B100F0B8F9BF
:10B110000023C4E901332360204670BD82680068C3
:10B12000154410B163689D420BD9691C09F038FEC3
:10B130000028E9D0A268C4E9000512B902702068AD
:10B14000A2683146104409F0F0FEA560204670BDAB
:10B1500070B5044631B108460D4609F0FFFE58B9F6
:10B16000204670BD206808B100F08AF90023C4E9C8
:10B1700001332360204670BDA2682368861813B18E
:10B1800061688E420DD91846711C09F009FE03460C
:10B190000028E7D0A268C4E9000612B9027023684B
:10B1A000A2682946981809F0C0FEA660204670BD26
:10B1B00088421AD083688A68934214D1ABB170B5C3
:10B1C00005680E68013D08E00AF05AFE044616F8CC
:10B1D000010B0AF055FE844209D115F8010F002831
:10B1E000F2D1012070BD002070470120704700207F
:10B1F00070BD00BF08B58A688368934209D30068B0
:10B2000030B1096839B109F0B1FEB0FA80F04009F7
:10B2100008BD002008BD084608BD00BF83683BB1DB
:10B2200010B50468204609F073FE20B1001B10BD64
:10B230004FF0FF3070474FF0FF3010BD9A422DE9BC
:10B24000F0411746984604460D4601D947469046B8
:10B250000026C4E90066A660012000F0F7F808B1F6
:10B2600020600670AE68BE4202D82046BDE8F0817C
:10B2700046452B6828BF4646002213F806809A559B
:10B28000296820463944FFF7C1FE2B6803F8068081
:10B290002046BDE8F08100BF006838B103782BB1CB
:10B2A000994204D010F8013F002BF9D17047027089
:10B2B00010F8013F002BF3D1704700BF002A40D0A7
:10B2C00083688B423DD9F0B55C1AA24228BF224662
:10B2D00006689B1A02EB010C5F1A836006EB0C05F3
:10B2E00006EB01042AD001F1040E7244E645C8BF02
:10B2F0008A4227DC7A1E072A24D927F003062E4427
:10B300002B46224653F8041B42F8041BB342F9D1E2
:10B3100027F003039F4204EB030205EB03010BD06C
:10B32000ED5CE5545C1CA74206D902334C7854709E
:10B330009F4201D98B789370066883680022F2548B
:10B34000F0BD7047013D334415F8012F04F8012B7F
:10B350009C42F9D1F0E700BF2DE9F0410768E7B161
:10B3600084680646CCB1B846454618F8010B08F08B
:10B3700053FE0028F8D1013C3C4402E0A54205D828
:10B38000013C207808F048FE0028F7D1621C521BCF
:10B39000AF42B26003D30023BB54BDE8F08138460E
:10B3A000294608F05FFE3768B268F4E7006848B1E4
:10B3B00008B508F0C7FD51EC100B08F0C5FB00EE16
:10B3C000100A08BD9FED010A704700BF0000000091
:10B3D000D0B50B4686B0144657EC106B02460649B2
:10B3E00001A809F0F5FC32463B4601A9204609F0C8
:10B3F000EFFC204606B0D0BDD89D040008B501F092
:10B4000021FA4FF47A73A0FB0323900A40EA835099
:10B4100008BD00BF014638B54FF47A7200238002A0
:10B42000890D08F0E1FB044601F00CFA0546F1F73E
:10B4300075FF01F007FA431B9C4200D838BD2C442D
:10B44000201ABDE8384001F035BB00BF10B50446F6
:10B4500001F08CFD022804D02046BDE8104008F021
:10B46000E3BD01F0E7F9204608F0DEFD044601F0F7
:10B4700091FA0CB1204610BD02F0F6FFFAE700BFCA
:10B4800010B5044601F072FD02280AD144B101F062
:10B49000D1F9204608F0D0FDBDE8104001F07ABA9D
:10B4A00010BD2046BDE8104008F0C6BD10B582B002
:10B4B000019001F0BFF9019808F0B6FD044601F0D3
:10B4C00069FA14B1204602B010BD02F0CDFF20464B
:10B4D00002B010BD50B110B5044601F0ABF92046E2
:10B4E00008F0AAFDBDE8104001F054BA704700BF53
:10B4F00038B51C469DF8105043B3002908BF1A46C2
:10B500000123C4E90F01226084F8463002F086F876
:10B51000D4E90F132268A26001FB03F1CB1A134494
:10B5200000200A44FF21A063E36084F844106260B5
:10B5300084F8451004F1100003F018FB04F1240016
:10B5400003F014FB02F074F884F84C50204638BD28
:10B55000F8B5064617460D4669B100FB01F05030BC
:10B56000FFF7A4FF044690B3002200F1500380F8D7
:10B570004620036007E05020FFF798FF044630B3F1
:10B5800084F846502460C4E90F6502F047F8D4E916
:10B590000F132268A26001FB03F1CB1A13440020B1
:10B5A0000A44FF21A063E36084F84410626084F8D9
:10B5B000451004F1100003F0D9FA04F1240003F05F
:10B5C000D5FA02F035F884F84C702046F8BD002416
:10B5D0002046F8BDF8B5064650200D46FFF766FF39
:10B5E000044630B300272060C66380F846700764C5
:10B5F00002F014F8D4E90F322168A76303FB02F3C9
:10B600009A1A0A440B44FF26C4E90131E26084F827
:10B61000446004F1100084F8456003F0A7FA04F1D7
:10B62000240003F0A3FA02F003F80223A56384F8D0
:10B630004C302046F8BD00BF2DE9F047044684B0E9
:10B640001F460192884600F1240601F0E7FFA26B35
:10B65000E36BDFF840939A424FF0000A7CD3022F4D
:10B6600000F0E880019D002D00F0128102ADBAF1DA
:10B67000000F00F0DB8001F0DBFF01F0DBF801F0F0
:10B68000CDFF94F84430FF2B04BF002384F84430EE
:10B6900094F84530FF2B04BF002384F8453001F0B7
:10B6A000C7FF284601A901F00BFC002840F0F680F6
:10B6B00001F0B4FFA26BE36B9A4261D001F0B8FFD6
:10B6C00001F0ACFF94F845506DB2002D05DC12E09E
:10B6D0006B1E13F0FF0F5DB20DD0636A304653B19D
:10B6E00001F090FB0028F3D001F01EFC6B1E13F05C
:10B6F000FF0F5DB2F1D1FF2384F8453001F098FFD0
:10B7000001F08CFF94F844506DB2002D15DD04F16A
:10B71000100A04E06B1E13F0FF0F5DB20DD0236919
:10B72000504653B101F06EFB0028F3D001F0FCFB52
:10B730006B1E13F0FF0F5DB2F1D1FF2384F844308C
:10B7400001F076FF01F026F901F068FFA26BE36BD0
:10B750009A424FF0010A82D2226CA56B002A40F077
:10B76000E7802668002E00F0F9800135A563636A42
:10B77000002B7CD101F05CFF012004B0BDE8F08714
:10B7800004F1100A01F054FF0199504601F0BEFA8D
:10B7900001F044FF94F845506DB2002D05DC12E035
:10B7A0006B1E13F0FF0F5DB20DD0636A304653B1CC
:10B7B00001F028FB0028F3D001F0B6FB6B1E13F05C
:10B7C000FF0F5DB2F1D1FF2384F8453001F030FF67
:10B7D00001F024FF94F844506DB2002D05DC12E016
:10B7E0006B1E13F0FF0F5DB20DD02369504653B1AD
:10B7F00001F008FB0028F3D001F096FB6B1E13F05C
:10B80000FF0F5DB2F1D1FF2384F8443001F010FF47
:10B8100001F0C0F8002897D14FF08053C9F80430E8
:10B8200040BFBFF34F8FBFF36F8F8DE7284601F006
:10B830003BFB20E7226CA56B002A92D04146E068D2
:10B8400008F010FC226CE36821689B1A8B42E360CD
:10B85000C2F1000204D263681A44E260022F84D16C
:10B86000002D83D10123A363636A002B82D004F1EE
:10B87000240001F0C7FA00283FF47CAF454B4FF09D
:10B8800080525A6040BFBFF34F8FBFF36F8F71E795
:10B8900001F0CEFE284604B0BDE8F08701F0BEFE00
:10B8A00094F845506DB2002D15DD04F1240604E036
:10B8B0006B1E13F0FF0F5DB20DD0636A304653B1BB
:10B8C00001F0A0FA0028F3D001F02EFB6B1E13F05C
:10B8D000FF0F5DB2F1D1FF2384F8453001F0A8FEDF
:10B8E00001F09CFE94F844506DB2002D15DD04F17A
:10B8F000100604E06B1E13F0FF0F5DB20DD023693C
:10B90000304653B101F07EFA0028F3D001F00CFB71
:10B910006B1E13F0FF0F5DB2F1D1FF2384F84430AA
:10B9200001F086FE01F036F8002004B0BDE8F08793
:10B93000414607BBA06808F095FBA368216C6268CC
:10B940000B449342A360FFF410AF0135A563636A13
:10B950002268A260002B3FF40DAF88E760680135D4
:10B9600001F05AFBA563636A6660002B7FF47FAF2A
:10B97000002883D1FEE6E06808F074FB226CE368DF
:10B9800021689B1A8B42E360C2F10002BFF466AFEC
:10B9900061E700BF00ED00E0F8B50C4679B3002583
:10B9A00001232160C1E90F3581F84630064601F0D8
:10B9B00035FED4E90F322168A56303FB02F39A1A1E
:10B9C0000A440B44FF27C4E90131E26084F8447063
:10B9D00004F1100084F8457003F0C8F804F1240065
:10B9E00003F0C4F801F024FEC4E90055E56084F8D2
:10B9F0004C602B462A4629462046FFF71DFE20466E
:10BA0000F8BD00BF2DE9F043044683B016469946C1
:10BA1000EFF31188402282F31188806BE26B904231
:10BA20001ED3022B05D0002088F3118803B0BDE897
:10BA3000F08394F84550226CA76B6DB232BB23683B
:10BA4000002B47D001376B1CA76335D001356DB291
:10BA500084F84550012088F3118803B0BDE8F083D5
:10BA600094F84550226CA76B6DB2002AE7D0002BEA
:10BA700038D1A06808F0F6FAA368216C62680B441C
:10BA80009342A36024BF2368A360DBE7E06808F06B
:10BA9000E9FA226CE0682168801A8842E060C2F10D
:10BAA000000205D261680A44E260B9F1020FC9D10F
:10BAB000012F38BF0127C6E7636A002BCAD004F103
:10BAC000240001F09FF90028C4D0002EC2D001202C
:10BAD0003060A9E76068019301F09EFA019B636002
:10BAE0000137B0E7E06808F0BDFA226CE068216831
:10BAF000801A8842E060C2F10002D6D2D2E700BFCD
:10BB000010B582B0EFF31184402383F31188836B67
:10BB1000C26B9A420FD990F845200133FF2A836304
:10BB200053B20DD001335BB280F84530012084F36D
:10BB3000118802B010BD002084F3118802B010BD3E
:10BB4000436A002BF2D02430019101F05BF9002808
:10BB5000ECD001990029E9D001200860ECE700BF92
:10BB60002DE9F043044685B00F46019201F056FDE1
:10BB7000A56B002D40F02781019B002B00F0D280A7
:10BB800002A801F091F9DFF88C8204F1240601F09B
:10BB90004FFD00F04FFE01F041FD94F84430FF2BC3
:10BBA00004BF002384F8443094F84530FF2B04BFD1
:10BBB000002384F8453001F03BFD01A902A801F003
:10BBC0007FF900285BD101F029FDA36B002B40F029
:10BBD000AF8001F02DFD0199304601F097F801F09A
:10BBE0001DFD94F845506DB2002D05DC12E06B1E72
:10BBF00013F0FF0F5DB20DD0636A304653B101F010
:10BC000001F90028F3D001F08FF96B1E13F0FF0F3C
:10BC10005DB2F1D1FF2384F8453001F009FD01F058
:10BC2000FDFC94F844506DB2002D15DD04F11009AF
:10BC300004E06B1E13F0FF0F5DB20DD02369484680
:10BC400053B101F0DFF80028F3D001F06DF96B1E5D
:10BC500013F0FF0F5DB2F1D1FF2384F8443001F0FF
:10BC6000E7FC00F097FE002853D14FF08053C8F84E
:10BC7000043040BFBFF34F8FBFF36F8F49E001F037
:10BC8000CDFC94F845506DB2002D05DC12E06B1E22
:10BC900013F0FF0F5DB20DD0636A304653B101F06F
:10BCA000B1F80028F3D001F03FF96B1E13F0FF0F3D
:10BCB0005DB2F1D1FF2384F8453001F0B9FC01F009
:10BCC000ADFC94F844506DB2002D15DD04F110095F
:10BCD00004E06B1E13F0FF0F5DB20DD023694846E0
:10BCE00053B101F08FF80028F3D001F01DF96B1E5D
:10BCF00013F0FF0F5DB2F1D1FF2384F8443001F05F
:10BD000097FC00F047FE01F089FCA36B53B101F0F2
:10BD10008FFC01F083FCA56B002D54D1019B002BFF
:10BD20007FF435AF01F084FC002005B0BDE8F0835E
:10BD300001F07EFC01F072FC94F845506DB2002DCC
:10BD400005DC12E06B1E13F0FF0F5DB20DD0636ACD
:10BD5000304653B101F056F80028F3D001F0E4F872
:10BD60006B1E13F0FF0F5DB2F1D1FF2384F8453055
:10BD700001F05EFC01F052FC94F844506DB2002DCD
:10BD800015DD04F1100904E06B1E13F0FF0F5DB226
:10BD90000DD02369484653B101F034F80028F3D0A0
:10BDA00001F0C2F86B1E13F0FF0F5DB2F1D1FF235B
:10BDB00084F8443001F03CFC00F0ECFD01F02EFC76
:10BDC000A56B002DAAD0226C52B1E16863681144C2
:10BDD0009942E16024BF2168E160384608F042F9E9
:10BDE000013DA56323692BB901F022FC012005B0B8
:10BDF000BDE8F08304F1100001F004F80028F3D04E
:10BE0000044B4FF080525A6040BFBFF34F8FBFF3D7
:10BE10006F8FE9E700ED00E02DE9F043044685B0BF
:10BE200000F12406019101F0F9FBA36BDFF8DC823D
:10BE30000027B946002B40F0D780019D002D00F06F
:10BE4000418102ADB9F1000F00F0DE8001F0F0FB9E
:10BE500000F0F0FC01F0E2FB94F84430FF2B04BF4B
:10BE6000002384F8443094F84530FF2B04BF0023AE
:10BE700084F8453001F0DCFB284601A901F020F8E8
:10BE800000285FD101F0CAFBA36B002B40F0C880F3
:10BE900001F0CEFB2368002B00F01B810199304696
:10BEA00000F034FF01F0BAFB94F845506DB2002D5C
:10BEB00005DC12E06B1E13F0FF0F5DB20DD0636A5C
:10BEC000304653B100F09EFF0028F3D001F02CF86B
:10BED0006B1E13F0FF0F5DB2F1D1FF2384F84530E4
:10BEE00001F0A6FB01F09AFB94F844506DB2002DCE
:10BEF00015DD04F1100904E06B1E13F0FF0F5DB2B5
:10BF00000DD02369484653B100F07CFF0028F3D0E0
:10BF100001F00AF86B1E13F0FF0F5DB2F1D1FF23A1
:10BF200084F8443001F084FB00F034FD002853D144
:10BF30004FF08053C8F8043040BFBFF34F8FBFF3BA
:10BF40006F8F49E001F06AFB94F845506DB2002D07
:10BF500005DC12E06B1E13F0FF0F5DB20DD0636ABB
:10BF6000304653B100F04EFF0028F3D000F0DCFF64
:10BF70006B1E13F0FF0F5DB2F1D1FF2384F8453043
:10BF800001F056FB01F04AFB94F844506DB2002DCD
:10BF900015DD04F1100904E06B1E13F0FF0F5DB214
:10BFA0000DD02369484653B100F02CFF0028F3D090
:10BFB00000F0BAFF6B1E13F0FF0F5DB2F1D1FF234B
:10BFC00084F8443001F034FB00F0E4FC01F026FB7F
:10BFD000A36BEBB101F02CFB01F020FBA36B4FF046
:10BFE0000109002B3FF429AF2268013BA363002A1B
:10BFF00000F088802369002B74D101F019FB012720
:10C00000384605B0BDE8F083284600F04DFF1DE737
:10C0100001F00EFB002F4AD1384605B0BDE8F08391
:10C0200001F006FB01F0FAFA94F845506DB2002DCC
:10C0300005DC12E06B1E13F0FF0F5DB20DD0636ADA
:10C04000304653B100F0DEFE0028F3D000F06CFF64
:10C050006B1E13F0FF0F5DB2F1D1FF2384F8453062
:10C0600001F0E6FA01F0DAFA94F844506DB2002DCE
:10C0700015DD04F1100904E06B1E13F0FF0F5DB233
:10C080000DD02369484653B100F0BCFE0028F3D020
:10C0900000F04AFF6B1E13F0FF0F5DB2F1D1FF23DA
:10C0A00084F8443001F0C4FA00F074FC94E701F025
:10C0B000B5FA616A19B1236B1968C1F105016068AD
:10C0C00000F0DAFF01F0B4FA0027384605B0BDE809
:10C0D000F08301F0A3FA606800F058FF074601F012
:10C0E000A7FADBE604F1100000F08CFE002884D0F3
:10C0F000064B4FF080525A6040BFBFF34F8FBFF3E3
:10C100006F8F7AE700F0F2FF606073E700ED00E008
:10C1100010B5044682B001F081FAA06B019001F0E5
:10C1200087FA019802B010BD104B5A68904208D0AF
:10C13000DA68904208BF012204D090F8463093B1EB
:10C1400070470022002110B403EBC20443F8321000
:10C1500090F84630616013B15DF8044B70475DF8AC
:10C16000044BFFF7B7B9FFF7B5B900BFD0A1002066
:10C17000074B1A681AB19A6802B17047012210B4CD
:10C1800003EBC20443F8321060605DF8044B704763
:10C19000D0A1002070B504460E46154601F03EFAC7
:10C1A00094F84430FF2B04BF002384F8443094F803
:10C1B0004530FF2B04BF002384F8453001F038FAE6
:10C1C000A36B002B45D001F029FA94F845506DB2CD
:10C1D000002D15DD04F1240604E06B1E13F0FF0FA3
:10C1E0005DB20DD0636A304653B100F00BFE0028FB
:10C1F000F3D000F099FE6B1E13F0FF0F5DB2F1D18A
:10C20000FF2384F8453001F013FA01F007FA94F89F
:10C2100044506DB2002D15DD04F1100604E06B1ED4
:10C2200013F0FF0F5DB20DD02369304653B100F01B
:10C23000E9FD0028F3D000F077FE6B1E13F0FF0F2E
:10C240005DB2F1D1FF2384F84430BDE8704001F0C5
:10C25000EFB92A46314604F1240000F093FDB2E71D
:10C260002DE9F041044601F0D9F9344A344D136800
:10C27000013313602B68002B30D0324E336833B358
:10C28000E36A3148314907680A689F4238BF036052
:10C290002F48013203EB83030A6000EB8300E26363
:10C2A000211D02F073FC01F0C3F933686BB12A68F9
:10C2B000E36AD26A9A4208D2264B4FF080525A6003
:10C2C00040BFBFF34F8FBFF36F8FBDE8F0812A6887
:10C2D000E36AD26A9A4298BF2C60D2E72C60136856
:10C2E000012B02D0E36A174ECBE71948DFF89080A4
:10C2F000194F144E02F03AFC184802F037FC184867
:10C3000002F034FC174802F031FC174802F02EFC12
:10C31000404602F02BFC384602F028FC134802F09D
:10C3200025FC134802F022FC124802F01FFC124BBD
:10C33000124AC2F800801F60E36AA2E7EC9700206F
:10C340007C9700204C98002000980020FC9700204B
:10C350008897002000ED00E0189800209C970020AE
:10C36000B0970020C4970020D8970020389800206C
:10C370006498002050980020849700208097002027
:10C38000049800202DE9F843DDE909C4002C66D0AB
:10C39000BCF1000F60D00D4696009846022332464D
:10C3A00084F85130A5210746C4F830C0604607F034
:10C3B00081FE2A7884F83420236B2978321F1A44AE
:10C3C00022F0070601B36B7884F835306B78DBB167
:10C3D000AB7884F83630AB78B3B1EB7884F837308B
:10C3E000EB788BB12B7984F838302B7963B16B798A
:10C3F00084F839306B793BB1AB7984F83A30AB795A
:10C4000013B1EB7984F83B30089D042D28BF042537
:10C410004FF00009E5626564201D84F83B90C4F884
:10C42000489002F0AFFBC5F1050504F1180002F0D9
:10C43000A9FBC4F84C9042463946A561246184F8B2
:10C4400050906462304601F0ADF820602046FFF75E
:10C4500007FF2046BDE8F8836046BDE8F883204624
:10C46000BDE8F8832DE9F0479600804630460D463A
:10C470009946FFF71BF8002862D007465420FFF7C3
:10C4800015F8044600285FD000230763324684F87D
:10C4900051303846A52107F00DFE2B7884F8343052
:10C4A0002B78D4F830A003B36B7884F835306B78F0
:10C4B000DBB1AB7884F83630AB78B3B1EB7884F885
:10C4C0003730EB788BB12B7984F838302B7963B126
:10C4D0006B7984F839306B793BB1AB7984F83A30B9
:10C4E000AB7913B1EB7984F83B30089D042D28BF5C
:10C4F00004250027E5626564201D84F83B70A7646D
:10C50000043E02F03FFBC5F1050504F11800564456
:10C5100002F038FBE764A56126F0070084F850704C
:10C52000246164624A46414601F03CF8099B206060
:10C5300003B11C602046FFF793FE0120BDE8F087A1
:10C540004FF0FF30BDE8F0873846FEF7C3FF4FF0ED
:10C55000FF30F3E770B50446534E01F05FF8002C4E
:10C5600000F08280251D284602F038FBA36A1BB12B
:10C5700004F1180002F032FB29464C484C4D02F001
:10C5800005FB94F85030012B04BF002384F8503091
:10C5900001F04EF82B68002B57D13368A34200D02E
:10C5A00070BD2B68002B66D14049424A0968126869
:10C5B00091426AD0404B1B68002B68D13F4A136000
:10C5C0003268336812681B6B9A4266D93C4C3D4B0B
:10C5D000226802EB820080009100185828BB501E90
:10C5E00000EB8005AD0081005D59002D53D1901EF8
:10C5F00000EB8005AD0081005D59002D4BD1D01EB0
:10C6000000EB8005AD0081005D59002D43D1101F66
:10C6100000EB8005AD0081005D59002D3BD1053A4E
:10C6200002EB8200800091001858114403EB810056
:10C6300003464168496841600833994204BF49682C
:10C640004160CB683360226070BD00F0E7FF1E4B95
:10C650001A68126852B11A681C4BD268D2685268C4
:10C660001A6000F0E5FF98E734687BE7174B4FF05E
:10C67000FF321A60F5E7164B4FF080525A6040BF08
:10C68000BFF34F8FBFF36F8F70BD336070BD0B4B27
:10C6900001221A6070BD0246C7E730683168343144
:10C6A00001F0E0FE92E700BF7C9700205098002048
:10C6B0004C980020EC970020F89700207C980020F0
:10C6C0000098002088970020809700203098002054
:10C6D00000ED00E098B130B51D4D2B68834283B06A
:10C6E00004460AD000F09AFF1A4B62699A4207D0BA
:10C6F00003B0BDE8304000F09BBF03B030BD7047D1
:10C70000A36A154A9342F3D0002BF1D1211D0846AC
:10C71000019102F063FA114AE36A106801998342B9
:10C720000F4888BF136003EB830300EB830002F024
:10C730002DFA2B68E26ADB6A9A42D9D3094B4FF093
:10C7400080525A6040BFBFF34F8FBFF36F8FCFE768
:10C750007C970020509800203898002000980020F6
:10C760008897002000ED00E070B584B0002503AA92
:10C7700002A901A8CDE9015501F078FE019C002C29
:10C7800046D00298002843D0039E20630223B600BF
:10C790003246A52184F8513007F08CFC206B1F4BEA
:10C7A0006363043E0644C4E91155201D84F83850E3
:10C7B00084F83B50E56202F0E5F904F1180002F05C
:10C7C000E1F926F0070605231549A3612A46E56429
:10C7D00030462461646284F8505000F0E3FE20602B
:10C7E0002046FFF73DFD0F4B1C6000F0EFFD0128D8
:10C7F00011D1402383F311880B490C4A0C4B4FF0A5
:10C80000FF340C6010601D6000F0E2FE04B070BDEB
:10C81000044B00221A6004B070BD00BF49444C456F
:10C8200039CB03002C980020309800204C98002031
:10C8300078980020024A136801331360704700BFE4
:10C84000F8970020014B1868704700BF78980020C7
:10C85000024A136818441060704700BF789800209F
:10C860002DE9F04F404B1B6883B0002B46D13F4B66
:10C870001E6801361E60002E4ED0DFF808B1DBF8CE
:10C880000030B3425FD83A4F3B681D68002D65D039
:10C89000DFF8F480DFF8F4A0DFF8F490002522E060
:10C8A000019102F09BF9A36A019904F1180013B1F8
:10C8B00002F094F90199E36AD8F8002003EB8300B1
:10C8C00093420AEB800088BFC8F8003002F05EF99E
:10C8D000D9F800203B68E16AD26A1B68914228BF00
:10C8E0000125002B3AD03B68DB68DC686368211DBA
:10C8F0009E420846D4D2CBF8003004E01D4A1368AB
:10C900000133136000251C4B1B68002B0CBF28460D
:10C91000012003B0BDE8F08F154B184A186818497C
:10C9200014681C6010600A6801320A601A68126894
:10C930005AB9DFF850B04FF0FF33CBF80030DBF8D6
:10C940000030B3429FD90025DDE71B68DFF834B023
:10C95000DB68DB685B68CBF8003090E74FF0FF33B3
:10C96000CBF80030CFE700BFF89700207898002080
:10C9700080970020F49700207C9800208497002066
:10C9800034980020309800200098002088970020DC
:10C990007C9700202DE9F04F83B000F03FFE3A4B2A
:10C9A0001A68013A1A601B68002B55D1374B1B6877
:10C9B000002B51D0364D2B68002B62D0354EDFF85E
:10C9C000EC80354FDFF8E8904FF0010AEB68DC6847
:10C9D00004F1040B04F1180002F000F9584602F0CB
:10C9E000FDF8E36A326803EB83009342594608EB93
:10C9F000800088BF336002F0C9F83B68E26ADB6AF6
:10CA00009A4231D3C9F800A02B68002BDED1234B0A
:10CA10001A681268002A2FD01A68214BD268D2688F
:10CA200052681A601F4E346844B10125FFF718FFA1
:10CA300008B1C9F80050013CF8D13460D9F8003091
:10CA400053B1194B4FF080525A6040BFBFF34F8F24
:10CA5000BFF36F8F012000E00020019000F0E8FD9F
:10CA6000019803B0BDE8F08F2B68002BAED10B4BC3
:10CA70001A681268002ACFD1094B4FF0FF321A60B2
:10CA8000D0E7DFF82C90CDE7F8970020EC97002056
:10CA900038980020009800207C9700208097002084
:10CAA00030980020F497002000ED00E088970020E7
:10CAB0007C98002070B548B9184B4FF080525A60EE
:10CAC00040BFBFF34F8FBFF36F8F70BD144A15493E
:10CAD0001368154D013313600E680446286804304E
:10CAE00002F07CF82B68A4195C600FD20F4B186819
:10CAF0002968043102F05AF80D4B1A68944238BF85
:10CB00001C60FFF747FF0028D6D070BD094B18689E
:10CB10002968043102F04AF8F3E700BF00ED00E0B5
:10CB2000F8970020789800207C97002080970020BC
:10CB300030980020849700202DE9F84F3A4CDFF818
:10CB400004913A4D3A4EDFF800813A4FDFF8FCB0DD
:10CB50002368EBB100F062FDD9F80C30D3F80CA0DB
:10CB60000AF1040002F03AF82B68013B2B602368BD
:10CB7000013B236000F05CFD9AF85130002B34D06B
:10CB8000012BE5D15046FEF7A5FC2368002BE1D12F
:10CB90003368012B08D94FF08053CBF8043040BFE5
:10CBA000BFF34F8FBFF36F8F00F0E8FED8F800306F
:10CBB0001BBB3B68DB6A002BCAD13368012BC7D88B
:10CBC0001D4B1E4A1B6812689B1A012BC0D91C4AB8
:10CBD000136801331360D8F80030A3B13B68DB6AF7
:10CBE00003B93368FFF7D6FEB2E7DAF83000FEF794
:10CBF00071FC5046FEF76EFCAAE73B68DB6A002B2F
:10CC0000A6D13368A4E73B68DB6A002BEAD133681E
:10CC1000012BE7D8084B1868084B1B68C01A01287D
:10CC2000E0D900F075FDDDE7F0970020EC970020DB
:10CC3000889700207C97002030980020789800206A
:10CC4000F8970020649800200098002000ED00E094
:10CC5000294B1B681BB1294B01221A607047274AD8
:10CC600070B5274C13602268236812681B6B9A42C8
:10CC70003CD9244D244B2A6802EB820080009100AD
:10CC8000185808BB501E00EB8006B60081009E5964
:10CC900056BB901E00EB8006B60081009E591EBB5D
:10CCA000D01E00EB8006B60081009E59E6B9101F29
:10CCB00000EB8006B60081009E59AEB9053A02EB42
:10CCC0008200800091001858114403EB8100034654
:10CCD0004168496841600833994204BF496841602E
:10CCE000CB6823602A6070BD0246EDE720682168AA
:10CCF000343101F0B7FBBCE7F89700207C980020A6
:10CD00007C970020009800208897002070B5174D70
:10CD10002B680C4603F1180101F048FF144B1E6804
:10CD20002868043001F05AFF631C17D02B68A4193F
:10CD30005C6007D30F4B18682968BDE87040043168
:10CD400001F034BF0C4B18682968043101F02EFF44
:10CD50000A4B1A68944238BF1C6070BD29680848A5
:10CD6000BDE87040043101F011BF00BF7C97002086
:10CD70007898002084970020809700203098002029
:10CD80005098002070B5194D2B6816460C4603F1DB
:10CD9000180101F0FBFE164B5EB11B6828680430D9
:10CDA00001F01CFF29681348BDE87040043101F010
:10CDB000EDBE1E682868043001F010FF2B68A4192E
:10CDC0005C6007D30C4B18682968BDE870400431DB
:10CDD00001F0ECBE094B18682968043101F0E6FE49
:10CDE000074B1A68944238BF1C6070BD7C970020C6
:10CDF0007898002050980020849700208097002089
:10CE00003098002030B5C368DC6804F1180583B0A1
:10CE1000284601F0E3FE1C4B1B683BBB211D084666
:10CE2000019101F0DBFE194AE36A1068019983421F
:10CE3000174888BF136003EB830300EB830001F006
:10CE4000A5FE144BE26A1B68DB6A9A4282BF124B52
:10CE500001201860114B1A68126898BF002052B95F
:10CE60000F4B4FF0FF321A6003B030BD0D4829461A
:10CE700001F08CFEE5E71A68094BD268D268526867
:10CE80001A6003B030BD00BFF89700200098002062
:10CE9000889700207C9700207C98002080970020B5
:10CEA0003098002038980020034A044B12681B6811
:10CEB000C0E90023704700BF349800207898002014
:10CEC000F0B50D4683B0044600F0A8FB2B68144A69
:10CED000591C10681DD0DFF84CC0D4E90061DCF8A3
:10CEE0000070BE4208D0814206D80120019000F0B7
:10CEF0009FFB019803B0F0BD471ABB420BD91B1A28
:10CF00000B44DCF8001012682B600020C4E900120A
:10CF1000ECE70020EAE700232B600120E6E700BFF2
:10CF20007898002034980020014B01221A60704745
:10CF30007C980020094B186818B9094B1B6813B17D
:10CF4000704700207047074A074B10681B68013B79
:10CF5000984214BF01200220704700BF389800207B
:10CF60007C98002050980020EC970020054B1B680F
:10CF700033B1054B1B68002B0CBF0220002070470B
:10CF8000012070474C980020F897002070B50446A7
:10CF900082B0C8B11D4DC36A2A68D26A934215D2C5
:10CFA0008269002A04DB2A68D26AC2F10502826122
:10CFB000174E626903EB830306EB83039A420ED09C
:10CFC0002B68DB6AE362012002B070BD2B68406C05
:10CFD000DC6AA0422CBF0020012002B070BD211DE0
:10CFE0000846019101F0FAFD2A680A4BD06A1A68D6
:10CFF0000199E062904200D9186000EB800006EBD6
:10D00000800001F0C3FD0120DEE700BF7C97002017
:10D01000889700200098002068B130B5836CC16A01
:10D02000426C013B914283B00446836400D023B13B
:10D03000002003B030BD00207047011D084601915B
:10D0400001F0CCFD0A4A636C1068E3628342094830
:10D0500088BF1360C3F1050503EB830300EB830076
:10D060000199A56101F092FD012003B030BD00BF20
:10D07000009800208897002070B130B5426CC36AD8
:10D08000914238BF11468B4283B0044602D0826C75
:10D09000012A02D003B030BD70478269114DC162D0
:10D0A000002A03EB83034269A8BFC1F1050105EB28
:10D0B0008303A8BF81619A42ECD1011D084601910A
:10D0C00001F08CFD084BE06A1A680199904288BF14
:10D0D000186000EB800005EB800003B0BDE8304035
:10D0E00001F054BD8897002000980020044B1A6876
:10D0F0001AB119688A6C01328A641868704700BFD7
:10D100007C9700202DE9F0431D4EDFF87C9085B020
:10D110004FF000080CE0DB68DC681F68251D28461E
:10D1200001F05CFD636A20469847E369012B0AD051
:10D1300033681A68002AEED1124A11683160136010
:10D1400005B0BDE8F083A3693B449F42294610D354
:10D15000D9F80030002BEBD0CDE900870294FFF71F
:10D1600005FF0023D9F800001A466946FEF764FA65
:10D17000DEE730686360246101F018FDD8E700BF86
:10D180008098002084980020049B00202DE9F04F17
:10D19000894E8A4CDFF82C82894DDFF82CA28BB0A7
:10D1A0003368D3F800B0BBF1000F00F0A980DB6852
:10D1B000D3F800B0FFF73EFBFFF744FB2268824242
:10D1C000814600F2AE808345206040F2BF8000229D
:10D1D0002868ABEB0901FEF7DDFFFFF7DBFB40B989
:10D1E0004FF08053CAF8043040BFBFF34F8FBFF3F6
:10D1F0006F8F2868002202A9FEF7B2FC0028CFD06A
:10D20000029B002B73DBDDF81090D9F814301BB1B2
:10D2100009F1040001F0E2FCFFF714FB23689842D7
:10D220000746C0F08580029B2760092BE1D801A248
:10D2300052F823F05DD203005DD203005DD20300FB
:10D24000F3D10300B7D20300DFD203005DD20300A5
:10D250005DD20300F3D10300B7D203000398D9F8DD
:10D260001830C9F81090C2182CBF01210021BA4211
:10D27000C9F804205FD8381A834228D8D9F8243056
:10D2800048469847D9F81C302868012BB2D10028AD
:10D29000B0D0D9F81820039B00211344CDE90739F9
:10D2A0000691FFF763FE002328681A4606A9FEF7D9
:10D2B000C3F928689EE7039BC9F81090DA19BA42AF
:10D2C000C9F81830C9F8042039D8002B91D0D8F803
:10D2D000000009F1040101F069FC28688AE799F867
:10D2E0002C30002B85D14846FEF7F4F881E7039BEC
:10D2F000DDE904019847029B002BFFF67AAF82E735
:10D30000FFF798FAFFF79EFA22689042814608D309
:10D31000D8F80020C4F800901268B2FA82F25209DC
:10D3200056E7FFF7EFFEC4F80090FFF733FB60E726
:10D33000FFF7E8FE77E7B84201D900299ED03068B0
:10D3400009F1040101F032FC286853E7FFF722FBE2
:10D350003268D268D768391D0846019101F03EFC59
:10D36000F8690199012803D07B6A3846984740E75D
:10D37000BA693F610BEB02004845786003D9306819
:10D3800001F014FCF0E7A9EB0B039A420FD82B68CD
:10D39000002BE9D00023CDE9063B0897FFF7E6FD17
:10D3A000002328681A4606A9FEF746F9DCE7D8F8F4
:10D3B000000001F0FBFBD7E780980020B09A002026
:10D3C000049B00208498002000ED00E0F0B51F4C85
:10D3D00089B000F023F92568F5B100F029F920683B
:10D3E000C0B1002407AA06A905A8CDE9054401F0AB
:10D3F0004BF8DDE905310222CDE900210293079ABD
:10D40000134914482346FEF7BDFF134B1860001B59
:10D4100018BF012009B0F0BD104F114E384601F081
:10D42000A5FB304601F0A2FB0E4A0F4900950F4BB9
:10D4300017600E600E4A10212020FEF759F8206078
:10D440000028CAD00B49FEF793FEC6E7049B0020D4
:10D45000EC9D04008DD10300089B0020889A0020D9
:10D460009C9A00208098002084980020B49A002084
:10D4700088980020E49D04002DE9F04F074685B010
:10D480003020884616461D46FEF710F80446A0B127
:10D49000DFF8849000F0C2F8D9F800308BB100F0CA
:10D4A000C7F80E9B6362C4E9068627602562201DCB
:10D4B00001F068FB002384F82C30204605B0BDE85D
:10D4C000F08FDFF858B0DFF858A00393584601F00A
:10D4D0004DFB504601F04AFB0A4A0B49039B00935F
:10D4E0002020C2F800B0C1F800A0084B084A102163
:10D4F000FDF7FEFFC9F800000028D0D00549FEF76F
:10D5000037FECCE78098002084980020B49A002051
:10D5100088980020E49D0400049B0020889A002045
:10D520009C9A002050B5144E346885B0C4B10529CA
:10D53000CDE9001202900BDCFFF718FD022812D093
:10D54000002330681A466946FEF776F805B050BDEC
:10D550001A46204600236946FEF754FA05B050BD2E
:10D56000204605B050BD3068089A00236946FEF792
:10D5700063F805B050BD00BF049B002010B5044601
:10D5800082B000F04BF86069003818BF01200190AC
:10D5900000F04EF8019802B010BD00BF402383F3A5
:10D5A0001188FEE730B46FF00203084C40F80C4CD1
:10D5B0004FF0807540F8045C40F8081C40F8202CBF
:10D5C00040F8243C30BC4438704700BF9DD5030070
:10D5D0000F4C08B5E02384F8223000F07BF80D4BA7
:10D5E0000D4A00211960D4F8883043F47003C4F860
:10D5F0008830536843F040435360236943F010037D
:10D60000236100F069F9402383F31188FEE700BF2E
:10D6100000ED00E00C9B002030EF00E0402383F39E
:10D620001188024A13680133136070470C9B002075
:10D63000034A1368013B13600BB983F311887047E9
:10D640000C9B002041DF704712DF704770B51D4B07
:10D6500000221A6082B01B680193019BEFF31186D0
:10D66000402383F311881849184BD1F804451A60F8
:10D670001B680093009BFFF7E5F8201A20F07F431A
:10D6800023F0010320F07F459BB96C1E6DB100258E
:10D69000FFF7E6F8013C631C45EA0005F8D125B127
:10D6A0000B4B4FF080525A6040BF86F3118802B096
:10D6B00070BDFFF75BFC0228E7D0FFF7D1F8054605
:10D6C000EDE700BF40110140001001400011014092
:10D6D00000ED00E00B4B0C4930B41F200B4DC3F89C
:10D6E000080501220224E020C3F804232A601A60FE
:10D6F000C3F8444381F811034FF400330B6030BC8E
:10D70000704700BF0010014000E100E00810014038
:10D710002DE9F041054684B0EFF3108272B6634CF8
:10D72000A36883B9624B63480121A160D3F88010DC
:10D7300001402160C3F88000D3F8841061604FF08D
:10D74000FF31C3F8841002B962B65B4ED6F8048587
:10D75000FFF7F0FB78B3594F594AAF4228BF2F4625
:10D7600007EB080323F07F4301214FF0000CC6F8BC
:10D770000813C6F84035C2F800C0136801934FF48F
:10D7800080330198C6F80433BFF34F8F25BBC6F82A
:10D790000833156012684B4B0392039A1D601B6897
:10D7A0000293434B029AC6F804134FF40032D6F8A2
:10D7B0000415C3F88021A3685BB1EFF3108272B641
:10D7C0003B4B21681960616859600023A36002B96E
:10D7D00062B604B0BDE8F081F1EE103A23F09F0389
:10D7E000E1EE103AF1EE103A314D4FF480634022F1
:10D7F000C5F8842103A8C5F884318DF80CC0FFF763
:10D8000023FF9DF80C30002B4DD12B4620BFD3F8C1
:10D810000011D3F804210A43F8D0274B2848294A9D
:10D820004FF48031C3F808130021016000680390B1
:10D83000039811601268029201220299C3F804232E
:10D84000D3F804351A4AA3EB080828F07F48474567
:10D8500028BF47464FF40033012FC2F8803120D94A
:10D86000781EFEF7F5FF184BDB68DA010FD5174A73
:10D870001368DB070BD5164B516803FB07F7A7F5B9
:10D880007427A7F51077BF0A01EB87175760FEF7DB
:10D89000E7FF00288FD00F4B4FF080525A6040BFF7
:10D8A00089E7F4D087E7FFF7CDFEB6E7E4A10020D3
:10D8B00000E100E0FC06FFBD00100140FDFFFF009D
:10D8C0004011014000110140F0ED00E0001000E0C7
:10D8D00040420F0000ED00E00748006880F3088830
:10D8E00062B661B6BFF34F8FBFF36F8F4FF0E000AA
:10D8F00080F3118800DF00BF00700200064B19683A
:10D900000868B0E8F04F80F30988BFF36F8F4FF0DD
:10D91000000080F3118870477C970020EFF30980A6
:10D92000BFF36F8F144B1A681EF0100F08BF20ED65
:10D93000108A20E9F04F10604DF8043D4FF0400090
:10D9400080F31188BFF34F8FBFF36F8FFFF780F91C
:10D950004FF0000080F3118808BC19680868B0E82F
:10D96000F04F1EF0100F08BFB0EC108A80F309884A
:10D97000BFF36F8F704700BF7C970020704700BFD8
:10D9800000293ED0931E222B3BD8F0B40A2A8AB03D
:10D99000044631D0002001AF3B467CB1B4FBF2F528
:10D9A00002FB1546092E2C4606F1570598BF06F1D5
:10D9B0003005EDB203F8015B002CEFD1302201E01D
:10D9C00003F8012BBB42FBD00D4688B9BB4209D9F5
:10D9D0006C1E1A4612F8010D04F8010FBA42F9D173
:10D9E0009B1A1D44002308462B700AB0F0BC7047F8
:10D9F0002D2205F8012BE9E70028CBDA444201206B
:10DA0000C9E70020704700BFFFF7BABF69B3931E94
:10DA1000222B2AD870B48BB0054601A803466DB1FD
:10DA2000B5FBF2F602FB1654092C94BF3034573480
:10DA3000E4B2354603F8014B002DF1D1302201E06C
:10DA400003F8012B8342FBD011D94C1E1A4612F861
:10DA5000015D04F8015F8242F9D19B1A0B44002258
:10DA600008461A700BB070BC7047002070470B4618
:10DA7000F5E700BF0A490B4A0B4B9B1A03DD043B39
:10DA8000C858D050FBDC094809494FF0AD3202605C
:10DA900004300439FBD100F01DFCE9F7D9FB00008C
:10DAA00090C30400006000208863002000F8032079
:10DAB00000080000FEE7FEE7FEE7FEE7FEE7FEE700
:10DAC000FEE7FEE7FEE7FEE708B50020EFF720FCE3
:10DAD000EAF70CFF114BBBB1114B63B1EBF750FDF3
:10DAE00000F0B0FCAFF30080EBF74AFD00F0AAFCB9
:10DAF000AFF30080F2E7EBF743FD00F0A3FCEBF798
:10DB00003FFD00F09FFCF6E7EBF73AFD00F09AFCD2
:10DB1000EBF736FD00F096FCF6E700BF00000000D2
:10DB20000000000000B583B000F0E8FDFCF744FF02
:10DB30000E4B019301230E4900934FF480620023A2
:10DB40000C48FEF78FFC4FF4407000F0A1FDFEF78B
:10DB50000BFEBFF34F8F0849084BCA6802F4E0621E
:10DB60001343CB60BFF34F8F00BFFDE7109B002036
:10DB7000F49D0400C9DA030000ED00E00400FA059A
:10DB800038B507480C461546EFF7D0FD00B938BD4B
:10DB90002A4621460248BDE83840EFF719BC00BFCD
:10DBA00078700020FDF752BCFDF76ABC084A0949AD
:10DBB00008B513681844884202D81060184608BD9A
:10DBC00006F0DAF90C2303604FF0FF33184608BD66
:10DBD0008061002000F80320114B1A78EAB901781F
:10DBE000104810B40A464FF0804402F00102C1F31D
:10DBF0004001C4F88015C4F878250268D20706D41D
:10DC0000E021012280F80013C0F880210260012287
:10DC100005485DF8044B1A7070470448704700BF10
:10DC2000E0A1002000E100E00000AD0B0C00AD0B16
:10DC30000C4B012230B4C3F88020BFF34F8FBFF3E9
:10DC40006F8F094C094D0A490A4A00234FF0804062
:10DC500023604FF460742B60C0F8084330BC0B6045
:10DC60001370704700E100E0149B0020189B002017
:10DC70001C9B0020E0A10020044B02684FF0804173
:10DC80004FF46070C1F808031A6070471C9B0020B5
:10DC90004FF080434FF46072C3F80423704700BF15
:10DCA0004FF080434FF46072C3F80823704700BF01
:10DCB000044B4FF080414FF460700022C1F808031C
:10DCC0001A6070471C9B002010B54FF0804386B04F
:10DCD000D3F80443620705D5D3F8082103F584730C
:10DCE000002A4ED1A30603D52A4B1A68002A3FD139
:10DCF000600603D5284B1A68002A2FD1210602D5C9
:10DD0000264B1A680ABBE20502D5254B1A6892B960
:10DD1000A3050ED5234B1A685AB100221A601A685F
:10DD2000214B0592059A1B68022006B0BDE8104001
:10DD3000184706B010BD00221A601B4A1B680493E6
:10DD400001201368049A9847E2E700201860164AF9
:10DD50001B6803931368039A9847D4E700221A605C
:10DD6000124A1B68029301201368029A9847C5E77C
:10DD7000002018600D4A1B6801931368019A9847A8
:10DD8000B6E700221A600A4A1B6800931368009ADB
:10DD90009847A7E714010040180100401C0100400B
:10DDA00020010040240100401C9B0020189B002003
:10DDB000149B00202DE9F04F05799A4E05EBC50420
:10DDC00006EB840C83B09CF81CE0BEF1000F40F021
:10DDD000F780A7000068F251CCF8043091F80CC02D
:10DDE0000B78BCF1010F4FEAC50440F2DA801F2B1B
:10DDF00087BFDFF834E203F01F0898464FF0A04ECB
:10DE0000012707FA08F7CEF808751F2B8BBF03F020
:10DE10001F071F46DFF810E24FF0A04E07F5E0772E
:10DE20004FF001084EF827804F78FF2F00F0D08088
:10DE30001F2F8ABF07F01F09B946DFF8EC81009752
:10DE400098BF4FF0A04809F5E07A4FF0010E0EFAA6
:10DE500009FE4FF00309C8F80CE548F82A9091F83C
:10DE600002E0BEF1FF0F00F0AF80BEF11F0F91F88E
:10DE70000E8088BFDFF8B0B1CDF804E08EBF0EF0A1
:10DE80001F0AF2464FF0A04B0AF5E07A4FEA8808E5
:10DE90004BF82A8004EB050806EB880888F820E098
:10DEA00091F803E088F81FE0BEF1FF0F2BD091F846
:10DEB0000490F046B9F1000F00F08E80BEF11F0F04
:10DEC00087BF594F0EF01F0BF3464FF0A0474FF09E
:10DED000010A0AFA0BFAC7F80CA5BEF11F0F88BF9A
:10DEE0000EF01F0804EB050E8CBFDFF83CB14FF0BD
:10DEF000A04B08F5E07806EB8E0E4FF0030A4BF8C6
:10DF000028A08EF81E90D1F808E0C0F80835009BD4
:10DF1000C0F80C35019BC0F81035C0F824E54B7BE8
:10DF2000003B18BF0123BCF1020F74D0BCF1030FFA
:10DF300074D0BCF1010F6BD0C0F854358B79C0F8A8
:10DF4000C035002A58D04022C0F80423072340F3EC
:10DF50000732C0F80035002A4B794FEA10304FDB0A
:10DF60005109890002F1604201F1604102F561420C
:10DF700001F5614101275B0100F01F00DBB207FAE8
:10DF800000F082F80033C1F8800108602C4406EBF1
:10DF900084062648002201237277337703B0BDE858
:10DFA000F08F1F2B87BFDFF880E003F01F08984633
:10DFB0004FF0A04E012707FA08F7CEF80C7524E7BA
:10DFC0001B4803B0BDE8F08F4FF0FF37019761E7C2
:10DFD0004FF0FF37009742E7BEF11F0F87BF124F88
:10DFE0000EF01F0BF3464FF0A0474FF0010A0AFA5C
:10DFF0000BFAC7F808A570E70723C0F80035C5E796
:10E000000C4A00F00F005B010244DBB21376BDE75F
:10E0100043F0020390E743F004038DE743F0060367
:10E020008AE700BF209B0020000300500000AD0BDA
:10E030000500AD0BFCEC00E02DE9F04F0779DFF8AF
:10E0400098E107EBC70384460EEB830083B0457F5E
:10E05000002D40F0A2809B000C465EF8039016460F
:10E060004FEAC708B9F1000F04D012F0140F04BF33
:10E070000123437708EB07050EEB850594E80F00B5
:10E0800095F81FA005F10C0BBAF1FF0F8BE80F00FC
:10E090000FD0AB7F002B55D0BAF11F0F8DBF4A4A6E
:10E0A00051464FF0A0420AF01F0101238B40C2F8F5
:10E0B0000835226872B102F06043B3F1005F09D005
:10E0C00047440EEB870E002340488EF81D3003B006
:10E0D000BDE8F08FA16821B101F06043B3F1005FAA
:10E0E000EED1DCF80030E0686568C3F84425002212
:10E0F000C3F84855C3F83415C3F83805C3F81821D8
:10E10000D3F818210192019A16F0010218BF0122DA
:10E11000C3F8502516F0020218BF01223007C3F8D9
:10E1200040255CBF01221A61B9F1000F18D02848C0
:10E13000402271074CBFC3F80823C3F8042303B07F
:10E14000BDE8F08FBAF11F0F8DBF1F4A51464FF047
:10E15000A0420AF01F0101238B40C2F80C35A8E74A
:10E16000D3F81821002AFBD0BAF1FF0F29D0474479
:10E170000EEB870E9EF81E309BB1BAF11F0F88BFC1
:10E18000114A134894BF4FF0A0420AF01F0A01231E
:10E1900003FA0AF3C2F80C3599E70E4803B0BDE85C
:10E1A000F08FBAF11F0F88BF074A094894BF4FF09C
:10E1B000A0420AF01F0A012303FA0AF3C2F8083545
:10E1C00085E7034883E700BF000300500A00AD0B5A
:10E1D0000000AD0B0B00AD0B209B0020194BD3F8BA
:10E1E000182102B970470021174AC3F81811D3F853
:10E1F0001811D37F82B0FF2B019101990DD0917F2F
:10E2000099B11F2B8ABF11484FF0A04003F01F03A4
:10E21000012101FA03F3C0F80C3500235377137280
:10E22000D2E900310A4802B018471F2B8ABF0748BD
:10E230004FF0A04003F01F03012101FA03F3C0F8DF
:10E240000835EAE700300240209B00200003005020
:10E25000289B00201B4BD3F8182102B970470021DE
:10E26000194AC3F81811D3F8181192F8433082B044
:10E27000FF2B019101990ED092F84210A9B11F2BEA
:10E280008ABF12484FF0A04003F01F03012101FA9A
:10E2900003F3C0F80C35002382F8413082F82C30AB
:10E2A000D2E909310A4802B018471F2B8ABF074834
:10E2B0004FF0A04003F01F03012101FA03F3C0F85F
:10E2C0000835E8E700F00240209B002000030050E2
:10E2D0004C9B0020534B1B685A1C16D0524A082BEB
:10E2E00012680ED0514AD2F8883043F47003C2F855
:10E2F0008830BFF34F8FBFF36F8F4D4B4D4A1A607D
:10E300007047032A2CD9082288E04B4A4B4B1278DD
:10E310001B68082A4FEA1313E4D113F00C0F1FD027
:10E32000454A464B12781B68082A4FEA1313D9D185
:10E3300013F00C0F27D0414B3F4A1B681278C3F3F0
:10E340000313082ACED1032BCCD84FF08043D3F847
:10E350000024D20744BF6FF00102C3F80024C1E7D4
:10E36000304A11684FF080430022481CC3F80C214A
:10E37000C3F81021C3F83825D2D02B4B08291A68CE
:10E38000B0D1032ABFD84FF080522D4BD2F80414DD
:10E39000C3F82015D2F80814C3F82415D2F80C14C9
:10E3A000C3F82815D2F81014C3F82C15D2F8141499
:10E3B000C3F83015D2F81814C3F83415D2F81C1469
:10E3C000C3F84015D2F82014C3F84415D2F8241429
:10E3D000C3F84815D2F82814C3F84C15D2F82C14F9
:10E3E000C3F85015D2F83014C3F85415D2F83414C9
:10E3F000C3F86015D2F83814C3F86415D2F83C1489
:10E40000C3F86815D2F840140648C3F86C15D2F862
:10E4100044140268C3F87015511C8CD0024B1B6861
:10E420008FE700BF300100103401001000ED00E064
:10E43000846100200090D003E00F00F0E80F00F0AE
:10E4400000C0004008B5EEF769FF054B4FF0805261
:10E450005A6040BFBFF34F8FBFF36F8F08BD00BF3F
:10E4600000ED00E0704700BF704700BF044B036041
:10E4700010B46423034C0C605DF8044B13607047C8
:10E48000689B0020BC9B0020054B036010B44FF438
:10E490008073044C0C605DF8044B1360704700BF40
:10E4A0004C9D0020A09D002070B51F4D84B02868B1
:10E4B0004FF0FF3203A9FDF753FB0028F7D0039C70
:10E4C000237A6668052B0CD8DFE803F02629211B88
:10E4D0001403D4E90523D4E90301E4690094B047A7
:10E4E000039C206810B1FCF7CBFF039C2046FCF78F
:10E4F000C7FFDCE7D4E90523D4E90301B047039C57
:10E50000EFE7D4E90412E068B047039CE9E7D4E9F7
:10E510000301B047039CE4E7B047039CE1E7E068F0
:10E52000B047039CDDE700BFA4A100202DE9F04324
:10E53000304B314D5B6885B0C3F30803019001AFE8
:10E5400053B10023286839461A46FDF75BFA0128C3
:10E5500009D105B0BDE8F083286839466422FDF78B
:10E560006BF80128F5D0DFF89480D8F8000000227D
:10E5700040000421FCF7ECFF06460028E9D0DFF854
:10E580008090D9F80000FDF7E5FFFFF747F801E0BC
:10E59000FDF752F8002203A92868FDF7E1FA0446C6
:10E5A0000023642203A93046002CF1D12868FDF72E
:10E5B000BBFD2E60FFF73CF8D9F80000FEF78AF8A3
:10E5C000D8F800300B4A28685B00C8F80030536860
:10E5D000C3F30803394633B123462246FDF712FA46
:10E5E00005B0BDE8F0836422FDF726F805B0BDE86C
:10E5F000F08300BF00ED00E0A4A10020A0A1002056
:10E60000A8A100202DE9F8439DF8206005460F469B
:10E61000904699469EB1B0000C30FCF717FF0446B7
:10E6200058B10023C0F804800672036005B147B9F1
:10E630000EBB2046FFF77AFF0120BDE8F8831020CB
:10E64000EBE73846FCF702FF80462060D0B13A463F
:10E65000294605F007FD002EEBD0711EC9B209EB6B
:10E660008101A9F1040252F8043FAB4208BFC2F88D
:10E6700000809142F7D1B200494604F10C0005F048
:10E68000F1FCD6E72046FCF7FBFE4046D5E700BF8D
:10E6900070B540230B4D82B0044600221846042179
:10E6A0002B60FCF755FF084D084B019306460223EB
:10E6B000009307492E60A2B200230648FDF7D2FE60
:10E6C00002B070BDA0A10020A4A10020A8A100203C
:10E6D000FC9D0400A9E40300BFF34F8F0549064BDE
:10E6E000CA6802F4E0621343CB60BFF34F8F00BFF0
:10E6F000FDE700BF00ED00E00400FA054FF08043A5
:10E70000194AD3F80014194830B41160D3F80054F2
:10E71000D3F80024164C17492A43C3F80024D4F830
:10E720004025026001224FF40030C3F818259A609A
:10E73000C1F88000BFF34F8FBFF36F8F0E4C03F50E
:10E7400088334FF0A0454FF480304FF0FF31C3F8CD
:10E750004803C3F808035A609A60C5F80815C4F85E
:10E76000081530BC704700BFACA10020B0A100204C
:10E7700000A0004000E100E00003005008B54FF0A9
:10E7800080434E22C3F81C25FFF7A6FFF0B44B4B85
:10E790001D6882B00023082DADF8063005DD0A2D76
:10E7A00000F385800A26012300E00826444C454AF0
:10E7B000C4F8F03501270023DFF814C14249C4F83A
:10E7C0000075C4F81435C4F81035C2F81435C2F811
:10E7D0001035C2F82435C2F82035C2F83435C2F8F5
:10E7E0003035C2F84435C2F84035C2F85435C2F865
:10E7F0005035C2F86435C2F86035C2F87435C2F8D5
:10E800007035324ADCF8003009681268DFF8C4C09D
:10E810001B02090301F4805103F4E06312040B436B
:10E8200002F4E0229CF80010134343EA01630DF167
:10E830000602C4F818352146C4F81405C4F81005BA
:10E84000C4F82C26C4F830762760D1F80031002BAC
:10E85000FBD0002001231A4AC1F800014B60D2F816
:10E860000431002BFBD0002001231549C2F804011C
:10E870009360D1F81431002BFBD00023C1F8143180
:10E88000BDF80620120448BFADF806300C4B00223C
:10E89000C3F80025BDF80600B54200B204D035BF6C
:10E8A000751BAD1BE840A84002B0F0BC70470D2DB1
:10E8B000B5BF0C260E260223032377E788610020CC
:10E8C0000070004010700040BCA10020C0A10020DA
:10E8D000B8A10020B4A10020014B1860704700BF10
:10E8E0008861002002381549042822D8DFE800F0AA
:10E8F000090F151B0300124B0120022208601A6049
:10E9000070470F4B0020012208601A6070470C4BC3
:10E910000020022208601A607047094B0020032281
:10E9200008601A607047064B0020042208601A60D5
:10E930007047034A00230B6013607047BCA100209E
:10E94000B8A10020262816D8144B53F82030023BDB
:10E950001D2B10D8DFE803F01E2014160F0F0F0F29
:10E960000F0F0F0F0F0F0F0F0F0F0F0F0F0F0F0FB7
:10E970000F0F181A1C11002070470820FFF706BF60
:10E980000320FBE70420F9E70520F7E70620F5E779
:10E990000720F3E70120F1E70220EFE73C9D0400A8
:10E9A00026281BD83C4B53F820301F2B86BF3B4AF0
:10E9B00003F01F034FF0A0420E290FD8DFE801F04B
:10E9C000655F59534D474039322B241D160F0800FF
:10E9D00003F5E07340F2037142F82310704703F52A
:10E9E000E07340F2036142F82310704703F5E073CF
:10E9F00040F2035142F82310704703F5E07340F2F0
:10EA0000034142F82310704703F5E07340F20331ED
:10EA100042F82310704703F5E07340F2032142F8F7
:10EA20002310704703F5E07340F2031142F82310FE
:10EA3000704703F5E0734FF4403142F823107047FC
:10EA400003F5E0734FF4003142F82310704703F5EB
:10EA5000E073134942F82310704703F5E07311493E
:10EA600042F82310704703F5E073042142F82310A5
:10EA7000704703F5E0730C2142F82310704703F54B
:10EA8000E073032142F82310704703F5E07300217F
:10EA900042F82310704700BF3C9D04000003005063
:10EAA000040002000C00030026280FD80B4B53F87B
:10EAB00020301F2B86BF0A4A03F01F034FF0A042ED
:10EAC00029B1012101FA03F3C2F808357047012189
:10EAD00001FA03F3C2F80C35704700BF3C9D0400F7
:10EAE00000030050262818D80D4B53F820201F2A69
:10EAF0008ABF0C494FF0A04102F01F02D1F8140563
:10EB000001239340034214BFD1F80425D1F8102506
:10EB1000134214BF0120002070470020704700BF3F
:10EB20003C9D040000030050262817D80D4B53F8D5
:10EB300020101F298ABF0C4A4FF0A04201F01F018C
:10EB4000D2F8140501238B40034214BFD2F80415F8
:10EB5000D2F810150B4202D1C2F808357047C2F83E
:10EB60000C3570473C9D04000003005000F1080381
:10EB70004FF0FF310022C0E903338160026043603F
:10EB8000704700BF00230361704700BF43680268FD
:10EB900010B49C688C609C684B6001326160996025
:10EBA0005DF8044B08610260704700BF30B40D6827
:10EBB0006B1C10D000F108031C465B681A68AA425F
:10EBC000FAD902684B60013299608C60616008611B
:10EBD00030BC0260704704696368F2E7036910B4EF
:10EBE000D0E901125C688A608442516008BF5A60B3
:10EBF0001A685DF8044B0021013A01611A60186837
:10EC0000704700BFF0B5054699B01F4600230E4679
:10EC1000144605A819460322D5F8D05001F062F930
:10EC200038BB0146AD00082303AA05A8CDE903457A
:10EC300001F098F9E8B9611905A801F0B7F9C0B970
:10EC400037B923461022314605A801F0C7F980B92B
:10EC500005F1100302A9019100941946324605A856
:10EC6000029301F0F9F9044B002818BF184619B0B7
:10EC7000F0BD014819B0F0BD360CF0002DE9F04FA1
:10EC8000864C80469E460F4694460FCCB7B00DF199
:10EC90001C0A55460FC594E80F0004F1100685E8DC
:10ECA0000F000FCE0FAD0FC596E80F00303485E88A
:10ECB0000F000FCC17AD0FC50FCC0FC594E80F0098
:10ECC000D8F8D040CDF80CE0042C85E80F0001D036
:10ECD000082C6BD1409A231DB2EB830F4FEA830BB4
:10ECE00003D06F4837B0BDE8F08F07EB0C019CFAFA
:10ECF0008CF30CF118060CF109003B609BFA8BF5C4
:10ED0000802326F00F06321A7D6038440B720021F2
:10ED100001F09CFD409B1B09ABF1100B00F0BB8088
:10ED2000042C47D0DDF80C90CDF808B04B4617AD59
:10ED3000B1464FF0000823ACBB461E4624E0029FBC
:10ED4000CDF814A0069701F00DF903462946204698
:10ED500010353BBB01F02AF984464FF0100E4B46AC
:10ED60005A4649462046BCF1000F1BD10DEB0E0759
:10ED7000CDE90067CDF810E001F06EF9103688B9E2
:10ED8000409BB8EB131F58D200231946022220469D
:10ED900001F0A8F8014608F10108082305AA204659
:10EDA0000029CCD03F4837B0BDE8F08F3E4837B09F
:10EDB000BDE8F08FDDF80C90CDF808B033460FAD0C
:10EDC0004E464FF0000823ACBB46994626E0029F12
:10EDD000CDF814A0069701F0C5F803462946204651
:10EDE0001035002BDED101F0E1F884464FF0100E13
:10EDF0004B465A4649462046BCF1000FD2D10DEB96
:10EE00000E07CDE90067CDF810E001F025F91036C6
:10EE10000028C7D1409BB8EB131F0ED20023194620
:10EE20000222204601F05EF8014608F1010808239D
:10EE300005AA20460029CAD0B4E7DDF808B0039D32
:10EE40000023194601222046CDE9055B01F04AF86E
:10EE500001460028A6D1082305AA204601F082F821
:10EE600000289FD105EB0B01204601F09FF80146D9
:10EE7000002897D1409A284601F0E8FC409B009575
:10EE800040A901912A462046194601F0E5F80028DC
:10EE90003FF428AF86E723ACD1E700BF789E04009B
:10EEA000230CF000360CF000210CF0002DE9F04F9F
:10EEB0002DED028B164687B007321C46D308129DF3
:10EEC0000393002800F0BC800F46002900F0BF80AB
:10EED000002C54D0BDF80C108046204600F0BCFF3A
:10EEE0000228064640F2AA8003285DD12378032B2E
:10EEF00040F2A480039B681C591E0123019301F07A
:10EF0000A7FC019B0493019B76429AB206F0070688
:10EF10004FF0FF0A4AFA06FA08EE102A5E1E4FF674
:10EF2000FF72103B5FFA8AFA2E440292059318EEA4
:10EF3000101A2A464046B84700287DD133780AEA9D
:10EF400003033370049B102B40D0BDF804302246DD
:10EF50001946284600F0ACFE022852D0029B013B25
:10EF60000293E4D13E4B03990193284601F070FCD3
:10EF7000019B184607B0BDEC028BBDE8F08F99B23B
:10EF80002A461C46B84703460028ECD1611E70078C
:10EF90006A5C42F080025CD16A540023184607B0D4
:10EFA000BDEC028BBDE8F08F039B00F10709A3EBDA
:10EFB000D90105EBD90001F04BFC4FEAD903B9F1B7
:10EFC000870F019388BF102304939CE7059B05EBF3
:10EFD000030904EB030B07E0002BB6D0B84758BB7E
:10EFE00033780AEA03033370102319465A46484619
:10EFF00000F05EFE0346022B4A464FF010014046E9
:10F00000EAD1019B002BC8D0013DE918012315F876
:10F01000012F13448D422B704FEA2323F7D1019B1C
:10F02000013C2344022214F8011F0A449C4222702E
:10F030004FEA2222F7D1B0E7034694E7094B92E763
:10F04000094B184607B0BDEC028BBDE8F08F074BAB
:10F050008FE7764206F0070632416A5489E700BF1F
:10F06000010CF000320CF000250CF000140CF00044
:10F070002DE9F0438FB0884607A91746044601F0F2
:10F08000A5FA054600284ED1D4F8D050042D01D061
:10F09000082D4ED1D4F8C4300C2B62D8B8F1000F33
:10F0A00045D02E1D760106AA04ABCDE900320297A9
:10F0B00007A905AB00222046059600F0DFFD0028D9
:10F0C0003CD1069B0498D4F8C42023F003030833F2
:10F0D00004F1840918449200494601F0B3FBD4F8C6
:10F0E000C400069A04992B1D9E0002EB8002009634
:10F0F0004B4620460692FFF7C1FD054650B9B8F1D0
:10F10000010F33D00346224649462046FFF77AFDD9
:10F11000B0B105462046E42101F09AFB38464FF491
:10F12000BF5101F095FB28460FB0BDE8F0836E019A
:10F13000B9E71B4D28460FB0BDE8F083194DE9E74C
:10F14000D4F8D430012243F00103C4F8D430C4F819
:10F15000CC2000234846C4F8C430402101F078FB9D
:10F16000DCE7114D28460FB0BDE8F083314620465C
:10F1700001F06EFB2B46224649462046FFF742FD32
:10F180000028C6D1D4F8D430084AC4F8CC8023F47F
:10F19000803343F00103C4F8D430C4F8DC20D8E74E
:10F1A000210CF000260CF000040CF000CDAB230184
:10F1B0002DE9F04F9DB0002800F03B811646002A53
:10F1C00000F03D810D4621B98B4658461DB0BDE883
:10F1D000F08FB14F04464FF0FF31386801F058FB13
:10F1E000002840F01981AD4BD4F8DC209A4216D0AB
:10F1F000DFF8B8B22946304601F02AFBD4F8C43013
:10F20000002B40F00D81386801F05CFB0028DCD059
:10F21000A34801F0EBFA58461DB0BDE8F08FD4F8D2
:10F22000D430DA0740F10E81D4F8CC30113300F23B
:10F230000F81D4F8D080B8F1040F05D0B8F1080FD1
:10F2400002D0DFF86CB2D5E7D4F8C4200C2A00F263
:10F25000FC8004F14003029304F1840A002A00F0C8
:10F26000FD809200514604F1480001F0EBFAD4F819
:10F27000C420029908F104039B00009392005346B6
:10F280002046FFF7FBFC83460028B3D10346224605
:10F2900051462046FFF7B6FC83460028AAD104EB6E
:10F2A00088090122D9F80C301BBA9B181BBAC9F87F
:10F2B0000C304FEA880B16D3D9F808301BBA9B18CC
:10F2C0001BBAC9F808300ED3D9F804301BBA9B1802
:10F2D0001BBAC9F8043006D354F828301BBA1344BB
:10F2E0001BBA44F82830002309A81946032200F06D
:10F2F000F9FD002840F0AF800146082307AA09A8BD
:10F30000CDE9074B00F02EFE002840F0A4804946CE
:10F3100009A800F04BFE002840F09D80614AD4F817
:10F32000D4301A4200F0A2802B0915F00F0B049381
:10F3300000F0998001330493CDF80CB05B469D42F8
:10F340000DD0EA1A11463046059201F081FA059A6D
:10F350003346314609A800F041FE00287BD104F174
:10F36000300B10220298594601F06CFA58461021D1
:10F3700001F06EFA102306A90191CDF800B009A89A
:10F380005A461946069300F067FE002863D1039A97
:10F39000A81A3044594601F055FAD4F8D430DB05A8
:10F3A00009D45A460298049B314600F0CBF98346B3
:10F3B00000287FF41FAFD9F80C30049A1BBAD31879
:10F3C0001BBAC9F80C3017D3D9F8083001221BBA80
:10F3D0009B181BBAC9F808300ED3D9F804301BBAF1
:10F3E0009B181BBAC9F8043006D354F828301BBA4E
:10F3F00013441BBA44F828305146012322462046C4
:10F40000FFF700FC834600287FF4F4AED4F8CC303C
:10F410000133C4F8CC30F1E6234801F0E7F9E2E625
:10F420000023C4F8C43004F18400402101F010FA34
:10F43000E9E6DFF880B058461DB0BDE8F08FDFF890
:10F4400078B0C2E6DFF874B0D4E6DFF874B0D1E685
:10F45000DFF870B0CEE6DFF870B0CBE65046402162
:10F4600001F0F6F91BE71023039368E704F130037A
:10F4700018461021039301F0EBF9039B1022194663
:10F4800009A800F0ABFD0028E5D1D4F8D43043F44E
:10F490008033C4F8D43047E7F0A10020CDAB23017E
:10F4A000209E040000010100089E04000E0CF000E4
:10F4B000210CF000270CF000000CF000080CF0000C
:10F4C000040CF000070CF000360CF00070B50028BA
:10F4D00049D00D46002943D0244E04464FF0FF3159
:10F4E000306801F0D5F990BB002001F021FA50BB43
:10F4F00020462A460121FFF7BBFD0446012001F00A
:10F5000017FAB8B9306801F0DDF950B9012001F0FF
:10F510000FFA08B9204670BD154801F067F920467A
:10F5200070BD144801F062F9012001F001FA0028D1
:10F53000F0D0F1E70E4801F059F9306801F0C2F956
:10F540000028E3D0EDE70C4801F050F9D0E70B4874
:10F5500001F04CF9002001F0EBF90028C8D0F2E7E7
:10F56000074C204670BD074C204670BD00A200200D
:10F57000589E0400209E0400389E0400089E04004B
:10F58000200CF000250CF00000284CD0F0B50D4602
:10F5900089B0002938D00446E42101F059F901A9C5
:10F5A000204601F013F810B1204809B0F0BD204FFB
:10F5B0004FF0FF31386801F06BF980BB002001F09B
:10F5C000B7F940BB01A92A46204600F063FB064676
:10F5D000012001F0ADF9D0B9386801F073F978B9BC
:10F5E000002EE1D12046E42101F032F929462046DF
:10F5F000FFF76CFF0F4B002818BF184609B0F0BD8D
:10F600000D4801F0F3F8EBE70C4809B0F0BD0C48E9
:10F6100001F0ECF8E0E70B4801F0E8F8D2E70A481F
:10F6200001F0E4F8CAE70948704700BF110CF00088
:10F6300000A20020120CF000209E0400200CF0001C
:10F64000589E0400389E0400089E0400250CF0001B
:10F6500030B4029D4DB1064D941EAC4202D830BC70
:10F66000FFF724BC034830BC7047034830BC7047E8
:10F67000FDFF0700310CF000300CF00038B50446F7
:10F680004FF4806001F040F9054D06480649074AED
:10F6900000232B6003600B682360136038BD00BF3C
:10F6A000C8B102502CB1025004B1025008B102504E
:10F6B0000138072805D8DFE800F00A0E0412040418
:10F6C0000406094870478B698B6000207047CB683F
:10F6D0008B60002070470B698B60002070474B697E
:10F6E0008B600020704700BF310CF1000B6802E016
:10F6F000082B0B6006D8426813424FEA4303F7D049
:10F700000020704700487047310CF100084B094A4F
:10F71000002119601368002BFCD107480749084AEB
:10F7200003604FF480604FF0FF3308601360704750
:10F730002CB1025010B90250C4B1025008BA0250A4
:10F7400008B10250012BF8B516461CD010221D46F8
:10F750000C4601F05FF8E0B1AF1E314604EB071034
:10F76000102201F057F8A0B1022D0ADD0025204635
:10F7700010342146102201F04DF8013548B1BD4248
:10F78000F5D10020F8BD1146102201F043F8002801
:10F79000F7D10148F8BD00BF020CF000002877D077
:10F7A000F8B50C46002971D01D46002B6ED00646D8
:10F7B00022B1012200232A60C0F8D8302B68002B28
:10F7C00062D029462046FFF791FF00285BD12868C8
:10F7D0002146FFF76DFF002855D1364B3649374A91
:10F7E00001271F609C460F60CCF80070A36813606F
:10F7F00011688B42F8D1324F3249334A334B4FF0C4
:10F80000000CC7F800C004270F600A2111606FF0D8
:10F810003A021A60079B012B4FF080533AD0D3F87D
:10F82000002C013243D0D3F8002C294BA3FB023229
:10F830001209A368274C2849284F03FB02F303EB66
:10F840004303DB039B092360254B2C680C601A6083
:10F85000069A244C3A604FF48062226001224FF0F5
:10F86000FF3441F8C44C43F80C2CD6F8D8302A6841
:10F8700023F07F4343EA0263C6F8D8302A6843EA9C
:10F880000223C6F8D830F8BD1748F8BD1748F8BDB0
:10F8900016487047D3F80C2C013206D0D3F80C2C44
:10F8A0000B4BA3FB0232FA40C3E71622C1E7062244
:10F8B000BFE700BFC4B1025040B1025030B10250A6
:10F8C0002CB102500CB1025038B1025000B10250BC
:10F8D000ABAAAAAAD8B10250CCB10250D0B1025002
:10F8E000D4B1025008BA0250310CF100350CF100CD
:10F8F000F0B4C900002401F1FF3C2646274606E08B
:10F900009F4216D00126654519D82C461F4663092B
:10F9100004F01F0150F823301F2923FA01F304F1EA
:10F92000010518BF03F00103002CE9D1012635467B
:10F93000EBE701369642E6D10248F0BC7047002062
:10F94000F0BC7047360CF100002861D02DE9F04181
:10F950004C1EB4F5047F27D233B32AB3CD00012B5C
:10F9600005F1FF3E30D000218C460F460E4603F1D4
:10F97000FF384C0901F01F0550F824401F2D24FAD0
:10F9800005F418BF04F0010421B90126B44631463C
:10F990002746EEE7B34213D0A74201D10CF1010C88
:10F9A000464504D1624502D21A48BDE8F0813C4682
:10F9B00001318E4506F10106EAD20020BDE8F08152
:10F9C00000264FF0010CF3E70026B44637463446D4
:10F9D000610904F01F0350F821101F2B21FA03F1D5
:10F9E00018BF01F001013CB15FB98C4501D06146FF
:10F9F00008E00136614605E0012634468C460127C1
:10FA0000E6E73E46B242CFD30134AC42F6D1D4E76A
:10FA100000487047370CF1002DE9F04F89B01D46C2
:10FA2000149BDDF84CA004460E4617464BB94FF028
:10FA30008053D3F8002C013200F0A980D3F800BC29
:10FA400008E04FF08053D3F80C2C013200F0A28074
:10FA5000D3F80CBC7C480AF5C1622A60129A0023D4
:10FA60004FF0FF31136000F013FF002840F0868054
:10FA7000764A774B77491060043219601368069311
:10FA8000069BD907FAD5714A714B002111601B689A
:10FA90000793043213680793079BDB07FAD56C4B77
:10FAA0006D4A1B680793DDF81C9013680793079B4A
:10FAB000D807FAD5644800F005FF00285AD1654BF5
:10FAC000994540F0B680D4F8D43013F400790ED1C3
:10FAD000D90512D52B68129A1B6813603BB1D4F874
:10FAE000D4309B055BD5484609B0BDE8F08FDFF800
:10FAF0007C91484609B0BDE8F08F002F00F0878068
:10FB0000564A574B1168B2681B689A4245D10A2978
:10FB100043D194F8DB3005930AF5C26A0425002727
:10FB20004FF0805804A8FFF7A9FD0498820602D57B
:10FB300010F01A0039D0D4F8D810059A0B0A03F443
:10FB40007F030B4323F07F43082AC4F8D83077D0D3
:10FB5000149B4FEA420CCDE90073002205AB3146FD
:10FB60002046CDF814C0FFF719FE00285FD1013DF3
:10FB7000D8D1B4E73B4800F039FEA0E73A48DFF8B7
:10FB8000F09000F033FE484609B0BDE8F08F4FF02A
:10FB9000900B5FE74FF4047B5CE7DFF8D890FFF74A
:10FBA000B5FD484609B0BDE8F08F129B5246C3F838
:10FBB00000B0594600F03CFD002838D1D8F8043C8C
:10FBC000129A013318BFD8F8043C116808BF5123BA
:10FBD0000293D8F8083C01332ED0D8F8083C0393A0
:10FBE0004B1EB3F5047F0FD2029A02915046FFF7E5
:10FBF0007FFE48B90299039A4FF480635046FFF79D
:10FC0000A3FE00283FF46BAF129B1F6093E723F025
:10FC10000F03C4F8D430149B0122CDE90093314680
:10FC200005AB2046FFF7BAFD00283FF475AF8146CB
:10FC300055E7DFF83C9056E740F237330393CFE7C0
:10FC4000DFF834904BE700BF08A2002004BF025049
:10FC500000BF025012FA12FA08BF025038B1025027
:10FC600030B10250209E0400089E0400330CF000C6
:10FC7000350CF000300CF100320CF10030B4DDE94D
:10FC80000234049D02940024CDE9035430BCFFF7F4
:10FC9000C3BE00BF10B586B005AB0124CDE9012479
:10FCA0000093002204ABFFF7B7FE06B010BD00BF03
:10FCB000F0B4441831B114F8015D4E1E15B9314647
:10FCC0000029F8D1D41833B114F8015D5E1E45B98E
:10FCD0003346002BF8D10D1E18BF01252846F0BC75
:10FCE00070478B4222D325D84C1EA64228BF2646F9
:10FCF000002E23DB013694190025821904E0012D22
:10FD000038BF012590420BD012F8016D14F8017D27
:10FD1000B742F4D3F6D9002D08BF02259042F3D1A3
:10FD20008B4218BF00252846F0BC704701252846A5
:10FD3000F0BC704702252846F0BC70470025EFE76D
:10FD40009942F0B50DD801EB03044FEA540467D390
:10FD5000002C7DD04FF0000C171F2146051F624676
:10FD600032E003F1804C0CF1FF3C051F002600EB54
:10FD70008C0C05EB810E34465CF8047FE64546EAC0
:10FD80000706F9D116F1FF3744F1FF3C6FEA0C0C7E
:10FD900099420CF0010C3ED201F1804E0EF1FF3E73
:10FDA000171F02EB8E0507EB830355F8042FAB42B8
:10FDB00046EA0206F9D116F1FF3644F1FF32D2438A
:10FDC00002F0010291B3051F002305EB810E2846C6
:10FDD0003C46194650F8046F54F8045FAE4218BF11
:10FDE000002103F0010318BF002388BF41F0010187
:10FDF00038BF43F001038645ECD1A9B182F0010080
:10FE0000BCF1000F00D108408CF0010402B91C4085
:10FE100000EB4400F0BDC3B1171F19460022D3E721
:10FE200000263446B446B7E7002BE7D1BCF1000FFB
:10FE300003D132B160461446EAE782F001000023A4
:10FE4000E2E7104613461446E1E760461C46DEE74B
:10FE500020462346DBE700BF4218084630B112F8BF
:10FE6000013D411E1BB908460028F8D170471A060B
:10FE70004FEAC00018D4590600F1FF3215D4990694
:10FE8000A0F1020211D4D906A0F103020DD4190782
:10FE9000A0F1040209D45907A0F1050205D49B077B
:10FEA000A0F1060201D4073870471046704700BF22
:10FEB000A1B100EB810001E001390FD050F8043D01
:10FEC000002BF9D04801A0F1200202E00138904255
:10FED00006D0002B4FEA4303F8DA70470846704714
:10FEE000704700BF78B3032A70B50E461546044626
:10FEF00001D9052A1CD1012E18D8ABB9022D19D071
:10FF0000052D17D04C21204600F0A2FC052D88BFFE
:10FF10004FF0FF3213D900200123C4E90826C4E9B9
:10FF20000B00C4E90D3370BD094870BD094870BDB0
:10FF3000094870BD56B94C21204600F089FC074B9A
:10FF400053F82520E7E74FF470007047044870BD70
:10FF50000E00F0000600F0000200F000E89E040031
:10FF60001200F000C8B110B50C4682B18CB9082B54
:10FF70000DD15368102B0ED1136843B10123836256
:10FF8000D2E90012103000F05DFC204610BD04489C
:10FF900010BD044810BD044810BD4FF470007047F8
:10FFA0000400F0000500F0000300F00070B108B597
:10FFB000036A013B022B05D831B1102200F042FC4C
:10FFC000002008BD034808BD034808BD4FF4700079
:10FFD000704700BF0200F0000100F00038B349B3E1
:10FFE0001AB338B512F00F051BD1046A24F00404CB
:10FFF000032C01D003B31D4613462A4601F022FE0E
:020000024000BC
:1000000058B1A0F57100052818D8052816D8DFE8E2
:1000100000F005030A0303080A4838BD4FF47000D6
:1000200038BD094838BD094838BD074870474FF406
:100030007000704706487047064838BD4FF4750099
:1000400038BD00BF0200F0000A00F0000600F0001A
:100050000800F0000900F000F8B5079F48B30E460D
:100060000546002A35D0994239D8002F41D02B6A55
:1000700023F00401032906991FD0002932D03968E2
:10008000B14233D3300703D0012B1CD8EB6A23B322
:1000900011463346069A284601F0E0FE044660B356
:1000A000A0F57104052C37D8DFE804F00310251003
:1000B00010174FF470042046F8BDA9B139680F2914
:1000C00014D93107E4D0032BE2D1DFE7144C2046EA
:1000D000F8BD0029C9D0134CEDE7134CEBE7134CE6
:1000E0002046F8BD002ED3D0114CE4E7114C204639
:1000F000F8BD114CDFE7114CDDE72B6A23F0040358
:10010000032B01D03E60D6E706982946102200F066
:1001100099FB10233B60CEE74FF47504CBE700BF9B
:100120000200F0000800F0000A00F0000C00F000EF
:100130000900F0000D00F0001100F0000600F000D2
:100140002DE9F84F1E460A9B002B6AD00D46002968
:100150006FD0044600287DD0022E5ED816B10B9BCE
:10016000002B79D0D4F8B872B7F5107F4CD8D4F8FA
:10017000BC127B1C994247D895F80090B9F1070F43
:1001800053D8B9F1050F50D009F006030737022BF9
:100190004FEAD7073CD07B00013393423BD10A980A
:1001A00007F1030B4FF45D7100F1040A2BF0030813
:1001B00000F04EFB414650463B466A1C00F002FCF4
:1001C000002838D14FEA9B0B5B46594622465046E1
:1001D000FFF7B6FD022855D119F0040F3ED10A9B56
:1001E000214603F194004FF4377200F02BFB49468F
:1001F000504600F06DFC0446002845D1022E45D043
:100200000A9A264B13601CE0254C2046BDE8F88F67
:100210007B1C9342C3D0234CF7E7234C2046BDE818
:10022000F88F224C2046BDE8F88F214C2046BDE8CF
:10023000F88F204CE9E7204C0A984FF45D7100F0EC
:1002400007FB0B9B002BE0D04FF46371184600F0C6
:10025000FFFADAE7194CD8E7194CD6E70A9B7A1C63
:100260004C334146184698462A443B4600F0AAFBC8
:100270000028E0D140465B4659462246FFF760FD24
:100280000228ACD00C4CC0E70E4CD5E70B99504679
:1002900000F0FCFC0028B3D00446CDE7010000ECE0
:1002A0009508F0000F08F0001108F0000E08F000AB
:1002B0000708F0000D08F0001008F0000208F00038
:1002C0001208F0003008F0002DE9F04383B00193EC
:1002D00000283DD01646002A67D002681F46354BDD
:1002E0009A4204461BD18FB3052914D0072912D88E
:1002F000D0F84C33C56C21F0020203F10709042A3F
:1003000003F11F034FEAD9094FEA531305F0010522
:1003100022D0022907D0284803B0BDE8F08327483F
:1003200003B0BDE8F0833A6809F1010842453ED3C5
:10033000304645F0020500F8015B9B00221D49464E
:1003400000F096FB48BBC7F80080E5E71C48E3E7F0
:100350001C4803B0BDE8F0833A684FEA490808F149
:100360000108424523D3042930460CBF0D4645F011
:1003700006059B0000F8015B221D4946019300F031
:1003800077FB50B909F10100019B04F14C023044A4
:10039000494600F06DFB0028D5D03046396800F0A2
:1003A00057FA002308483B60B6E70848B4E7084816
:1003B000B2E700BF010000EC1508F0001A08F000D9
:1003C0001708F0001408F0001B08F0001608F000F1
:1003D0001808F0002DE9F04782B0DDE90A98002AFC
:1003E0005CD01D46002B5ED0B9F1000F5DD0B8F196
:1003F000000F5CD0074600285BD08A46002948D011
:10040000144618464FF44C7100F022FA4FF45D7117
:10041000484600F01DFAD4F8BC621F367609B200D7
:10042000013E04F1D801404605EB860600F00AFAC9
:10043000002373602B1DD4F8BC220093514638462C
:100440004346FFF705F90646C8B128464FF44C71FC
:1004500000F0FEF948464FF45D7100F0F9F90C9B8D
:1004600023B140F66811184600F0F2F940464FF407
:10047000537100F0EDF9304602B0BDE8F087204638
:1004800043464A46294602F06DFE06460028E6D05D
:10049000DBE7094E304602B0BDE8F087074E304634
:1004A00002B0BDE8F087064EE5E7064EE3E7064EEC
:1004B000E1E7064EDFE700BF9008F0000208F00019
:1004C0000308F0000408F0000508F0009108F000AF
:1004D0002DE9F041002940D016461F460A682B4BF3
:1004E0009A420C4631D1054600283AD00268013BB9
:1004F0009A422ED1002E45D0002F45D0069BB3B393
:1005000000F194014FF4377204F1500000F082F9C9
:100510000435211D68BBD4F808333A680733B2EBC1
:10052000D30F4FEAD3081ED3069B2846324600F06D
:10053000DDFB0446F8B9C7F8008006984FF4537104
:1005400000F086F92046BDE8F081114C2046BDE858
:10055000F081104C2046BDE8F0810F4C2046BDE8EC
:10056000F0810E4CF2E70E4CC7F80080EEE70D4C20
:10057000ECE70D4CEAE73968304600F069F90023F2
:100580003B60DAE7094CE1E7094CDFE7020000ECE9
:100590003408F0003208F0003308F0003108F000B1
:1005A0003808F0003708F0003A08F0003508F0008D
:1005B0003608F0000B2804D8034B53F8203003B161
:1005C00018470020704700BF5CA0040030B504222B
:1005D00085B00123C0F8D0200B6068460023CDE928
:1005E0000033CDE902330C4600F04EF80546C8B999
:1005F000DDE90030DDE90212E360003BC4E90401FB
:1006000018BF0123A26108B143F0020309B143F00E
:1006100004030AB143F00803002228466360A26085
:1006200005B030BD014800F0E1F8E1E7009F0400AB
:1006300030B585B004460D46104803924FF0FF31A7
:1006400000F026F9039A68B920460095012300219D
:1006500001F0E6FF0446094800F034F938B92046B5
:1006600005B030BD064800F0C1F8039AECE7054834
:1006700000F0BCF8204605B030BD00BF08A2002045
:10068000089E0400209E040000234FF4FA714FF4EA
:100690007A72C0E900228160C3601846704700BFCB
:1006A00010B500F031F8A0B900F01EF920B1032414
:1006B00000F070F8204610BD00F03AF9034680B90A
:1006C0000D4A1268120EF02A06D0052400F00EF929
:1006D000EEE70424204610BD0849094A0968914202
:1006E00001D00624F2E7074A0120136000F020F948
:1006F00004460028DED0E8E728B9025024BA0250A8
:100700000000E0200CBA025008B5184800F0A4F828
:1007100098B9174800F0A0F8B8B9164800F09CF84E
:10072000D8B9154B124A15481A6000F095F8C0B9AF
:10073000134B124A1A60002008BD124800F056F808
:100740000B4800F089F80028E7D00F4800F04EF879
:10075000084800F081F80028E3D00C4800F046F883
:10076000DFE70B4800F042F8E2E700BF08A20020F4
:10077000F8A1002004A2002000A20020FCA100207B
:10078000F0A10020309F04004C9F0400689F0400EB
:10079000889F040008B500F03BF80F4800F06AF8A5
:1007A00004210D4800F054F80C4800F063F80B48A1
:1007B000042100F04DF80A4800F05CF840B90948FF
:1007C00000F058F8BDE808400648042100F040B8A1
:1007D000054800F00BF8F2E708A20020F8A100207D
:1007E00004A20020FCA10020689F0400BFF34F8FEB
:1007F0000549064BCA6802F4E0621343CB60BFF3BD
:100800004F8F00BFFDE700BF00ED00E00400FA05D8
:10081000704700BFA2B1013A30B401398518421EB9
:10082000002012F8013F11F8014F954283EA0403BA
:1008300040EA0300F5D1003818BF012030BC7047F2
:100840001046704703F00EBC03F01ABC03F032BC34
:100850000A46002103F02EBC10B5044610B100205A
:10086000206010BD0248FFF7C1FF0020206010BDCE
:10087000A89F040010B5044610B10020206010BDF0
:100880000248FFF7B3FF0020206010BDA89F0400BE
:1008900010B5044680B10123BFF35B8F54E8002FED
:1008A00044E800310029F9D1BFF35B8F012AF3D06E
:1008B000BFF35F8F002010BD0148FFF797FFEAE705
:1008C000CC9F040010B5044620B1BFF35F8F002019
:1008D000206010BD0348FFF789FFBFF35F8F002042
:1008E000206010BDEC9F040000207047002070477E
:1008F000014B1860704700BF08BA0250014B1860E6
:10090000704700BF04BA025010B5044630B1054B21
:1009100018680442FCD0044B1C6010BD0348FFF76C
:1009200065FFF4E700BA025008BA02500CA00400B8
:1009300010B54FF0FF3104461748FFF7A9FFE8B99B
:10094000164A54B11368A3B1012B18D0013B1360B0
:10095000BDE810401048FFF7B5BF106838B9104B1C
:1009600010490124C3F800450B68002BFCD101306D
:100970001060BDE810400848FFF7A4BF10BD09494A
:100980000B68002BFCD106480749C0F800356FF012
:100990007E430B601368D9E704A20020C4A10020A5
:1009A00000A0025010B9025004BA02503AB10A44F1
:1009B000013812F8013D00F8013F8A42F9D10020C8
:1009C000704700BF002A48D02DE9F04104460028B6
:1009D00045D015465A1E053234D811F0030631D1E0
:1009E0008B422FD8CF1C27F003028A4232D8A2EBC9
:1009F000030840441A462946FFF726FF4146204691
:100A00004FEA9708FFF724FFB8F1010F1DD0FF0848
:100A100004EB87000438231F04EB880553F8042FE8
:100A200055F8041D12BA09BA834219602A60F5D13B
:100A300018F0010007D054F827301BBA44F82730CB
:100A4000002000E00748BDE8F08123681BBA30466B
:100A50002360F8E70448BDE8F08104487047034884
:100A6000F1E700BF050DF000090DF000040DF000E6
:100A700030B40AB300B3DBB113F0030518D18B42D5
:100A800016D3A9B1904208D002D91344984217D383
:100A9000904202D243189A4212D91144431E11F8CF
:100AA000014D03F8014F8A42F9D1284630BC704706
:100AB000044D284630BC7047034D284630BC704773
:100AC000024DF6E7050DF000040DF000060DF000F4
:100AD000F0B50446D0F848038DB000F11F0620237E
:100AE000B6F5187F00937ED20F46694601F0F0FB01
:100AF000054610B128460DB0F0BD7609334604F125
:100B00009002012101F024FD01210846052304F58E
:100B1000127201F01DFD334622460121022001F030
:100B200017FD334604F1D8020121042001F010FD25
:100B300004F5907233460121052001F009FD424A77
:100B400013680193019BDB07FAD5404B40493E4AAD
:100B5000196013680293029BD807FAD53B4B3D49B5
:100B6000394A196013680393039BD907FAD5374BA9
:100B70003949354A196013680493049BDB07FAD599
:100B8000324B364A1A6007F00603022B2FD004F1CD
:100B9000480233460121032001F0DAFC2A4A136897
:100BA0000593059BDC07FAD5284B2D49264A196089
:100BB00013680693069BD807FAD5244B29492A4A7D
:100BC000196013680793079BD907FAD5274A284B62
:100BD000126812F4805F08BF1D46009801F062FCA5
:100BE00028460DB0F0BD234D28460DB0F0BD01F0F4
:100BF00069FE002826D01C4A13680893089BDB076F
:100C0000FAD51D4B184A196813680A930A9BD8072E
:100C1000FAD51A4A1A4B11601B680993099B5F4069
:100C2000F90708D5343A13680B930B9BDB07FAD509
:100C3000064B144A1A60314604F14800032201F0C1
:100C40005BFCCAE7104DC8E7B0B0025080B002505C
:100C5000802108888041183180610888005118314E
:100C600080310C8800681051B4B0025088B0025036
:100C70001008F0000F08F0000CB00250E4B0025071
:100C8000DCB00250C03000294021F00070B5D0E93E
:100C9000D2421F3484B0640900F148030D4601EBD1
:100CA00084061F3201EBC4010391009300F5B47177
:100CB0000346CDE901565209903000F0D3FE70B9D9
:100CC00030462146FFF7F4F830B921462846FFF7B1
:100CD000EFF808B904B070BD024804B070BD024816
:100CE00004B070BD1008F0003008F0002DE9F043AA
:100CF000D0E9D2451F3485B0640903EBC40E1E460B
:100D000003EB84071F3500F148030093CDE9027E11
:100D100003460196904690306A0900F0A3FE05460E
:100D200040B130464FF45371FFF792FD284605B0AD
:100D3000BDE8F08338462146FFF7BAF860B1214696
:100D40003046FFF7B5F838B14FEA84094A464046C5
:100D50003146FFF72BFEE4E7004DE2E72008F10003
:100D60002DE9F04F97B0DDE920744FEA043E4EEADA
:100D7000844E4EEA83149D4D44F0045C9C012E6821
:100D80000096009EF607FAD5229DDFF86482974E02
:100D9000C8F800C0920142EA834242EA053545F0B4
:100DA00010454FEA834832680192019AD207FAD57A
:100DB0008F4ADFF838C215604EEA811E4EF0104EA1
:100DC0008E01DCF800200292029AD507F9D53D0386
:100DD00045EA8745864A854FC2F800E044EA05099E
:100DE00049F004593A680392039AD207FAD5804A27
:100DF000DFF8F8E1C2F8009044EA033C48EA0C0747
:100E000047F004574FEA033ADEF800200492049AB0
:100E1000D207F9D5764ADFF8D4E117604CEA814968
:100E200049F010498F04DEF800200592059AD20798
:100E3000F9D56F4ADFF8B4E1C2F8009045F01045EB
:100E400045F48075DEF800200692069AD207F9D59F
:100E5000DFF89CE1674ADFF89491CEF8005042EA4F
:100E600080124FEA801ED9F800500795079DED07C4
:100E7000F9D5DFF87CB1DFF884915C4DCBF8002028
:100E800049EA00394FEA003B2A680892089AD207DB
:100E9000FAD5574DC5F80090239A574D45EA824937
:100EA000524A12680992099AD507F9D5504A4F4D0E
:100EB000C2F800904CF0245949F400192A680A92AB
:100EC0000A9AD207FAD54A4D484AC5F800904EEA28
:100ED000030343F0484343F4821315680B950B9DBD
:100EE000ED07FAD54EEA0B05DFF804E13F4ACEF8EC
:100EF000003045EA080545F0045513680C930C9B37
:100F0000DB07FAD53A4B394A1D604CEA804040F085
:100F1000045013680D930D9BDD07FAD5344BDFF8B1
:100F2000E0C0324A18604AEA0C0C13680E930E9B1C
:100F3000D807FAD52E4B2D4DC3F800C047EA01372C
:100F400046EA070C4CF004500A032B680F930F9BE2
:100F5000DB07FAD5264B254D18604CF0104C2B685A
:100F60001093109BDB07FAD5214B204DC3F800C02E
:100F70002B681193119BDB07FAD51D4B1B4D186095
:100F8000274347F004572B681293129BDB07FAD5CF
:100F9000174B16481F60239B44EA080444EA0334B5
:100FA00044F0104403681393139BDD07FAD5104BEC
:100FB0000E481C60324342F0245242F4101203687F
:100FC0001493149BDC07FAD5094B08481A600E43AA
:100FD00046F0484646F4A21603681593159BDB07B6
:100FE000FAD5034B1E6017B0BDE8F08FB0B00250C9
:100FF00080B002500040102100410021000110216A
:10100000400128292DE9F04F9FB0AF4F2D9D289E1C
:101010002C0344EA854C4CEA831C4FEA854E01942C
:101020004CF0104C9D013C680494049CE407FAD5F4
:101030004FEA801BA54F4BEA033848EA8646DFF8A3
:101040008882C7F800C046F010461F03D8F8004059
:101050000594059CE407F9D5DFF87082DFF868C2D3
:101060004BEA00340294C8F8006044F0245848F475
:101070000018DCF800400694069CE607F9D5DFF876
:101080004C92914EC9F8008045EA070C4EEA0C0ECE
:101090004EF0104E34680794079CE407FAD5299C5B
:1010A000DFF82892DFF82082C9F800E047EA8116CD
:1010B00046EA84468C0146F010460094D8F8004079
:1010C0000894089CE407F9D5009CDFF80082DFF85B
:1010D000F891C8F8006044EA013E4EF0245848F404
:1010E0000018D9F800400994099CE607F9D52A9C14
:1010F000DFF8D891744EC9F800804FEA043A4AEA02
:10110000844A2A9C4AEA050A4AF0104A4FEA84496E
:1011100034680A940A9CE407FAD52B9C47EA844673
:1011200006430396694E684CC6F800A0039E46F03D
:10113000484A4AF0C00A26680B960B9EF607FAD575
:10114000624C614EC4F800A049EA0C0A4AF0104A09
:1011500034680C940C9CE407FAD52C9C47EA84462E
:101160000E430396594E584CC6F800A0039E2E43DA
:1011700046F0484A26680D960D9EF607FAD5019C62
:1011800044EA8216514C46EA09094F4EC4F800A0C1
:1011900049F010494FEA821A34680E940E9CE40715
:1011A000FAD54A4C484EC4F800904AEA824A4AF0BE
:1011B000104A4AF4405A4FEA824934680F940F9C0F
:1011C000E407FAD5414E404CC6F800A026681096B8
:1011D000109EF607FAD53D4EDFF8F8A03A4CC6F857
:1011E00000A026681196119EF607FAD5374EDFF853
:1011F000E8A0354CC6F800A026681296129EF607A5
:10120000FAD5324EDFF8D4A02F4CC6F800A04EF02D
:10121000104E4EF4402E26681396139EF607FAD50C
:101220002A4E2B4CC6F800E044EA804E303680044B
:1012300034681494149CE407FAD547EA8347DFF82E
:101240008CA0214CCAF800E04BEA070646F048465D
:1012500046F003064FEA834A23681593159BDB0784
:10126000FAD5DFF868E0184CCEF80060029B43F036
:10127000045646F4801623681693169BDB07FAD5AE
:10128000124CDFF844E02660DEF800301793179B1D
:10129000DC07F9D50D4CDFF830E0266040F0045053
:1012A00040F48240DEF800301893189BDB07F9D534
:1012B000009B054C4AEA01011943044B41F04841A7
:1012C000186041F480410BE0B0B0025080B0025091
:1012D0000041009000310C90C0400C90C03020299B
:1012E00023681993199BDE07FAD5194B1948196021
:1012F00003681A931A9BDC07FAD5154B1549C3F8F6
:10130000008049EA02322A4342F010420B681B93E4
:101310001B9BD807FAD50E4B0E491A602F4347F096
:1013200010470B681C931C9BDA07FAD5084B094A37
:101330001F604CF0104141F4301113681D931D9B48
:10134000DB07FAD5024B19601FB0BDE8F08F00BF74
:1013500080B00250B0B002502DE9F04F99B0DFF8E4
:1013600070C2269C239D270347EA844949F0104612
:1013700046F0800699464FEA844EDCF8003001932F
:10138000019BDC07F9D5914B914C1E604FEA8949CE
:1013900049EA801949F0104646F400564FEA801A8F
:1013A00023680293029BDB07FAD5884B884C1E60AA
:1013B0004AEA003C4CF0245646F400162368039396
:1013C000039BDB07FAD5814B814C1E604EF0104623
:1013D00046F4025623680493049BDB07FAD5229B4C
:1013E0007B4C4FEA834E4EEA811E784B4EF0104EF6
:1013F0001E604EF4005E8E0123680593059BDB079B
:10140000FAD5724B724CC3F800E046EA013949F054
:10141000245B4BF4001B23680693069BDB07FAD57D
:101420004FEA053E694B6A4CC3F800B04EEA854E60
:101430004EF0104E4EF0800E4FEA85482368079319
:10144000079BDD07FAD5249B604C40EA834545F0B5
:1014500048455F4BC4F800E045F403551C68089408
:10146000089CE407FAD5594B594C1D6048F01045CB
:1014700045F4025523680993099BDB07FAD5259BA0
:10148000DFF848E1524CCEF8005041EA834343F084
:10149000484545F4025523680A930A9BDB07FAD5B1
:1014A00047EA8217494B4A4C1D6047EA080848F052
:1014B0001047950123680B930B9BDB07FAD5434B31
:1014C000434C1F6045EA824242F0104242F44052CF
:1014D00023680C930C9BDD07FAD53C4B3C4C1A60FF
:1014E00023680D930D9BDA07FAD5384B394C384AEF
:1014F0001C6013680E930E9BDB07FAD5334B364CFA
:10150000334A1C6013680F930F9BDF07FAD52F4BEC
:10151000324C1C602E4A49F0104444F440241368B5
:101520001093109BDD07FAD5284B2D4D284A1C60DF
:1015300045EA8045800413681193119BDC07FAD5B6
:10154000224B284C224A1D604AEA04041368129375
:10155000129BDB07FAD51D4B1D4A1C604CF004544E
:1015600044F4801413681393139BDF07FAD5174BC9
:10157000174A1C6013681493149BDD07FAD5134BAC
:10158000134A1C6040F0045040F4824013681593E5
:10159000159BDC07FAD50D4B0D4A18600E4346F03B
:1015A000484646F4042613681693169BD907FAD5C5
:1015B000064B074A1E6013681793179BDB07FAD583
:1015C000024BC3F800B019B0BDE8F08F80B00250F4
:1015D000B0B0025000310C90C0400C90C0302029B7
:1015E00000410090032008C82DE9F043974AABB0B2
:1015F00013680993099BDF07FAD5954B9549934AE0
:10160000196013680A930A9BDE07FAD5904B92493A
:101610008E4A196013680B930B9BDD07FAD58C4B30
:101620008E498A4A196013680C930C9BDC07FAD523
:10163000874B8B49854A196013680D930D9BD8071A
:10164000FAD5834B8749814A196013680E930E9B24
:10165000D907FAD57E4B844A1A601B2000F030FD72
:101660000446182000F02CFD8442784A09D91368FA
:101670000F930F9E16F00106F9D0754B7B4A1A6046
:1016800009E013681093109BDB07FAD5704B784A7A
:101690001A60044600266D4A13681193119BDF07F8
:1016A000FAD56B4B7349694A196013681293129B00
:1016B000DD07FAD5664B704A1A601C201D211822DE
:1016C0000B238DE80F000F230E220D210C20FFF7B6
:1016D00047FB01340C200D210E220F238DE80F0053
:1016E00024F001041323122211211020FFF738FBEC
:1016F0000125A11E08AB07AA1B20089500F02CFDB0
:10170000022800F06A81032800F04081012800F0DF
:10171000168100274D4A13681F931F9BDB07FAD5DC
:101720004B4B5649494A196013682093209BDD07AB
:10173000FAD5474B5249454A196013682193219BBA
:10174000D807FAD5424B4F4A1A60043C39D44FF0BF
:10175000170916254FF01A0815211420CDE90001AC
:101760001A231622CDE90259FFF7FAFA142003468C
:101770008DE82201162201F07BFB08AB07AA214667
:101780001B2000F0E9FC00EB87000430072816D886
:10179000DFE800F0A1A8A59D9995840412271122E5
:1017A000102315211420CDE904270393CDE900016E
:1017B000029517231622FFF725FC4FF0FF37023C56
:1017C000CAD519201C21162215231824CDE9012180
:1017D000CDE9030400930E2214230D210C20FFF702
:1017E000BBFD1A4A002F40F0818013682693269B88
:1017F000DC07FAD5164B2449144A1960136827935D
:10180000279BD807FAD51248204B2149214C0F4A73
:101810000460002E14BF1E460E4613682893289BB2
:10182000D907FAD50A4B094A1E6013682993299BE8
:10183000DB07FAD5064B184A1A6018231D221C2113
:10184000012001F029FC2BB0BDE8F083B0B00250BC
:1018500080B002500002002100822021408220211D
:101860008082242140066E4900966929C006664997
:10187000C0066249000662410016624940D621292D
:10188000C0D32029C0142129C05521294007564919
:1018900040075E490007524900065A490E270D22AB
:1018A0000C2315211420CDE904270393CDE9000171
:1018B000029517231622FFF7A5FB00277FE71827BD
:1018C0001D221C23EDE718271D221C2369E718277A
:1018D00019221C23E5E7122713221023E1E70E2724
:1018E0000F22DDE70E270F220C235AE713682293FD
:1018F000229BD907FAD54C4B4C494D4A19601368C5
:101900002393239BDB07FAD547484A4B4A494B4C64
:10191000474A0460002E14BF1E460E4613682493E7
:10192000249BDF07FAD5404B414A1E60136825937C
:10193000259BDD07FAD53C4B414A1A607DE73C4ABE
:1019400013681393139BD807FAD5374B3D49384A90
:10195000196013681493149BD907FAD5324B3A498E
:10196000334A196013681593159BDB07FAD52E4B84
:1019700036492F4A196013681693169BDF07FAD56C
:10198000294B334A1A604FF0FF37C3E6284A1368E1
:101990001B931B9BDF07FAD5234B2E49244A196062
:1019A00013681C931C9BDD07FAD51F4B2A49204A5C
:1019B000196013681D931D9BD807FAD51A4B274948
:1019C0001B4A196013681E931E9BD907FAD5164B44
:1019D000234A1A604FF0FF379CE6154A13681793A5
:1019E000179BDD07FAD5104B1649114A1960136889
:1019F0001893189BD807FAD50B4B13490C4A19605A
:101A000013681993199BD907FAD5074B0F49084A50
:101A1000196013681A931A9BDB07FAD5024B0C4A1C
:101A20001A60002776E600BF80B00250C0D320299C
:101A3000B0B002504007364940073E4900073249DE
:101A400000063A49000532494005364980053A49C1
:101A5000C0053E49000542494005464980054A49BE
:101A6000C0054E492DE9F04F0D4687B0044611469A
:101A7000284600929846FEF71BFAD4F8BC3200992B
:101A800004F1D80A1F3306465B0952462846FEF782
:101A900057F9002E70D001286ED0D4E9AEB0394B82
:101AA000584593F91A2093F91CC000924FF0200773
:101AB00093F91B2093F91D30059738BF584605A9A7
:101AC0000192CDF808C0039300F002FC074618B15C
:101AD000384607B0BDE8F08F2B490BF11F094FEADC
:101AE00059194B46C1F800B02246012100F030FDE3
:101AF0000121084604F5DC72052300F029FD4B4660
:101B000004F1480201210B2000F022FDD4F8BC3280
:101B10009DF808409DF800001F3352465B099DF870
:101B20000CA0012100F014FD42464B462046012145
:101B300000F00EFD109A4B465046012100F008FDC2
:101B400006F11F035B099DF804002A46012100F0FD
:101B5000FFFCFFF749FD11982246494600F0CCFCF6
:101B600012985246494600F0C7FC059800F09AFCCE
:101B7000384607B0BDE8F08F044F384607B0BDE8DF
:101B8000F08F00BF3CA0040090B002503008F1007C
:101B900038B5224B224A0121054619601368002BF3
:101BA000FCD1204A1368002BFCD11F4A1368002B7C
:101BB000FCD11E4A1368002BFCD11D4B1C68002C65
:101BC000FCD14FF0FF30FEF793FE2B6A23F00403A5
:101BD000032B184B18680CBF20F0400020F0800049
:101BE000FEF78CFE144B00221A602B6A23F00402CD
:101BF000032A18BF6C6A114A4FEA830318BF04F026
:101C0000010403F01C031C4314602B6A072B02D150
:101C10000B4B01221A60002038BD00BF00B90250F2
:101C200070B4025020BD025020BC025038BD02509A
:101C300038BC025004BA0250BCB40250C0B40250C6
:101C40007CB40250002800F0BF80F8B51D46436BFD
:101C50000E4617460446002B35D0012B02D1B5F5B0
:101C6000803F33D265484FF0FF31FEF711FE002868
:101C700057D10020FEF75CFE00284ED1604B0122B8
:101C80001A60236A032B28DC002B28DA5D4A1368CC
:101C9000002BFCD15A4A1360236A23F00403032B60
:101CA000594B18680CBF40F0400040F08000FEF730
:101CB00025FE0120FEF73CFE002836D14F48FEF7F6
:101CC00001FE28B9F8BDB5F5805FCBD34F48F8BD0C
:101CD0004F48FEF78BFD0020F8BD072BD6D1636A75
:101CE000012BD3D8636B012BD0D8A36B012BCDD89C
:101CF0002046FFF74DFF0028C8D1A36A012B6CD006
:101D000033F0020263D0236A5A1E062A1BD8DFE88A
:101D100002F0104B101A1A1A10003E48FEF766FD2A
:101D2000ACE73D48FEF762FDA3E73C48FEF75EFDE9
:101D3000C4E73B4B22681A6062685A60A2689A60E6
:101D4000E268DA60236A23F00403032B31D0A36B2B
:101D5000012B4CD0334A344B176020201D60636B3D
:101D6000012B2CD0314A324B16601D60FEF7CCFDA2
:101D7000244A1368002BFCD1236A013B062B10D8A0
:101D8000DFE803F00414040F0F0F0400244A294B6A
:101D9000126822601A6862605A68A26008331B6881
:101DA000E3600123236371E7234BC3E7224A234BFC
:101DB000EEE7636B012B01D01020D3E74020204ACF
:101DC000204B16601D60D1E74FF4710070471E492B
:101DD0001E4A0B600123136095E71D4B22691A60B0
:101DE00062695A60A2699A60E269DA608BE7194A0F
:101DF000194B176080201D60B1E700BF08A20020CA
:101E000010B8025010B9025004BA02500500F10097
:101E1000209E0400389E0400089E0400589E040082
:101E200040B4025030BD025034BD025030BC0250AC
:101E300034BC025044B4025060B4025064B4025046
:101E400028BC02502CBC025038BA025078B4025060
:101E500000B4025028BD02502CBD02502DE9F041C3
:101E6000002800F081801D46036A072B0F460446B8
:101E700016D055B9032B0FD1036B6BB9C0E90F55C1
:101E8000C0E9115500F13C0710252B463946204684
:101E9000BDE8F041FFF7D6BE2E463046BDE8F081E2
:101EA000436B002B37D1B5F5805F39D215B9236B61
:101EB000002B35D167484FF0FF31FEF7E9FC0028D1
:101EC00040F097800020FEF733FD002840F0998015
:101ED000614B01221A60236A032B23DC002B23DAD7
:101EE0005E4E5F4A1368002BFCD15B495D4A0B6074
:101EF000106840F04000FEF701FD0120FEF718FDDC
:101F000000287AD15348FEF7DDFC0028C5D056489A
:101F1000FEF76CFCC1E7012BC8D1B5F5803FC5D3F6
:101F2000524EBAE7072BDBD1636A012B78D8636B7B
:101F3000012B57D8A36B012B00F284802046FFF7BA
:101F400027FE06460028CCD1A36A012B6AD033F0C5
:101F5000020271D0236A013B062B13D8DFE803F09D
:101F600009440912121209004FF471063046BDE807
:101F7000F0813F4B22681A6062685A60A2689A60DA
:101F8000E268DA603B493C4A01230B601560002D92
:101F90003BD1226B0AB9394A1360314B1E68002EBF
:101FA000FCD1236A013B062B9BD801A252F823F0F7
:101FB000CD1F0400ED1F0400CD1F0400E31E04002C
:101FC000E31E0400E31E0400CD1F0400284A2C4B2E
:101FD000126822601A6862605A68A26008331B683F
:101FE000E3607EE7274E7CE7274BC3E7264A274B73
:101FF000EEE72748FEF7FAFB64E72648FEF7F6FB14
:1020000080E72548FEF7F2FB62E7636B012B1BD0EC
:10201000224A234B176010201D60FEF775FCBCE7B9
:10202000204E5EE7204B22691A6062695A60A269FD
:102030009A60E269DA608DE71C491D4A0B60012352
:10204000136087E71B4E4CE71B4A1C4B1760402070
:102050001D60E2E708A2002010B802500100F10064
:1020600010B9025004BA0250209E04000500F1008D
:1020700040B402507CB40250BCB4025024B50250AB
:1020800044B402500300F10060B4025064B4025042
:10209000089E0400589E0400389E040030BC025084
:1020A00034BC02500200F10000B4025038BA0250B1
:1020B00078B402500400F10028BC02502CBC02503D
:1020C00030B4214A84B013680093009BDC07FAD532
:1020D00000F1A05303F52C439B001B4A18681368BA
:1020E0000193019BD907FAD5184B1A6812F11F0307
:1020F00048BF02F13E035B11591E0FD4124A144D22
:10210000144C13680393039BDB07FAD50B182B6061
:1021100023680293029B2BB90139F2D2580104B013
:1021200030BC704701314801A0F120014FF000425E
:1021300002E001388142F2D013424FEA5202F8D055
:1021400004B030BC704700BFB4B00250ACB0025015
:10215000E4B00250DCB0025070B41C6885B001F0ED
:102160001F0644B91E2E06D01068F04000F0030090
:1021700005B070BC70470F4D2C680194019CE407BA
:10218000FAD500F1A05404F52C44A400094D2068B0
:102190002C680394039CE407FAD5074C00EB61110B
:1021A00006482160016802910299116000211960BE
:1021B000DAE700BFB4B00250E4B00250DCB0025025
:1021C000A0F12003B3F5426F61D8F0B48F2882B03C
:1021D00053D900F11F035B095B013F339B090133B6
:1021E00011B18B4255D80B46DC004FF48051B1FB46
:1021F000F4F1202928BF202102B11160264C274D7F
:102200000126002226600239144603FA06F640F63B
:10221000FC778C4204F10104B6BF2A602F6092194A
:102220001E2C05F10405F4D11D4C1E4D22603244D4
:102230002A6000F13F011C4A1C4DDFF890C0E560A8
:1022400021F03F0110604031194F1A4E1A4D1B48C2
:10225000CCF800109B011A493B6033602B60E362AD
:102260000360D3610A680192019AD207FAD5154A30
:102270000020136002B0F0BC704700F1470400F189
:102280006603E4064FEA5313A6D00133A4E70E48D1
:1022900070470D48EEE700BF1CB8025000B0025076
:1022A00078B002507CB0025090B0025020F80F007D
:1022B00098B002509CB00250A0B00250A8B002509A
:1022C000B4B00250ACB002502221F00094B00250E1
:1022D00038B504460D4619484FF0FF31FEF7D8FADD
:1022E00060B90020FEF724FB80B920462A46002171
:1022F000FFF766FF0446A0B9204638BD1048FEF738
:1023000075FA0020FEF714FB0028EED00D48FEF70A
:102310006DFA20462A460021FFF752FF04460028A6
:10232000EAD00120FEF704FB20B90448FEF7CAFA00
:10233000204638BD0448FEF759FAF6E7F8A1002018
:10234000089E0400389E0400589E04002DE9F043C6
:102350004E4C89B023680193019BDD07FAD54C4BA5
:1023600013449B000A181D681E2A05F11F0588BF2B
:102370001E224FEA551502FB05F288BFC0F11E016F
:10238000B2F5806F04D94FF48061B1FBF5F1091A01
:10239000002976DD00F1A05000F52C4005F1010E7A
:1023A0004FF0000C394ADFF8F4803A4C87002EF0E9
:1023B0000106604613680293029BDB07FAD5D7F843
:1023C000009013680393039BDB07FAD5C8F80090CD
:1023D000002355B101339D422060FBD1AE4204D9A8
:1023E0002B4601339E422060FBD10CF1010C61456C
:1023F00007F10407DED1254A13680493049BDC0728
:10240000FAD5254B214A196813680593059BD8070F
:10241000FAD5224B19607DB100231E491A460133BB
:102420009D420A60FBD1AE4206D91A492B460022D2
:1024300001339E420A60FBD1144A13680693069B3F
:10244000D907FAD5164B114A196813680793079BE9
:10245000DB07FAD5114B196035B100230D491A4637
:1024600001339D420A60FBD1AE4207D9094A0023DD
:1024700001E00EF1010E76451360FAD109B0BDE816
:10248000F08305F1010E2EF00106B4E7B4B002505E
:1024900024AC0014D8B002507CB00250D4B002502A
:1024A00078B0025008B558B90F4B00221A600120CD
:1024B000FEF73EFA98B90D48FEF704FA50B908BD88
:1024C000202801464FF0070228BF20210020FFF7F7
:1024D0003DFFE9E7BDE808400548FEF787B9054834
:1024E000FEF784F9E7E700BF1CB80250F8A100200E
:1024F000209E0400589E040010B4124C85B023683E
:102500000193019BDB07FAD502F1A05202F52C42A0
:1025100093000C4A1C6813680393039BDB07FAD5EE
:10252000094B1C6051B10438084A00EB8101136863
:102530000293029B40F8043F8842F8D105B05DF851
:10254000044B7047B4B00250E4B00250DCB002500B
:1025500070B42F4D85B02C680094009CE407FAD528
:1025600000F1A05000F52C408000294C056820683F
:1025700001900198C607FAD52648012605609BB14F
:10258000043A254E02EB830452F8040F3060A24255
:10259000FAD15E1C26F00102934205D21E4C0020A7
:1025A000013393422060FBD1194A26F001001368E1
:1025B0000293029BDC07FAD5184B0B449B001B6867
:1025C0001F33B0EB531F4FEA53121DD210490B6853
:1025D0000393039BDB07FAD50E4B0544121A1D60CB
:1025E00012D000230C481946013393420160FBD1FD
:1025F0005A1C22F00101994206D90748002300E045
:1026000001328A420360FBD105B070BC704700BF45
:10261000B4B00250D4B00250D8B0025024AC001470
:10262000F8B5069E002E33D001292FD8012B31D8C2
:102630001C4C074600251C4825600468002CFCD172
:102640001A4D2C68002CFCD1194D2C68002CFCD1A3
:10265000184D2C68002CFCD1174D2C68002CFCD197
:10266000012B19D01548164B026020201E6001294D
:102670000BBF144B144B154A154A17601E60FEF72A
:1026800043F9144B18680028FCD1F8BD1248F8BD76
:102690001248F8BD1248F8BD1248134B0260802062
:1026A0001E60E4E700B9025070B4025020BD025031
:1026B00020BC025038BD025038BC025030BD025020
:1026C00034BD02502CBC025034BC025028BC025015
:1026D00030BC025010B902500200F4000100F400B6
:1026E0000300F40028BD02502CBD02502DE9F04338
:1026F000644A93B013680093009BD907FAD5624BE4
:102700006249634A196013680193019BDB07FAD59C
:10271000604B1B68DF0400F1AF805A4A13680293D4
:10272000029BDE07FAD5584B5B49594A196013687A
:102730000393039BDD07FAD5564B1B68DC0400F1BD
:102740008580534B554E4F494F4FDFF86CC14FF0CA
:102750000109DFF868E1524D00241A680492049AD6
:10276000D007FAD530681A680692069AD207FAD5C9
:10277000CEF800002A680592059A12B95DE0520869
:102780000134D007FBD514F01F0568D11D680995E9
:10279000099DE807FAD5434DD5F800801D680B95D3
:1027A0000B9DED07FAD5DFF814E13D4DCEF8008022
:1027B0002D680A95E0070A9D05D505F00704032C4E
:1027C0004AD0052C48D002F00302032A05D105F0B7
:1027D0000305032D08BFC9F100090A680C920C9A81
:1027E000D407FAD5304A3A600A680D920D9AD0079C
:1027F000FAD52E4A3A600A680E920E9AD207FAD596
:102800002B4A3A600A680F920F9AD507FAD5294ADF
:102810003A600A681092109AD407FAD51B4A3A60B7
:102820001A681192119AD007FAD51A4A1268D2047E
:102830008FD5484613B0BDE8F0830A680792079A1F
:10284000D207FAD5C7F800C0203486E74FF0010957
:10285000484613B0BDE8F083C9F10009B3E7DFF8DB
:1028600060E0013D4EEA053E0D680895089DED07C4
:10287000FAD5C7F800E089E74FF00009484613B0E1
:10288000BDE8F083B0B0025080B0025000082A5179
:10289000B4B0025088B0025000182A5128B002503B
:1028A000DCB002502CB0025000032A4980022E49AD
:1028B000C0C228A1C002324980F22961E4B00250AE
:1028C000800228612DE9F047894ABAB01368009365
:1028D000009BD807FAD5874B8749884A1960136847
:1028E0000193019BD907FAD5854B1B68DB0400F1E6
:1028F0009181824A13680393039BDE07FAD5814BCB
:102900007E4A196813680593059BDD07FAD57E4A50
:102910007E4B11601B680493049F07F00303032B95
:1029200000F0748207F00703052B714A00F027813D
:1029300013681993199BDC07FAD56E4B74496C4ADE
:10294000196013681A931A9BD807FAD5694B714A14
:102950001A60FFF7CBFE013000F01D82644A136855
:102960001B931B9BD907FAD562486B4B0360013F51
:1029700040F071825E49DFF8D0C1604B674E624D16
:10298000624CB8460A681C921C9AD207FAD5C0F865
:1029900000C008F120081A681D921D9AD707FAD5C1
:1029A00037681A681F921F9AD207FAD52F602268DB
:1029B0001E921E9F002FE5D017F0010311D17F0852
:1029C000FE07194603F10103F9D549480268209230
:1029D000209AD507FAD5524A464842EA013198442E
:1029E0000160434A13682193219BDC07FAD5414BD0
:1029F0004C493F4A196013682293229BD807FAD5A5
:102A00003C4B494A3A4CDFF84491484E414D1A60DC
:102A10009A4623682393239BD907FAD5CAF80090D6
:102A200023682493249BDA07FAD5CAF80060236848
:102A30002593259BDB07FAD5CAF80050FFF756FE11
:102A40000130E6D12A4A13682693269BDC07FAD583
:102A5000284B3749264A196013682793279BD807C4
:102A6000FAD5244B3349224A196013682893289BCE
:102A7000D907FAD51F4B2A491D4A196013682993B3
:102A8000299BDB07FAD51B4B2B49194A19601368A0
:102A90002A932A9BDE07FAD5164B2849144A196057
:102AA00013682B932B9BDD07FAD51248244A104B51
:102AB000DFF89C90DFF89CE0224EDFF89CC00260BB
:102AC0001A682C922C9AD407FAD5C0F800901A688C
:102AD0002D922D9AD107FAD50849094DC0F800E08A
:102AE00000241A682E922E9AD207FAD5066035E095
:102AF000B0B0025080B0025000081251B4B0025081
:102B000088B0025000B00250E4B00250DCB0025075
:102B100080021249C0020249C01002290CB00250C2
:102B2000C0000C61C0011E41C0111E4980021E4937
:102B3000C0311C98C0100E21C030109840021249BC
:102B4000809184A800182651C0F00D61C0111E218B
:102B500040320C8840622488409224880A682F9270
:102B60002F9AD207FAD52A68D20460D401341A68A1
:102B70003092309AD207FAD5C0F800C0B1E7136896
:102B80000993099BDB07FAD5854B8649864A19606C
:102B900013680A930A9BDF07FAD5814B8349824A5F
:102BA000196013680B930B9BDE07FAD57C4B8049A9
:102BB0007D4A196013680C930C9BDD07FAD5784B9E
:102BC0007C497D4A196013680D930D9BDC07FAD58B
:102BD0007A4B754A1B68D80440F1928013680E93B3
:102BE0000E9BD907FAD56E4B75496F4A1960136869
:102BF0000F930F9BDB07FAD5694B72496A4A19603C
:102C000013681093109BDF07FAD5654B6E4A1A6064
:102C1000002054E0644A13680293029BDF07FAD550
:102C20005F4B6A4A1A6001203AB0BDE8F087002C79
:102C30003FD0A8EB0404012C33D0621E02F01F0128
:102C4000002A4FF00107B8BF04F11E028F40511156
:102C50001A683292329AD207FAD55D4A564C02600F
:102C600022683392339AD507FAD55A4A524C1568DE
:102C700022683492349AD207FAD5574C574A2944DD
:102C8000216017601A683592359AD207FAD5544AEE
:102C900002601A683692369AD507FAD5514A026010
:102CA0000EE71A683192319AD107FAD54E4A02607E
:102CB00006E707F00303032B40F0C58001203A4AE2
:102CC00013683793379BDC07FAD5354B4749364AAB
:102CD000196013683893389BD907FAD5304B4449AB
:102CE000354A196013683993399BDB07FAD5334BA2
:102CF0001B6813F4805F18BF01203AB0BDE8F0876D
:102D000013681193119BDE07FAD5254B39492A4ADE
:102D1000196013681293129BDD07FAD5274B1B68C5
:102D2000DC04C3F30030CAD51F4B1A681392139A00
:102D3000D107FAD51A4B304A1B491A600B68149315
:102D4000149BDA07FAD5164B1E4A17491A600B680E
:102D50001593159BDB07FAD5114B284A12491A60C7
:102D60000B681693169BDF07FAD50D4B244A0E49C4
:102D70001A600B681793179BDE07FAD5084B214A98
:102D800009491A600B681893189BDD07FAD5044BA4
:102D90001D4A1A603CE700203AB0BDE8F08700BF4A
:102DA00080B0025040120229B0B00250C01124611C
:102DB0008071109800181A51B4B0025088B00250B7
:102DC0008031022180211861C0601098C0000E413E
:102DD0000002224120B00250D4B00250D8B00250BC
:102DE00040821C98C0900C88C0700C8880310C8880
:102DF0000048185100981851805102294012107152
:102E0000C061249840021071C0901C88343A136845
:102E10000693069BDC07FAD5104B1149114A19603D
:102E200013680793079BD807FAD50C4B0E490D4A38
:102E3000196013680893089BD907FAD5074B0B4A0A
:102E40001A6000203BE707F00707052F4FF001004D
:102E50003FF435AFE8E64FF00008ADE580B0025032
:102E6000C0100221B0B0025080110C61C0601098F7
:102E7000F0B595B07D4C1A9E370347EA864747F078
:102E8000045545F0800526680096009EF607FAD5A1
:102E90001B9C764E920142EA0434754A44F0104479
:102EA000156044F4002432680192019AD507FAD5DE
:102EB0006F4A6E4E146047EA811747F010478A0147
:102EC00034680294029CE407FAD54FEA033C4CEACA
:102ED000834C674B654C1F604CF0045646F08006EF
:102EE00023680393039BDF07FAD5614B5F4C1E6099
:102EF00023680493049BDD07FAD55D4B5D4F5E4C60
:102F00005A4E1C6047EA81478C0433680593059B41
:102F1000DB07FAD5564B554E1F604CF0104C4CF465
:102F2000807C33680693069BDD07FAD5504E534DDF
:102F30004E4FC6F800C045EA801586013B680793EE
:102F4000079BDB07FAD54A4F4D4BDFF820C13D60A8
:102F500043EA003E0703DCF800300893089BDD07D6
:102F6000F9D5434DDFF828C1C5F800E01C9B30358A
:102F70004CEA834E2B680993099BDB07FAD53C4B3F
:102F80003A4DC3F800E02B680A930A9BDB07FAD599
:102F9000374B3C4DDFF8FCC01D60344D46EA0C0C4D
:102FA0002B680B930B9BDB07FAD5314B2F4DC3F8E6
:102FB00000C03E4346F0045646F400262B680C93AE
:102FC0000C9BDF07FAD52A4D2F4B2E6043EA804039
:102FD00030352B680D930D9BDE07FAD5244B234D1E
:102FE00018602B680E930E9BDB07FAD5204B274DFC
:102FF0001E481D60144344EA013444F004550E0396
:1030000003680F930F9BDF07FAD5194B17481D6014
:1030100044F0104403681093109BDB07FAD5144B5F
:1030200012481C6003681193119BDF07FAD5104BFF
:103030000E481D60164346F0245646F410160368E9
:103040001293129BDC07FAD5094B08481E600A430D
:1030500042F0484242F4A21203681393139BDB0729
:10306000FAD5034B1A6015B0F0BD00BFB0B00250E6
:1030700080B0025080200090802008210040102164
:1030800000011021802020298020002140212829B2
:1030900000410021024010C830B42D4C88B0206897
:1030A00000900098C507FAD52A4C2B482B4D256077
:1030B000303440EA834523680193019BD807FAD551
:1030C000900140EA8240234B214A1D6040F01044A9
:1030D00044F4C04413680293029BDB07FAD51D4BEE
:1030E0001B4A1C6013680393039BDD07FAD58B0111
:1030F00043EA8141174B1A4D1D60154A41F01045B6
:1031000045F4C04513680493049BDB07FAD5114BC3
:103110000F4A1D6013680593059BDD07FAD50D4B1B
:103120000B4A1C6041F0584113680693069BDC076C
:10313000FAD5084B064A196040F0584013680793C7
:10314000079BDB07FAD5034B186008B030BC70470B
:10315000B0B0025080B0025080710098C0210229A6
:10316000806118902DE9F04385B000284CD00E46C0
:1031700000294ED01546002A4DD0002B3FD0D0F864
:10318000BC22039305F14C0700F5B6731F3201F121
:10319000040905F10408CDE9018700935209494665
:1031A00000F592730446FEF75DFC0746A8B94FF49C
:1031B0003772214606F15000FDF744FB174B336090
:1031C00021464FF4377205F19400FDF73BFB144B99
:1031D0002B60384605B0BDE8F083002448463460D3
:1031E00021462C604C22FDF731FB404621469022BF
:1031F000FDF72CFB0B4F384605B0BDE8F0830A4FB6
:10320000384605B0BDE8F083084F384605B0BDE844
:10321000F083074FDDE7074FDBE700BF020000EC5C
:10322000010000EC3008F0000508F0000208F00092
:103230000308F0000408F000004870478CA0040068
:103240000048704768A304000048704744A6040083
:103250000048704720A9040000487047FCAB0400F8
:1032600000487047D8AE040000487047B4B104006D
:103270000048704790B40400004870476CB70400E1
:103280000048704748BA04000048704724BD040055
:103290000B460146184600F061BE000081F0004177
:1032A00002E000BF83F0004330B54FEA41044FEA2B
:1032B000430594EA050F08BF90EA020F1FBF54EAC6
:1032C000000C55EA020C7FEA645C7FEA655C00F062
:1032D000E2804FEA5454D4EB5555B8BF6D420CDD33
:1032E0002C4480EA020281EA030382EA000083EAB6
:1032F000010180EA020281EA0303362D88BF30BD56
:1033000011F0004F4FEA01314FF4801C4CEA1131AB
:1033100002D0404261EB410113F0004F4FEA03330A
:103320004CEA133302D0524263EB430394EA050F95
:1033300000F0A780A4F10104D5F1200E0DDB02FA04
:103340000EFC22FA05F2801841F1000103FA0EF298
:10335000801843FA05F359410EE0A5F120050EF15E
:10336000200E012A03FA0EFC28BF4CF0020C43FA8F
:1033700005F3C01851EBE37101F0004507D54FF09C
:10338000000EDCF1000C7EEB00006EEB0101B1F5EC
:10339000801F1BD3B1F5001F0CD349085FEA300032
:1033A0004FEA3C0C04F101044FEA445212F5800F3D
:1033B00080F09A80BCF1004F08BF5FEA500C50F1DA
:1033C000000041EB045141EA050130BD5FEA4C0CBD
:1033D000404141EB0101013C28BFB1F5801FE9D21A
:1033E00091F0000F04BF01460020B1FA81F308BF3D
:1033F0002033A3F10B03B3F120020CDA0C3208DD09
:1034000002F1140CC2F10C0201FA0CF021FA02F1E3
:103410000CE002F11402D8BFC2F1200C01FA02F153
:1034200020FA0CFCDCBF41EA0C019040E41AA2BF78
:1034300001EB0451294330BD6FEA04041F3C1CDA40
:103440000C340EDC04F11404C4F1200220FA04F060
:1034500001FA02F340EA030021FA04F345EA03010A
:1034600030BDC4F10C04C4F1200220FA02F001FACC
:1034700004F340EA0300294630BD21FA04F029464E
:1034800030BD94F0000F83F4801306BF81F48011E7
:103490000134013D4EE77FEA645C18BF7FEA655C5A
:1034A00029D094EA050F08BF90EA020F05D054EA2C
:1034B000000C04BF1946104630BD91EA030F1EBF31
:1034C0000021002030BD5FEA545C05D14000494135
:1034D00028BF41F0004130BD14F580043CBF01F528
:1034E000801130BD01F0004545F0FE4141F470010E
:1034F0004FF0000030BD7FEA645C1ABF19461046E9
:103500007FEA655C1CBF0B46024650EA013406BFE9
:1035100052EA033591EA030F41F4002130BD00BFA8
:1035200090F0000F04BF0021704730B54FF4806465
:1035300004F132044FF000054FF0000150E700BFE6
:1035400090F0000F04BF0021704730B54FF4806445
:1035500004F1320410F0004548BF40424FF0000132
:103560003EE700BF42004FEAE2014FEA31014FEA75
:1035700002701FBF12F07F4393F07F4F81F06051C4
:10358000704732F07F4208BF704793F07F4F04BF0F
:1035900041F40021704730B54FF4607401F00045EC
:1035A00021F000411CE700BF50EA010208BF70474C
:1035B00030B54FF000050AE050EA010208BF70473D
:1035C00030B511F0004502D5404261EB41014FF4A6
:1035D000806404F132045FEA915C3FF4D8AE4FF0AE
:1035E00003025FEADC0C18BF03325FEADC0C18BF91
:1035F000033202EBDC02C2F1200300FA03FC20FAE2
:1036000002F001FA03FE40EA0E0021FA02F114442E
:10361000BDE600BF70B54FF0FF0C4CF4E06C1CEA47
:1036200011541DBF1CEA135594EA0C0F95EA0C0FB8
:1036300000F0DEF82C4481EA030621EA4C5123EA2B
:103640004C5350EA013518BF52EA033541F480115A
:1036500043F4801338D0A0FB02CE4FF00005E1FB0D
:1036600002E506F00042E0FB03E54FF00006E1FB57
:1036700003569CF0000F18BF4EF0010EA4F1FF049A
:10368000B6F5007F64F5407404D25FEA4E0E6D41DA
:1036900046EB060642EAC62141EA55514FEAC520EB
:1036A00040EA5E504FEACE2EB4F1FD0C88BFBCF567
:1036B000E06F1ED8BEF1004F08BF5FEA500E50F118
:1036C000000041EB045170BD06F0004646EA0101DE
:1036D00040EA020081EA0301B4EB5C04C2BFD4EB10
:1036E0000C0541EA045170BD41F480114FF0000E09
:1036F000013C00F3AB8014F1360FDEBF002001F077
:10370000004170BDC4F10004203C35DA0C341BDCF0
:1037100004F11404C4F1200500FA05F320FA04F0C2
:1037200001FA05F240EA020001F0004221F00041F6
:1037300010EBD37021FA04F642EB06015EEA430E69
:1037400008BF20EAD37070BDC4F10C04C4F1200599
:1037500000FA04F320FA05F001FA04F240EA02004C
:1037600001F0004110EBD37041F100015EEA430E1D
:1037700008BF20EAD37070BDC4F1200500FA05F23D
:103780004EEA020E20FA04F301FA05F243EA0203BC
:1037900021FA04F001F0004121FA04F220EA0200CB
:1037A00000EBD3705EEA430E08BF20EAD37070BD11
:1037B00094F0000F0FD101F00046400041EB0101F1
:1037C00011F4801F08BF013CF7D041EA060195F0D3
:1037D000000F18BF704703F00046520043EB03038D
:1037E00013F4801F08BF013DF7D043EA060370477A
:1037F00094EA0C0F0CEA135518BF95EA0C0F0CD085
:1038000050EA410618BF52EA4306D1D181EA0301CA
:1038100001F000414FF0000070BD50EA410606BFC4
:103820001046194652EA430619D094EA0C0F02D109
:1038300050EA013613D195EA0C0F05D152EA03364E
:103840001CBF104619460AD181EA030101F000416C
:1038500041F0FE4141F470014FF0000070BD41F0B5
:10386000FE4141F4780170BD70B54FF0FF0C4CF48F
:10387000E06C1CEA11541DBF1CEA135594EA0C0FAE
:1038800095EA0C0F00F0A7F8A4EB050481EA030EFB
:1038900052EA03354FEA013100F088804FEA0333E2
:1038A0004FF0805545EA131343EA12634FEA0222B0
:1038B00045EA111545EA10654FEA00260EF0004171
:1038C0009D4208BF964244F1FD0404F5407402D2C3
:1038D0005B084FEA3202B61A65EB03055B084FEA54
:1038E00032024FF480104FF4002CB6EB020E75EB51
:1038F000030E22BFB61A754640EA0C005B084FEA79
:103900003202B6EB020E75EB030E22BFB61A7546F5
:1039100040EA5C005B084FEA3202B6EB020E75EB40
:10392000030E22BFB61A754640EA9C005B084FEAB8
:103930003202B6EB020E75EB030E22BFB61A7546C5
:1039400040EADC0055EA060E18D04FEA051545EAB4
:1039500016754FEA06164FEAC30343EA52734FEA5D
:10396000C2025FEA1C1CC0D111F4801F0BD141EAD6
:1039700000014FF000004FF0004CB6E711F4801F3B
:1039800004BF01430020B4F1FD0C88BFBCF5E06F1B
:103990003FF6AFAEB5EB030C04BFB6EB020C5FEA2B
:1039A000500C50F1000041EB045170BD0EF0004E80
:1039B0004EEA113114EB5C04C2BFD4EB0C0541EAB2
:1039C000045170BD41F480114FF0000E013C90E6AF
:1039D00045EA060E8DE60CEA135594EA0C0F08BF73
:1039E00095EA0C0F3FF43BAF94EA0C0F0AD150EA72
:1039F00001347FF434AF95EA0C0F7FF425AF104605
:103A000019462CE795EA0C0F06D152EA03353FF42C
:103A1000FDAE1046194622E750EA410618BF52EAA9
:103A200043067FF4C5AE50EA41047FF40DAF52EA7D
:103A300043057FF4EBAE12E74FF0FF3C06E000BF1A
:103A40004FF0010C02E000BF4FF0010C4DF804CD27
:103A50004FEA410C7FEA6C5C4FEA430C18BF7FEAE7
:103A60006C5C1BD001B050EA410C0CBF52EA430C15
:103A700091EA030F02BF90EA020F0020704710F195
:103A8000000F91EA030F58BF994208BF90422CBF24
:103A9000D8176FEAE37040F0010070474FEA410C1D
:103AA0007FEA6C5C02D150EA013C07D14FEA430C3B
:103AB0007FEA6C5CD6D152EA033CD3D05DF8040BAC
:103AC000704700BF8446104662468C4619466346DE
:103AD00000E000BF01B5FFF7B7FF002848BF10F1B5
:103AE000000F01BD4DF808EDFFF7F4FF0CBF0120FA
:103AF00000205DF808FB00BF4DF808EDFFF7EAFF76
:103B000034BF012000205DF808FB00BF4DF808ED30
:103B1000FFF7E0FF94BF012000205DF808FB00BF25
:103B20004DF808EDFFF7CEFF94BF012000205DF8AF
:103B300008FB00BF4DF808EDFFF7C4FF34BF0120BC
:103B400000205DF808FB00BF4FEA4102B2F1E043FC
:103B500024BFB3F5001CDCF1FE5C0DD901F0004C74
:103B60004FEAC0024CEA5070B2F1004F40EB8300C4
:103B700008BF20F00100704711F0804F21D113F1F0
:103B80003872BCBF01F00040704741F480114FEA29
:103B90005252C2F11802C2F1200C10FA0CF320FAB2
:103BA00002F018BF40F001004FEAC1234FEAD323CF
:103BB00003FA0CFC40EA0C0023FA02F34FEA430339
:103BC000CCE77FEA625307D150EA01331EBF4FF0C2
:103BD000FE4040F44000704701F0004040F0FE40DD
:103BE00040F40000704700BF53B94AB9002908BF2C
:103BF00000281CBF4FF0FF314FF0FF3000F082B9BA
:103C0000ADF1080C6DE904CE00F01AF8DDF804E01F
:103C1000DDE9022304B07047430803F05533C01AAE
:103C2000830803F0333300F03330184400EB1010F6
:103C300000F00F3000EB002000EB0040000E70475A
:103C40002DE9F047089D04468C46002B40F0838008
:103C50008A42174647D9B2FA82F242B1C2F1200035
:103C600024FA00F09140974040EA010C94404FEA5A
:103C70001748230CBCFBF8F61FFA87FE08FB16C199
:103C800043EA014306FB0EF1994209D9FB1806F1FC
:103C9000FF3080F01981994240F21681023E3B4488
:103CA0005B1AA4B2B3FBF8F008FB103344EA0344F8
:103CB00000FB0EFEA64509D93C1900F1FF3380F048
:103CC0000581A64540F2028102383C4440EA0640A4
:103CD000A4EB0E0400261DB1D4400023C5E9004327
:103CE0003146BDE8F08702B9FFDEB2FA82F2002A5F
:103CF00050D1CB1B4FEA174E1FFA87F80126B3FBB2
:103D0000FEFC210C0EFB1C3341EA034108FB0CF3C3
:103D10008B4207D979180CF1FF3002D28B4200F2A6
:103D2000E9808446C91AA3B2B1FBFEF00EFB101164
:103D300043EA014408FB00F8A04507D93C1900F10B
:103D4000FF3302D2A04500F2D9801846A4EB080444
:103D500040EA0C40BFE78B4209D9002D00F0B1804A
:103D60000026C5E9000130463146BDE8F087B3FAC8
:103D700083F6002E4AD18B4202D3824200F2B880F1
:103D8000841A61EB030101208C46002DA8D0C5E9FF
:103D9000004CA5E7C2F1200320FA03F6974001FA90
:103DA00002F04FEA174ED9403043030CB1FBFEF648
:103DB0001FFA87F80EFB161143EA014306FB08F1D0
:103DC000994204FA02F409D9FB1806F1FF3C80F08D
:103DD0008D80994240F28A80023E3B445B1A81B258
:103DE000B3FBFEF00EFB103341EA034100FB08F386
:103DF0008B4207D9791800F1FF3C73D28B4271D9FD
:103E000002383944CB1A40EA064678E7C6F1200C5E
:103E100003FA06F422FA0CF31C4320FA0CF701FA19
:103E200006F34FEA144E21FA0CF11F433B0CB1FB91
:103E3000FEF91FFA84F80EFB191143EA014109FB50
:103E400008FA8A4502FA06F200FA06F308D9611860
:103E500009F1FF3048D28A4546D9A9F10209214427
:103E6000A1EB0A01BFB2B1FBFEF00EFB101147EA55
:103E7000014700FB08F8B84507D9E71900F1FF3101
:103E80002ED2B8452CD90238274440EA0940A7EB86
:103E90000807A0FB02894F45C64649461AD317D0EA
:103EA0005DB1B3EB0E0267EB010707FA0CFCF240C1
:103EB0004CEA0202F740C5E9002700263146BDE87A
:103EC000F0872E4628460BE70646E9E61846FDE64B
:103ED0004345E5D2B8EB020E69EB04010138DFE798
:103EE0000846D2E760468DE78146B9E7664675E742
:103EF00030464AE7ACF1020C394413E702383C443F
:103F000024E700BF704700BF1FB514461A46094B8F
:103F10001B680546D8684CB1074B0091CDE90134C8
:103F200006492B4600F042F802F086F8044B1C4686
:103F3000F3E700BF8C61002000C004000DC0040046
:103F40003BC00400002101F081BE0A22002101F0E3
:103F500005BF0A22002101F001BF000010B5054C89
:103F600013462CB10A4601460220AFF3008010BD73
:103F70002046FCE700000000014B1868704700BFB6
:103F80008C61002008B5074B044613B10021AFF344
:103F90000080054B1868836A03B19847204604F0F7
:103FA00097FF00BF000000003CC004000EB403B542
:103FB000014603AB054853F8042B0068019300F059
:103FC00055F902B05DF804EB03B070478C61002036
:103FD00070B50D4D0D4C641BA4100026A64209D1EE
:103FE0000B4D0C4C04F076FF641BA4100026A64277
:103FF00005D170BD55F8043B98470136EEE755F8FA
:10400000043B98470136F2E76063002060630020BC
:104010006063002084630020024B1844407800F065
:1040200008007047D8C00400024B0146186800F031
:1040300099B800BF8C610020024B0146186800F05F
:1040400041B800BF8C61002030B501390024A24284
:1040500001D1002005E0035D01340D5DAB42F6D0D7
:10406000581B30BD0A44914200F1FF3300D1704724
:1040700010B511F8014B03F8014F9142F9D110BD71
:10408000884210B501EB020402D98442234607D8C6
:10409000431EA14208D011F8012B03F8012FF8E7C5
:1040A000024401468A4200D110BD13F8014D02F8C6
:1040B000014DF7E702440346934200D1704703F8ED
:1040C000011BF9E737B5002948D051F8043C0190AD
:1040D000002BA1F10404B8BFE41803F029FC204A26
:1040E00001981368154633B96360146003B0BDE8E6
:1040F000304003F023BCA3420BD9216862189342DD
:1041000004BF1A685B68636004BF521822602C60A9
:10411000ECE71A465B680BB1A342FAD9116855184F
:10412000A5420BD1246821445418A3421160DDD16B
:104130001C685B68536021441160D7E702D90C23E7
:104140000360D3E7256861198B4204BF19685B6877
:10415000636004BF491921605460C7E703B030BDF4
:10416000C8A10020F8B5CD1C25F0030508350C2D9D
:1041700038BF0C25002D064601DBA94203D90C23CC
:1041800033600020F8BD03F0D3FB21490A681446D0
:104190009CB9204F3B6823B92146304600F008FE09
:1041A00038602946304600F003FE431C23D10C231F
:1041B0003360304603F0C2FBE3E723685B1B17D490
:1041C0000B2B03D923601C44256004E06368A242E2
:1041D0000CBF0B605360304603F0B0FB04F10B00E2
:1041E000231D20F00700C21ACCD01B1AA350C9E728
:1041F00022466468CCE7C41C24F00304A042E3D048
:10420000211A304600F0D4FD0130DDD1CFE700BFE8
:10421000C8A10020CCA100209368013B002B10B462
:10422000936008DA9469A34201DB0A2903D15DF89F
:10423000044B01F02FBE1368581C1060197008461B
:104240005DF8044B7047F8B506460F461446D5187E
:10425000AC4201D1002007E014F8011B3A46304679
:10426000FFF7DAFF431CF3D1F8BD00002DE9F04F52
:104270000D469DB014469846064618B183690BB9A1
:1042800002F076FE894B9D421BD175686B6ED90793
:1042900005D4AB899A0502D4A86D03F068FAAB89FE
:1042A0001B0701D52B69EBB92946304601F056FEB4
:1042B000C0B16B6EDC070ED54FF0FF301DB0BDE80E
:1042C000F08F7B4B9D4201D1B568DFE7794B9D4272
:1042D00008BFF568DAE7AB899805EDD4A86D03F05F
:1042E00047FAE9E70023099320238DF82930CDF818
:1042F0000C803023DFF8C0818DF82A304FF001099F
:1043000023469A4613F8012B0AB1252AF9D1BAEBB4
:10431000040B0BD05B46224629463046FFF793FF3D
:10432000013000F0AA80099A5A4409929AF80030A4
:10433000002B00F0A28000234FF0FF32CDE90523CF
:104340000AF1010A049307938DF853301A935446E7
:10435000052214F8011B584803F09AFA049AD8B9B8
:10436000D10644BF20238DF85330130744BF2B23BD
:104370008DF853309AF800302A2B15D0079A5446FE
:1043800000204FF00A0C214611F8013B303B092B6D
:104390004ED9B0B1079214E0A0EB080309FA03F379
:1043A00013430493A246D2E7039B191D1B68039194
:1043B000002BBBBF5B4242F0020207930793B8BFDA
:1043C000049223782E2B0CD163782A2B35D1039BB2
:1043D0001A1D1B680392002BB8BF4FF0FF33023445
:1043E0000593DFF8E4A021780322504603F050FA49
:1043F00040B14023A0EB0A0003FA00F0049B034302
:104400000134049314F8011B2C488DF8281006225F
:1044100003F03EFA00283FD0294B1BBB039B073318
:1044200023F0070308330393099B3B44099367E791
:104430000CFB02320C460120A5E700230134059352
:1044400019464FF00A0C204610F8012B303A092A81
:1044500003D9002BC5D00591C3E70CFB012104460D
:104460000123F0E703AB00932A46164B04A930461C
:1044700000F0CCF80746781CD6D16B6ED90705D46E
:10448000AB899A0502D4A86D03F072F9AB895B067B
:104490003FF512AF099811E703AB00932A46094B89
:1044A00004A9304600F056FBE4E700BF08C2040050
:1044B00028C20400E8C1040040C004004AC004004F
:1044C0000D4604004742040046C004002DE9FF47A2
:1044D00055EC104B002D0E4619462B46BBBF05F17F
:1044E00000431D4600232D230B700D9BDDF830A0EB
:1044F000914623F02008BCBF22461446B8F1460F6F
:1045000005D0B8F1450F00D10136022100E00321AA
:1045100003AB019302AB009345EC104B534632467C
:1045200001F02EFEB8F1470F074602D119F0010F36
:1045300022D0B8F1460F07EB060910D13B78302B9B
:104540000AD10022002320462946FFF7CBFA18B9EA
:10455000C6F10106CAF80060DAF80030994400227A
:10456000002320462946FFF7BDFA08B1CDF80C908C
:104570003022039B4B4507D3039B0E9ADB1B384627
:10458000136004B0BDE8F087591C03911A70F0E77E
:10459000F7B503460029B8BF494203F8022BB4BF60
:1045A0002D222B22092942702ADD0DF10704A44691
:1045B0000A27A6460A4691FBF7F607FB1615303583
:1045C000632A04F1FF340EF8015C3146F1DC30312E
:1045D000AEF1020504F8011C441C294661450AD3CA
:1045E0000DF10902A2EB0E02654588BF00221344BB
:1045F000181A03B0F0BD11F8012B04F8012FEDE7F4
:10460000302330318370C170031DF1E72DE9F04F85
:104610002DED028B8DB00C46DDF8608016461F46EE
:10462000054603F09FF8D0F800A0504600F096FC35
:1046300000230A9323680593D8F8003094F818B043
:10464000073323F0070303F10802C8F80020D3E979
:104650000023C4E91223D4E9128929F00043079307
:10466000CDF8188008EE100A9F4BDDE906014FF0E7
:10467000FF3204F061FB88BBDDE906019A4B4FF085
:10468000FF32FFF743FA48BB002200234046494669
:10469000FFF732FA10B12D2384F84330934B94483E
:1046A000BBF1470F94BF9846804603232361059BC7
:1046B00023F0040222604FF00009009733460BAA52
:1046C0002146284600F0D8F9013040F090804FF0A4
:1046D000FF300DB0BDEC028BBDE8F08F42464B467B
:1046E0004046494604F028FB40B14B46002BBCBF76
:1046F0002D2384F843307F487F4BD1E763680BF06C
:10470000DF0206925A1C3FD106236360059B616855
:1047100043F48062002303930AABCDE901B309ABF4
:1047200049EC108B009322600DF123032846FFF71C
:10473000CDFE069B0999472B804608D1C81C02DB99
:104740006368994241DDABF1020B5FFA8BFBBBF171
:10475000650F20D801395A4604F150000991FFF73E
:1047600017FF0A9A1318012A8146236102DC226886
:10477000D20701D5013323619DF82330002B9CD053
:104780002D2384F8433098E7069A472ABED1002BA0
:10479000BCD10123B9E7BBF1660F18D100296368CA
:1047A0000BDD216113B92268D00702D501330B4418
:1047B0002361A1654FF00009DEE713B92268D20733
:1047C00001D50233F4E70123F2E74FF0670B0A9BB0
:1047D000994205DB23682161D807EAD54B1CE7E73E
:1047E0000029D4BFC1F1020201221344E0E723688B
:1047F0005A0507D42369424631462846B847013056
:104800002CD164E7BBF1650F40F2E080D4E91201DE
:1048100000220023FFF766F9002834D0374A01232D
:1048200031462846B84701303FF451AFDDE909234E
:104830009A4202DB2368D80710D518EE103A524688
:1048400031462846B84701303FF441AF4FF00008E9
:1048500004F11A090A9B013B434509DC23689B07C5
:1048600000F10581E0680B9B9842B8BF184630E71D
:1048700001234A4631462846B84701303FF427AF66
:1048800008F10108E6E7099B002B39DC1B4A0123EC
:1048900031462846B84701303FF419AFDDE9092316
:1048A000134302D12368D907D8D518EE103A5246DF
:1048B00031462846B84701303FF409AF4FF00009B0
:1048C00004F11A0A099B5B424B4501DC0A9B92E703
:1048D0000123524631462846B84701303FF4F7AE2F
:1048E00009F10109EEE700BFFFFFEF7F51C00400AF
:1048F00055C004005DC0040059C0040060C304003A
:104900000A9AA36D9A42A8BF1A46002A914637DC3C
:104910004FF0000B29EAE97904F11A02A36D05931F
:10492000A3EB09035B4533DCDDE909239A423BDB5A
:104930002368DA0738D40A9A059B0999D31AA2EB9F
:1049400001099945A8BF9946B9F1000F35DC4FF030
:10495000000829EAE97904F11A0ADDE909239B1A1A
:10496000A3EB090343457FF779AF01235246314654
:104970002846B84701303FF4AAAE08F10108ECE739
:104980001346314642462846B8470130C0D19EE61C
:104990000123314628460592B84701303FF497AECF
:1049A000059A0BF1010BB9E718EE103A5246314661
:1049B0002846B8470130BED189E6059A4B464244A5
:1049C00031462846B8470130C1D180E60A9A012A0B
:1049D00001DCDB0738D50123424631462846B8477B
:1049E00001303FF474AE18EE103A52463146284674
:1049F000B84701303FF46BAED4E912010022002326
:104A0000FFF770F8D8B90A9B08F10102013B314663
:104A10002846B84701300ED159E6012352463146A7
:104A20002846B84701303FF452AE08F101080A9B0E
:104A3000013B4345F1DC4B4604F15002DCE64FF00C
:104A4000000804F11A0AF2E701234246DFE70123D6
:104A50004A4631462846B84701303FF438AE08F19F
:104A60000108E3680B995B1A4345F0DCFAE64FF066
:104A7000000804F11909F4E72DE9F04716469946B4
:104A80008A680B69DDF820809342B8BF1346336013
:104A900091F8432007460C460AB10133336023687E
:104AA000990642BF336802333360256815F0060566
:104AB00006D104F1190AE36832689B1AAB4226DC7E
:104AC00094F84320131E226818BF012392062BD4AA
:104AD00004F1430249463846C04701301ED02368DE
:104AE000E568326803F00603042B08BFAD1AA3681B
:104AF00022690CBF25EAE57500259342C4BF9B1AC5
:104B0000ED1800261A34B5421AD1002008E001231E
:104B1000524649463846C047013003D14FF0FF3076
:104B2000BDE8F0870135C6E7E1185A1C302081F84E
:104B30004300224494F8451082F843100233C7E73B
:104B40000123224649463846C0470130E6D00136A7
:104B5000D9E700002DE9FF470C469146277E0C99C6
:104B6000782F80469A4604F1430207D8622F0AD86C
:104B7000002F00F0D880582F00F0A38004F14206E7
:104B800084F842703AE0A7F16303152BF6D801A030
:104B900050F823F0ED4B0400014C04007D4B040061
:104BA0007D4B04007D4B04007D4B0400014C040050
:104BB0007D4B04007D4B04007D4B04007D4B0400C5
:104BC0000D4D0400314C0400EF4C04007D4B0400FB
:104BD0007D4B04002F4D04007D4B0400314C04003C
:104BE0007D4B04007D4B0400F74C04000B681A1D3C
:104BF0001B680A6004F1420684F842300123A3E0F6
:104C0000256808682E0600F104030AD505680B60C4
:104C1000002D03DA2D236D4284F843305E480A23C9
:104C200019E015F0400F05680B6018BF2DB2EFE7D3
:104C30000B682568181D0860280601D51D6802E06C
:104C40006906FBD51D8854486F2F0CBF08230A2323
:104C5000002184F843106668A660002EA2BF216878
:104C600021F0040121600DB9002E4DD01646B5FB90
:104C7000F3F103FB1157C75D06F8017D2F46BB42D8
:104C80000D46F4D9082B0BD12368DF0708D523691B
:104C900061689942DEBF302306F8013C06F1FF3619
:104CA000921B2261CDF800A04B4603AA2146404644
:104CB000FFF7E2FE01304CD14FF0FF3004B0BDE809
:104CC000F087354884F8457023680E681F0656F84B
:104CD000045B0E6014D5D90744BF43F02003236062
:104CE0001DB9236823F0200323601023B0E7236855
:104CF00043F0200323607823284884F84530E3E715
:104D00005E0648BFADB2E6E71646BBE70B6826680D
:104D100060691D1D0D6035061B6801D5186002E035
:104D20007106FBD51880002323611646BAE70B688D
:104D30001A1D0A601E6862680021304602F0A8FD54
:104D400008B1801B606063682361002384F84330EE
:104D5000A8E72369324649464046D0470130ABD0E8
:104D600023689B0713D4E068039B9842B8BF18469A
:104D7000A4E70123324649464046D04701309BD044
:104D80000135E36803995B1AAB42F2DCEBE70025DF
:104D900004F11906F5E700BF61C0040072C0040009
:104DA000024B0A460146186803F01CBA8C610020C9
:104DB00038B5064D0023044608462B60F8F7F6FE8A
:104DC000431C02D12B6803B1236038BD18A2002018
:104DD0000EB400B59CB01DAB029006906FF0004180
:104DE000094807910491094953F8042B059100687B
:104DF000019302A903F078FA029B00221A701CB0FA
:104E00005DF804EB03B070478C6100200802FFFFDF
:104E10000EB410B59FB021AC4FF4017154F8042BBF
:104E20000192ADF81C100490089000F097F80C4B1C
:104E3000059009900D930B48019A00680394002394
:104E4000119316934FF6FF73ADF81E3004A9234655
:104E500003F0A4FB1FB0BDE8104003B0704700BFD3
:104E60008B4E04008C61002010B50C46B1F90E1079
:104E700003F058FE0028ABBF636DA3891B1823F411
:104E80008053ACBF6365A38110BD002070472DE93E
:104E9000F0411F468B89DB0505460C46164605D5B5
:104EA000B1F90E100223002202F064FCA389B4F9C8
:104EB0000E1023F48053A38132463B462846BDE8BA
:104EC000F04101F039B810B50C46B1F90E1002F0FE
:104ED00051FC431CA38915BF606523F4805343F440
:104EE0008053A38118BFA38110BDB1F90E1001F04A
:104EF000ABB810B50246147813460132002CFAD133
:104F0000013B11F8012B03F8012F002AF9D110BD44
:104F1000C9B2034610F8012B1AB18A42F9D11846DA
:104F20007047002918BF0023F9E7034611F8012B49
:104F300003F8012B002AF9D1704770B503461E46CD
:104F400013F8014B44B14A1E01E0A54204D012F807
:104F5000015F002DF9D1F2E7301A70BD034613F856
:104F6000012B002AFBD1181A0138704710B56AB11D
:104F70000139841810F8013B11F8012F934203D135
:104F8000A04201D0002BF5D1981A10BD1046FCE7C5
:104F900010B50139034632B111F8014F03F8014B46
:104FA000013A002CF7D11A440021934200D110BDE0
:104FB00003F8011BF9E738B503460C4669B9BDE8AB
:104FC0003840FFF7A5BF431C054621461846FFF7AA
:104FD0009FFF0028F7D1284638BD0025F5E770B5BA
:104FE00003461E4613F8014B3CB14A1E01E0A542A0
:104FF000F7D012F8015F002DF9D1301A70BD70B5ED
:1050000004460D4645EC104B164602F099FF51EC54
:10501000100B7EB1C5F30A53C3F16B03002B09DDFE
:105020001B0503F17F55002405F5401522462B464C
:10503000FEF7F0FA70BD00002DE9F04FA3B01F4657
:1050400000231E93A44B19921B680793044618462D
:105050008846FFF783FF4FF0000A05464FF0000B2C
:10506000CDF874801D9B1A782B2A4CD039D80D2A84
:1050700032D8082A32D8002A3CD000230E931D9E35
:105080003378302B40F0B480737803F0DF03582B73
:105090006CD10E9B01931EAB029700938F4A1FABFE
:1050A0001DA9204602F068F810F00707054605D054
:1050B000062F2AD1013600231D960E93199B002B33
:1050C00040F096850E9BDBB152460BF1004343EC5A
:1050D000102B23B0BDE8F08F202ACED101331D93D1
:1050E000C0E72D2AC9D101220E925A1C1D925B786D
:1050F000002BC4D1199BCDF87480002B40F076852D
:1051000052465B46E3E70022EEE71E9A3AB13521AC
:1051100020A803F014F81E99204602F049FC013F34
:10512000052F07D8DFE807F00E0B181D0E034FF010
:10513000000BDA462807C1D54BF0004BBEE7DDE98E
:1051400020ABF7E7DDE920A31F9A23F4801302F2D6
:10515000334243EA025BEDE7DFF884B14FF0000A27
:10516000E8E76FF0004B4FF0FF3AE3E71D9B5A1C56
:105170001D925B78302BF9D0002B9FD001234FF08C
:10518000000904931D9B0A93CDF824904F460A22F0
:105190001D980678A6F13003D9B209292AD90799B2
:1051A0002A46FFF7E3FE98B3002033463D460790BA
:1051B0000246652B01D0452B18D11DB9049B034332
:1051C00098D00025DDF8748008F101031D9398F84C
:1051D00001302B2B75D02D2B7BD04FF0000CA3F181
:1051E0003001092940F28280CDF8748000269DE0CC
:1051F0000023C4E7082FD8BF099900F10100DABFE6
:1052000002FB0133099302FB093901371D90BFE707
:105210001D9B5A191D925B5D002F37D007903D46AC
:10522000A3F13002092A12D90122C2E71D9B5A1CA0
:105230001D925B780130302BF8D0A3F13102082A9F
:1052400000F2DB841D9A079000200A920546303B4D
:1052500000F1010214D00799114407912A4600EB8E
:10526000050E0A21724513D12A18082A05F10105F5
:1052700005441CDC09990A2202FB01330993002230
:105280001D9B591C1D915B781046C9E73846D2E733
:10529000082A04DC099E4E4309960132E2E702F136
:1052A000010CBCF1100FD8BF01FB09F9F5E7102D77
:1052B000DCBF0A2202FB0939E1E700230793012240
:1052C0007CE74FF0000C08F102031D9398F80230C0
:1052D00085E74FF0010CF6E74CC2040084C00400DF
:1052E0000000F07F1D9B591C1D915B78302BF9D07D
:1052F000A3F1310108293FF679AFA3F1300E1D9BD0
:1053000008931D9B591C1D915B78A3F13006092E53
:1053100037D9089E891B082944F61F6602DC7645AA
:10532000A8BF7646BCF1000F00D07642002D4FD1C9
:10533000049901437FF4C2AE002A7FF4DBAE692BEF
:1053400027D024DC492B24D04E2B7FF4D3AE9E49AA
:105350001DA802F057F900283FF4CCAE1D9B1B7826
:10536000282B2DD1994920AA1DA802F05FF9052804
:1053700026D1219BDDF880A043F0FF4B4BF4E00BDE
:105380009CE60A2101FB0E3EAEF1300EB9E76E2B12
:10539000DBE78F491DA802F035F900283FF4AAAEDB
:1053A0001D9B8C49013B1DA81D9302F02BF910B9E0
:1053B0001D9B01331D93DFF82CB24FF0000A7DE6F0
:1053C000854803F0C1FB8DED040BDDE904AB75E608
:1053D000079B0998F31A002F08BF2F46102D08933A
:1053E000A846A8BF4FF01008FEF79AF8092D82468C
:1053F0008B4613DD794B03EBC80353E91223FEF709
:1054000009F9824648468B46FEF78AF802460B4663
:1054100050465946FDF748FF82468B460F2D38DC33
:10542000089B002B3FF44AAE24DD162B0BDC6B4DA2
:1054300005EBC305D5E9000152465B46FEF7EAF8E5
:1054400082468B463AE6089AC5F12503934220DB53
:10545000624CC5F10F0504EBC50152465B46D1E92C
:105460000001FEF7D7F8089B5D1B04EBC504D4E9E7
:105470000023E3E7089B16330BDB079B574A9E1B71
:1054800002EBC606D6E9002350465946FEF7ECF972
:10549000D6E7089BA5EB08089844B8F1000F71DD2A
:1054A00018F00F030AD04D4901EBC30152465B4689
:1054B000D1E90001FEF7AEF882468B4638F00F08BE
:1054C0004DD0B8F59A7F22DD00252E460995079527
:1054D0002223DFF810B123604FF0000A099B002B54
:1054E0003FF4ECAD1E99204602F062FA079920467F
:1054F00002F05EFA3146204602F05AFA0999204637
:1055000002F056FA2946204602F052FAD6E5002368
:105510004FEA2818504659469946B8F1010F21DC48
:105520000BB182468B462E4BABF1547B03EBC90982
:1055300052465B46D9E90001FEF76CF8294B0A4652
:105540000B4029498B428246BED8A1F580118B427F
:1055500086BFDFF898B04FF0FF3A02F1547B00238A
:10556000049381E018F0010F07D01D4B03EBC90332
:10557000D3E90023FEF74EF8012309F101094FEAB0
:105580006808CAE7EBD0C8F1000818F00F020AD08B
:10559000124B03EBC20350465946D3E90023FEF7F2
:1055A00063F982468B465FEA2818D8D0B8F11F0FFE
:1055B0001EDD00252E460995079522234FF0000A8F
:1055C0004FF0000B236089E75EC0040098C0040020
:1055D00056C00400DCC104003BC0040088C20400C3
:1055E00060C204000000F07F0000A07CFFFFEF7F9E
:1055F00018F0100318BF6A23DFF8B49304935046E1
:105600005946002318F0010F04D0D9E90023FEF712
:1056100001F801235FEA680809F10809F2D10BB12A
:1056200082468B46049BBBB1CBF30A53C3F16B0399
:10563000002B594610DD1F2B40F32881342BDEBF91
:10564000203B4FF0FF3202FA03F34FF0000ACCBFC9
:105650004FF05C7B03EA010B0022002350465946C1
:10566000FEF740FA0028A4D1099B00930A992B4623
:105670003A46204602F0F1F9099000283FF424AFA1
:10568000079B9E1B089B002BB4BF3346002310933F
:10569000089B002523EAE37318932E46099B2046B6
:1056A000596802F051F9079000283FF411AF099BA7
:1056B0001A69023203F10C0192000C30FEF7D2FCA1
:1056C0004BEC10AB20AA1FA92046CDE90AAB02F093
:1056D000B3FC1E9000283FF4FBAE0121204602F0EF
:1056E0004AFA064600283FF4F3AE1F9B0499002BAC
:1056F000ABBF109A189A189FDDF84090ACBF03EB2F
:105700000209D71A209AA3EB01089044A34B08F191
:10571000FF389845C2F1360280F2CC80A3EB080333
:105720001F2BA2EB03024FF0010100F3B68001FA38
:1057300003F3119300230C9309EB0208049BC1456A
:1057400017441F444B46A8BF4346BB42A8BF3B4635
:10575000002BC2BFA8EB0308FF1AA9EB0309109B9B
:10576000002B17DD31461A46204602F0A9FA0646FC
:1057700000283FF4ADAE01461E9A204602F004FA1E
:105780000F9000283FF4A4AE1E99204602F010F9B5
:105790000F9B1E93B8F1000F00F39180089B002B24
:1057A00008DD189A0799204602F08AFA0790002827
:1057B0003FF48EAE002F08DD07993A46204602F0EE
:1057C000CDFA079000283FF483AEB9F1000F08DD51
:1057D00031464A46204602F0C1FA064600283FF408
:1057E00077AE079A1E99204602F033FB0546002843
:1057F0003FF46EAEC3680F930023C360314602F0DE
:105800000CFB002865DA0F9B53EA0A0340F08780FF
:10581000CBF31303002B40F082802BF000431B0DD1
:105820001B05B3F1D66F7AD96B6913B92B69012BBC
:1058300075DD29460122204602F090FA31460546E0
:1058400002F0EBFA00286ADD0499554A5B4600290C
:1058500000F0858002EA0B01B1F1D66F7FDCB1F177
:105860005C7F7FF7AAAE4F4A0023CDE9163250463F
:10587000DDE916235946FDF7CDFE0B46034308BF6D
:10588000222382468B4608BF23602BE64FF0FF326F
:1058900002FA03F303EA0A0ADEE6C8F17F4808F5D4
:1058A0007F0808F57B4808F1E20801FA08F30C9339
:1058B000119141E700230C93012311933CE71E99BA
:1058C0004246204602F04AFA1E9000287FF466AF56
:1058D000FEE55F466ED10F9ACBF3130342B3324A13
:1058E000934228D1049B5046EBB12D4A3A40B2F185
:1058F000D46F4FF0FF3119D8120DC2F16B0301FACA
:1059000003F3984217D1294B9F4202D101303FF453
:10591000DFAD234B3B4003F5801B4FF0000A049B97
:10592000002BA0D1DEE54FF0FF33EAE70B46E8E7B6
:1059300053EA0A0388D00C9BDBB13B42EFD00F9BAC
:10594000049A50465946C3B1FFF759FB02460B462D
:10595000DDE90A01FDF7A8FC82468B46DFE713402C
:10596000A3F580136FEA135B6FEA0B5B4FF0FF3A0E
:10597000D5E7119B13EA0A0FE0E7FFF740FB024669
:105980000B46DDE90A01FDF78DFC0022002382466B
:105990008B46FEF7A7F80028C1D00EE602FCFFFFF9
:1059A0000000F07F00005039FFFF0F00FFFFEF7F86
:1059B000B0C004003146284602F08EFB59EC108B33
:1059C00010EE100A00224FF080434946FEF79EF881
:1059D00000287CD00F9B002B4CD0954B0022CDE9AA
:1059E0000C23DFF84C924FF00008924B3B40119390
:1059F000119A914B9A4240F0B280DDE90A23DDE929
:105A00000C01A7F1547B4BEC10ABCDE91623CDE98B
:105A10000C0102F095FADDE90C0153EC102BFDF7B7
:105A2000F9FD52465B46FDF73FFC0B468149834A30
:105A30001940914282465ED90B9B02F15472934207
:105A400003D10A9B01333FF443ADDFF8FCB14FF0C3
:105A5000FF3A1E99204601F0ABFF0799204601F05E
:105A6000A7FF3146204601F0A3FF2946204601F05A
:105A70009FFF13E6BAF1000F1BD1CBF31303F3B969
:105A80006B4B002240464946FEF736F8D0B94046F7
:105A900049466B4B0022FDF7BDFD8046894609F162
:105AA0000043CDF868801B93DDE91A23CDE90C2370
:105AB0009BE7BAF1010F02D1002F3FF47EAD614B9D
:105AC00000228CE7DFF878914FF00008E7E75C4BA5
:105AD000404649460022FDF79DFD0F9B80468946C2
:105AE00033B901F1004312901393DDE91223DDE78E
:105AF000CDE91289F9E703F1547B049B002BA8D16F
:105B00002BF00043119A1B0D1B059A42A1D1404670
:105B1000494603F06FF9FDF74FFD02460B4640463C
:105B20004946FDF7BFFB0F9ACBF3130343EA0A0381
:105B300013438046894653D035A3D3E90023FDF7AC
:105B4000DBFF00287FF4CEAC33A3D3E9002340462B
:105B50004946FDF7EFFF00283FF47BAFC2E4049B0A
:105B600033B3119BB3F1D46F22D82DA3D3E9002313
:105B700040464946FDF7CAFFA0B14946404603F0FA
:105B800019F9012838BF0120FDF7CAFC0F9B804698
:105B9000894613BB01F1004314901593DDE91423EA
:105BA000CDE90C230D9B119A03F1D6639B1A0D933B
:105BB000DDE90C019DED0A0BCDE90C0102F0C0F905
:105BC000DDE90C0153EC102BFDF724FDDDE90A2380
:105BD000FDF76AFB82468B468FE7CDE91489DDE746
:105BE00011A3D3E90023FDF787FFB4E700230E9349
:105BF000199A1D9B1360FFF765BA652B3FF45DABE7
:105C0000452B3FF45AAB0122FFF792BBAFF3008064
:105C10009535A094FFFFDF3F35E5AF350000E03F4D
:105C20000000C0FFFFFFDF419535A094FFFFCF3F8D
:105C30000000F03F0000F07F0000E07FFFFF9F7C4E
:105C40000000E03F0000F0BFFFFFEF7F0A46014683
:105C50000248034B0068FFF7EFB900BF8C610020DA
:105C6000F46100202DE9F0473A4E86468C466046A6
:105C70001CF8014BA55D15F00805F8D12D2C33D18A
:105C80009CF800404FF0010800F1020C002B5CD0A2
:105C9000102B0CD1302C0AD19CF8000000F0DF0052
:105CA00058284DD19CF8014010230CF1020C08F14A
:105CB0000047013F0026B7FBF3F9304603FB197A92
:105CC000A4F13005092D18D82C46A34224DD751CFB
:105CD00007D081451DD301D1A2451ADB00FB03404B
:105CE00001261CF8014BEBE72B2C08BF9CF8004069
:105CF000A84608BF00F1020CC8E7A4F14105192D20
:105D000001D8373CE1E7A4F16105192D04D8573CCF
:105D1000DBE74FF0FF36E4E7731C06D12223CEF811
:105D20000030384642B9BDE8F087B8F1000F00D026
:105D30004042002AF7D00EB10CF1FF311160F2E7BA
:105D40003024002BB3D10823B1E7302CA4D00A2390
:105D5000ADE700BFD9C00400FFF784BF13460A4671
:105D6000014602480068FFF77DBF00BF8C6100203C
:105D70002DE9F0433B4E86468C4660461CF8014BAD
:105D8000A55D15F00805F8D12D2C34D19CF8004004
:105D90004FF0010800F1020C002B5ED0102B0CD14B
:105DA000302C0AD19CF8000000F0DF0058284FD1B9
:105DB0009CF8014010230CF1020C4FF0FF37002536
:105DC000B7FBF3F703FB07F96FEA09092846A4F1CB
:105DD0003006092E18D83446A34224DD002D1FDBDF
:105DE00087421DD301D1A1451ADB00FB03400125E9
:105DF0001CF8014BEBE72B2C08BF9CF80040A84691
:105E000008BF00F1020CC7E7A4F14106192E01D822
:105E1000373CE1E7A4F16106192E04D8573CDBE7D3
:105E20004FF0FF35E4E7002D07DA2223CEF80030EB
:105E30004FF0FF3042B9BDE8F083B8F1000F00D059
:105E40004042002AF7D00DB10CF1FF311160F2E7AA
:105E50003024002BB1D10823AFE7302CA2D00A2385
:105E6000ABE700BFD9C00400FFF782BF13460A4664
:105E7000014602480068FFF77BBF00BF8C6100202D
:105E8000034BC35C03F00303012B08BF20307047B2
:105E9000D9C00400F8B50E461446054618B183690A
:105EA0000BB901F065F8214B9C422BD16C68A369BA
:105EB000A360A3891A072FD523696BB323692068D0
:105EC000C01A6369F6B28342374604DC214628468D
:105ED00000F0BAFF30BBA368013BA36023685A1CE3
:105EE00022601E7063690130834204D0A389DB07FE
:105EF00006D50A2E04D12146284600F0A5FF88B910
:105F00003846F8BD0A4B9C4201D1AC68CFE7094B3B
:105F10009C4208BFEC68CAE72146284600F01EF8FC
:105F20000028CBD04FF0FF37EAE700BF08C20400DB
:105F300028C20400E8C1040038B5074D04460846ED
:105F4000114600222A601A46F7F71AFE431C02D1B6
:105F50002B6803B1236038BD18A20020324B70B506
:105F60001D6806460C4625B1AB6913B9284600F0FA
:105F7000FFFF2E4B9C420FD16C68A389B4F90C2013
:105F800019072CD4DD0611D40923336042F04003F5
:105F9000A3814FF0FF303EE0254B9C4201D1AC681D
:105FA000EBE7244B9C4208BFEC68E6E7580712D5A4
:105FB000616B41B104F14403994202D03046FEF7CF
:105FC00081F800236363A38923F02403A3810023C2
:105FD000636023692360A38943F00803A3812369D5
:105FE0004BB9A38903F42073B3F5007F03D0214696
:105FF000304601F0F5FBA089B4F90C2010F0010344
:106000000AD00023A36063695B42A361236943B99B
:1060100010F08000BAD170BD810758BF6369A360DA
:10602000F4E70020F7E700BF8C61002008C20400FD
:1060300028C20400E8C1040008B5062002F0EEFD05
:10604000012002F045FF000038B5064D002304464C
:1060500008462B6002F004FF431C02D12B6803B1F9
:10606000236038BD18A200202DE9F74F03690C69A1
:10607000A3420746C0F28180013C01F1140800F1FF
:10608000140505EB8403019358F8243055F82420B7
:1060900001339A424FEA840B08EB8409B2FBF3F612
:1060A00031D34FF0000E4046AC46F24650F8042B78
:1060B00093B206FB03E34FEA134E9BB2AAEB030332
:1060C000120CDCF800A006FB02E213FA8AF34FEA96
:1060D000124E1FFA82FADCF80020CAEB124202EBE1
:1060E00023429BB243EA024381454CF8043B4FEA0A
:1060F000224ADBD255F80B302BB9019B043B9D4261
:106100001A462ED33C61384601F087FE002824DB76
:10611000013628464FF0000C58F8042BD0F800E068
:1061200093B2ACEB0303120C13FA8EF3C2EB1E42D4
:1061300002EB23429BB243EA0243C14540F8043BD1
:106140004FEA224CE8D255F8242005EB840322B90B
:10615000043B9D421A460AD33C61304603B0BDE879
:10616000F08F1268043B002ACCD1013CC7E71268CB
:10617000043B002AF0D1013CEBE70020EEE70000F1
:106180002DE9F04F2DED028B57EC106B95B0456A61
:10619000DDF880800591CDE90267044609920F93EE
:1061A0003DB91020F5F752F9C0E90155606205606C
:1061B000C560636A196851B15A684A600123934007
:1061C0008B60204601F0F4FB636A00221A603B1EDC
:1061D000B9BF23F0004303930023C8F80030DDF873
:1061E0000C90B74BBCBF0122C8F8002033EA09036A
:1061F0001BD10F9A42F20F731360C9F31303334399
:1062000000F07585219B63B9AE4B25E0AE4B009342
:106210000833219A1360009815B0BDEC028BBDE8DD
:10622000F08FA84B00930333F3E79DED027B002230
:1062300051EC170B00238DED0A7BFDF753FC8046D4
:1062400060B10F9A01231360219B002B00F04C8555
:106250009E4B219A1360013B0093DCE79DED0A0BF6
:1062600012AA13A9204601F0E7FEC9F30A55824697
:10627000002D7ED00B9BCDF84080C3F31303DDE9E6
:106280000A6743F07F5747F44017A5F2FF35904B5C
:10629000002230463946FDF705F883A3D3E90023F1
:1062A000FDF7B8F982A3D3E90023FCF7FDFF06460A
:1062B00028460F46FDF744F97FA3D3E90023FDF7F5
:1062C000A9F902460B4630463946FCF7EDFF064673
:1062D0000F4602F047FD0022814600233046394632
:1062E000FDF70AFC48B14846FDF72AF932463B461D
:1062F000FDF7F8FB08B909F1FF39B9F1160F56D8C7
:10630000744B03EBC903D3E90023DDE90A01FDF770
:10631000F3FB00284DD009F1FF3900230E93129BA7
:106320005D1B6B1E049343BF0023C5F1010804935A
:106330004FF00008B9F1000F3DDB049BCDF834901D
:106340004B44049300230693059B092B00F29A808B
:10635000052BC4BF043B0593059BA3F10203CCBFEF
:1063600000250125032B00F29980DFE803F02C7D46
:106370007B89DDE912531D4405F23243202BC1BF56
:10638000C3F1400305F2124009FA03F326FA00F0C4
:10639000DABFC3F1200306FA03F01843FDF7C0F893
:1063A00001230646A1F1F877013D10936FE7012321
:1063B000B4E70E90B3E7C9F1000306930023A8EBFE
:1063C00009080D93C0E700230893099B002B00F3F5
:1063D00085804FF0010BCDF804B05B46CDF824B0BA
:1063E000666A00227260042202F114009842716809
:1063F0007AD9204601F0A8FA636A30601B680093DE
:10640000019B0E2B00F2F580002D00F0F280B9F117
:10641000000F7DDD2F4A09F00F0302EBC30393ED5C
:10642000007B19F4807F4FEA2917B0EE478AF0EE1F
:10643000678A5DD0284BDDE90A01D3E90823FDF71F
:1064400013FACDE9020107F00F070325224E002FB2
:1064500050D1DDE9020153EC182BFDF705FACDE927
:1064600002016FE00123AFE700230893099B09EBCA
:10647000030B0BF10103012B0193B8BF0123AFE71D
:106480000123F2E701250023059308954FF0FF3B18
:106490000022CDF804B012230992A1E7012308934A
:1064A000F4E700BFAFF3008061436F63A787D23F7B
:1064B000B3C8608B288AC63FFB799F501344D33FF3
:1064C0000000F07FE2C10400D9C1040061C30400F0
:1064D0000000F83F88C2040060C20400DDF824B068
:1064E000CDF804B05B467BE70131716052007BE779
:1064F0000225ABE7F90708D551EC180BD6E90023C4
:10650000FDF788F841EC180B01357F1008369EE73F
:1065100000F0AB80C9F10006AA4BAB4F06F00F02AA
:1065200003EBC203D3E90023DDE90A01FDF772F8AA
:10653000CDE90201361100230225002E40F08A80A9
:10654000002B8CD10E9B002B00F09180DDE90267BF
:106550009E4B002230463946FDF7CEFA002800F067
:106560008680019B002B00F08280BBF1000F3CDD98
:1065700009F1FF3307930022954B30463946FDF76A
:1065800049F8CDE902010135CDF830B0DDE9026707
:106590002846FCF7D5FF32463B46FDF73BF88D4BCE
:1065A0000022FCF781FEA1F15073CDE902010393B3
:1065B0000C9B002B60D1884B002230463946FCF7FB
:1065C00071FEDDE9022306460F46FDF7B3FA002807
:1065D00040F09982DDE90221304601F1004339465D
:1065E000FDF78AFA002840F08B82DDE90A23CDE925
:1065F0000223139B002BC0F25B81B9F10E0F00F355
:106600005781704B03EBC90393ED007B099BB0EE00
:10661000478AF0EE678A002B80F2E280019B002B14
:1066200000F3DE8040F06C826B4B51EC170B0022C4
:10663000FCF7F0FFDDE90223FDF772FA019E374611
:10664000002840F04282009D312305F8013B09F10A
:1066500001093EE2F20705D5D7E90023FCF7DAFF8E
:10666000013501237610083767E702256AE7019BA9
:10667000CDF81C900C9389E700990C980C9A514B1B
:106680009DED027B014402910899B0EE478AF0EE3D
:10669000678A03EBC20353E90223002945D04F491F
:1066A0000020FDF7E1F853EC182BFCF7FBFD009DF3
:1066B00041EC180B3946304602F054FB0C90FCF7C5
:1066C0003FFF02460B4630463946FCF7EBFD0C9B7C
:1066D000303305F8013B53EC182B06460F46FDF707
:1066E0000BFA002865D132463B4638490020FCF7BA
:1066F000D9FD53EC182BFDF7FFF9002840F0B880C6
:10670000029B9D423FF471AF314B51EC180B0022BC
:10671000FCF780FF2E4B41EC180B00223046394627
:10672000FCF778FF06460F46C4E751EC170BFCF761
:1067300071FF029B009D0C9341EC180B39463046CB
:1067400002F010FB1190FCF7FBFE02460B463046B0
:106750003946FCF7A7FD119B303305F8013B029B3E
:106760009D4206460F464FF0000225D11B4B51ECCF
:10677000180BFCF799FD02460B4630463946FDF7EB
:10678000D9F9002874D153EC182B14490020FCF7D8
:1067900089FD02460B4630463946FDF7ADF9002823
:1067A0003FF423AF0C9D6B1E0C9315F8013C302B6E
:1067B000F8D0DDF81C9049E0054BFCF72BFF0646AE
:1067C0000F46BBE788C2040060C204000000F03F2F
:1067D0000000244000001C40000014400000E03F86
:1067E000DDE90267009D53EC182B30463946FDF772
:1067F0003BF802F0B7FA8046FCF7A2FE53EC182BE8
:10680000FCF708FF02460B463046394608F13006D1
:10681000FCF748FD05F8016B009E019FAE1BB742D7
:1068200002460B4637D1FCF73FFD53EC182B0646CA
:106830000F46FDF77FF9C8B953EC182B304639469F
:10684000FDF750F910B118F0010F0FD12046514655
:1068500001F0AEF800232B700F9B09F101001860C6
:10686000219B002B3FF4D7AC1D60D4E4CDF81C90E5
:106870002B461D4613F8012D392A08D1009A9A4259
:10688000F7D1079A00990132079230220A701A78DC
:1068900001321A708DE79E4B0022FCF7BBFE0022EE
:1068A000002306460F46FDF71DF900289BD0CDE7D3
:1068B000089A002A00F0C680059A012A00F3AA80EF
:1068C000109A002A00F0A28003F23343069E454648
:1068D000049A01211A4420469844049201F04BF98D
:1068E0000746002D0BDD049B002B08DDAB42049A0C
:1068F000A8BF2B46A8EB0308ED1AD31A0493069BF6
:10690000FBB1089B002B00F0A180002E11DD394661
:106910003246204601F0D4F9524601460746204649
:1069200001F032F951460790204601F041F8079BEB
:106930009A46069B9A1B04D05146204601F0C0F9A6
:1069400082460121204601F016F90D9B002B0646D8
:106950007EDD1A460146204601F0B2F9059B012B67
:10696000064678DD00230693336906EB8303186936
:1069700001F0B1F8C0F12000049B184410F01F0092
:1069800000F08880C0F12003042B40F38180C0F127
:106990001C00049B0344804405440493B8F1000F99
:1069A00005DD51464246204601F0D8F98246049B57
:1069B000002B05DD31461A46204601F0CFF9064688
:1069C0000E9B002B68D03146504601F026FA002875
:1069D00062DA002351460A22204601F000F8089BA3
:1069E00009F1FF398246002B00F0888139460023E7
:1069F0000A22204600F0F3FFBBF1000F074600F328
:106A00008F80059B022B40F38B804DE0129BC3F1DE
:106A100036035BE7019B5E1E069BB342BFBF069B2E
:106A20000696F21A0D9BB6BF9B189E1B0D93019BF9
:106A3000B8BF0026002BB5BFA8EB0305019B0023C0
:106A4000454645E7069E089F45464AE7069A73E78E
:106A5000059B012B18DC029BB3B9039BC3F3130303
:106A6000A3B9039B23F000431B0D1B052BB1049B13
:106A70000133049308F10108012306930D9B002BB9
:106A80007FF472AF012077E70023F6E7029BF4E77B
:106A900084D018461C307CE7019B002B3ADC059B18
:106AA000022B37DDDDF804B0BBF1000F0DD131460C
:106AB0005B460522204600F092FF014606465046FE
:106AC00001F0ABF900283FF7BEAD099B009D6FEACE
:106AD00003094FF000083146204600F069FF002FFF
:106AE0003FF4B4AEB8F1000F05D0B84503D041462D
:106AF000204600F05DFF3946204600F059FFA5E62C
:106B000000263746E1E70C9EDDF81C9037469AE5F3
:106B100000002440089BDDF804B0002B00F0F58055
:106B2000002D05DD39462A46204601F017F90746B3
:106B3000069B002B55D07968204600F005FF3A6986
:106B400002320546920007F10C010C30FDF78AFA7B
:106B500001222946204601F001F9009B01330193EF
:106B6000009B5B440793029B03F00103B846069326
:106B70000746019B3146504603F1FF3BFFF774FA8D
:106B800003463033029041465046089301F045F9E0
:106B90003A4604903146204601F05BF9C268089BF2
:106BA000054602BB0146504601F037F9089B0246F4
:106BB00029462046CDE9083200F0FAFE059B099AE5
:106BC000019D43EA0201069B0B43089B0DD1392B23
:106BD00027D0049A002A01DD029B31338BF8003064
:106BE00079E73846B9E70122E2E70499002904DB96
:106BF000059801430698014320D1002AEEDD514655
:106C000001222046019301F0A9F83146824601F0A5
:106C100004F90028019B02DCE0D1DA07DED5392B2C
:106C2000DAD139238BF800302B461D46013B15F88D
:106C3000012C392A50D001321A704CE7002A03DDAA
:106C4000392BEED00133C9E7019A079902F8013CCC
:106C50008A422AD0514600230A22204600F0BFFE75
:106C6000B84582464FF000034FF00A0241462046E5
:106C700007D100F0B4FE80460746019B0133019323
:106C800077E700F0ACFE3946804600230A22204612
:106C900000F0A5FE0746F0E7BBF1000F009ACCBF5D
:106CA0005D46012515444FF000085146012220465B
:106CB000019301F053F83146824601F0AEF8002806
:106CC000B2DC02D1019BDB07AED42B461D4613F884
:106CD000012D302AFAD0FEE6009A9A42A5D131233E
:106CE00009F101091370F6E6124BFFF7B5BA219BC3
:106CF000002B7FF48BAA104BFFF7AEBABBF1000F4D
:106D000003DC059B022B3FF7CFAE009D314650467A
:106D1000FFF7AAF900F1300305F8013B009AAA1A1F
:106D20009345B9DD514600230A22204600F057FE64
:106D30008246EBE760C30400D9C104008A892DE9CB
:106D4000F041054610070C4658D44B68002B05DC73
:106D50000B6C002B02DC0020BDE8F081E66A002EFF
:106D6000F9D0002312F480522F682B6032D0606D6E
:106D7000A3895A0705D56368C01A636B0BB1236CEE
:106D8000C01A00230246E66A216A2846B047431C1F
:106D9000A38906D129681D292CD82A4ACA40D607BA
:106DA00028D500226260D9042269226004D5421CE1
:106DB00001D12B6803B96065616B2F600029CAD0CF
:106DC00004F14403994202D02846FDF77BF90020E4
:106DD0006063C1E7216A01232846B047411CC7D13F
:106DE0002B68002BC4D01D2B01D0162B01D12F6096
:106DF000B1E7A38943F04003A381ADE70F69002FFA
:106E0000A9D093070E6808BF4B690F6018BF002315
:106E1000A6EB07088B60B8F1000F9CDD216AA66A1B
:106E200043463A462846B047002806DCA38943F08B
:106E30004003A3814FF0FF308EE70744A8EB000822
:106E4000E9E700BF0100402038B50B6905460C4654
:106E500013B90025284638BD18B183690BB900F075
:106E600087F8144B9C421BD16C68B4F90C30002B92
:106E7000EFD0626ED00704D4990502D4A06D00F063
:106E800076FC28462146FFF759FF636EDA07054670
:106E9000E0D4A3899B05DDD4A06D00F069FCD9E79F
:106EA000054B9C4201D1AC68DFE7044B9C4208BF14
:106EB000EC68DAE708C2040028C20400E8C1040054
:106EC000002310B50446C0E90033C0E904338360F1
:106ED00081814366C2818361194608225C30FDF7D7
:106EE000E9F8054B6362054BA362054BE362054B72
:106EF0002462236310BD00BF694E04008F4E04005E
:106F0000C74E0400EB4E0400014900F0AFB800BFCB
:106F1000496E040070B54A1E682555430E4605F1BA
:106F20007401FDF71FF9044640B10021C0E90016C5
:106F30000C30A06005F16802FDF7BCF8204670BD7A
:106F4000014800F014BC00BF14A20020014800F06A
:106F50000FBC00BF14A20020014800F008BC00BF15
:106F60000FA20020014800F003BC00BF0FA20020C8
:106F700010B50446FFF7F0FFA3691BB1BDE8104050
:106F8000FFF7F0BFC4E912332365134B134A1B68A4
:106F9000A262A34204BF0123A361204600F020F8AF
:106FA0006060204600F01CF8A060204600F018F851
:106FB0000022E06004216068FFF782FFA0680122E0
:106FC0000921FFF77DFFE06802221221FFF778FF19
:106FD0000123A361D2E700BF3CC00400096F040095
:106FE000F8B50746FFF7ACFF1E4B1E68B36913B92F
:106FF0003046FFF7BDFF4836D6E90134013B03D5E3
:1070000033680BB33668F7E7B4F90C50D5B9164BB3
:10701000E36004F15800656600F0A8FBFFF796FFF7
:10702000C4E90155C4E904552560A5610822294633
:1070300004F15C00FDF73EF8C4E90D55C4E91255B2
:107040002046F8BD6834D9E704213846FFF762FFCF
:10705000044630600028D5D1FFF778FF0C233B6051
:10706000EEE700BF3CC004000100FFFF2DE9F8433C
:107070000646884600F148040027D4E90195B9F195
:10708000010905D52468002CF7D13846BDE8F883FE
:10709000AB89012B07D9B5F90E30013303D029464E
:1070A0003046C04707436835E9E70369B3EB611F22
:1070B0002DE9F0434FEA611200F1140445DD11F0AF
:1070C0001F0104EB830604EB82050CD100F11007CD
:1070D0002946B14234D39B1A9B00EA1E964238BF20
:1070E0000023234415E054F82270C1F12008CF405A
:1070F00005F1040EA1467645F44615D89B1A9A0070
:10710000043A0135AE4238BF0022A318A75007B198
:1071100004331A1BA3424FEAA20208BF00230261F4
:1071200008BF4361BDE8F083DCF800C00CFA08FC3E
:107130004CEA070749F8047B5EF8047BCF40DAE7A6
:1071400051F804CB47F804CFC3E72346E1E7A0F1A9
:107150003003092B02D82038C0B27047A0F1610378
:10716000052B01D84738F7E7A0F14103052B01D8DB
:107170002738F1E7002070472DE9F04F2DED028B05
:1071800089B008EE100A0493BC4B1B6801931846A3
:107190008B469046FDF7E2FE019BDBF8002003449E
:1071A000824613F8013C0593931CC2F1FF2202F5BD
:1071B0007F02FE32D1181F4613F8010B00913028D0
:1071C000F8D0FFF7C4FF044600283AD1019952468F
:1071D0003846FDF7CBFE0546002868D117F80A00AF
:1071E00007EB0A06FFF7B3FF002862D03346187892
:1071F00030281F4603F10103F9D0FFF7A8FF012350
:10720000B0FA80F46409354600933A4616460132D6
:107210003078FFF79CFF0028F8D10199524630469C
:10722000FDF7A4FE80B94DB906EB0A052A461646BD
:1072300001323078FFF78BFF0028F8D1AD1BAD008D
:1072400004E000242546E0E7002DF7D1337803F071
:10725000DF03502B3BD173782B2B2CD02D2B2ED032
:10726000711C4FF000090878FFF771FF431EDBB275
:10727000182B2CD8A0F1100211F8010FFFF767FFAF
:10728000431EDBB2182B1DD9B9F1000F00D05242BA
:107290001544CBF80010E4B1009B002B14BF00276D
:1072A0000627384609B0BDEC028BBDE8F08F3E469C
:1072B00025460124CAE74FF00009B11CD3E74FF07F
:1072C0000109FAE70A2303FB0202103AD4E7314628
:1072D000DFE7F31B013B2146072B52DC18EE100AB7
:1072E00000F032FB4FF0000B00F11409CAF101036A
:1072F0000446CDF80890CDF800B00693B74243D3CA
:107300000298009B40F8043BA0EB09008010460166
:107310002061184600F0DFFB301AD8F80060B04258
:1073200066DD871B3946204600F02CFF8246A8B157
:107330007B1E591103F01F0259F821104FF0010A6A
:107340000AFA02F20A4209D0534505DDB91E204669
:1073500000F018FF002848D14FF0020A39462046B5
:10736000FFF7A3FE3D44D8F80830AB424FDA18EEE1
:10737000100A214600F01CFB149A00231360A32777
:107380008FE701315B10A7E7731E059A039316F888
:10739000013C934219D0BBF1200F07D1029B009A08
:1073A00043F8042B0293002300939B4616F8010C2C
:1073B000FFF7CDFE009B00F00F0000FA0BF0034337
:1073C00000930BF1040B039B0DE0039B069A1344FF
:1073D000BB42E0D31846019907935246FDF7C6FD1C
:1073E000079B0028D7D11E4688E74FF0030AB5E770
:1073F0000ADA371A214618EE100A3A4600F0AEFCB7
:10740000ED1B044600F114094FF0000AABE7D8F871
:107410000400A8426DDD451BAE4231DCD8F80C30CB
:10742000022B23D0032B25D0012B15D1AE4213D133
:10743000012E0BD1049AD8F8043013600123236184
:10744000C9F80030149B62271C602AE7711E204691
:1074500000F098FE0028EDD118EE100A214600F049
:10746000A7FA149A0023136050271AE7159B002BE4
:10747000F2D1DFE7159B002BDCD1EDE74CC2040015
:107480006F1EBAF1000F31D127B13946204600F006
:1074900079FE82467B11012159F8233007F01F073E
:1074A00001FA07F71F422946204618BF4AF0020A90
:1074B000761BFFF7FAFDD8F804500227BAF1000F47
:1074C00048D0D8F80C30022B15D0032B17D0012B45
:1074D00009D11AF0020F06D0D9F800004AEA000AD2
:1074E0001AF0010F0ED147F0100733E04FF0010AF8
:1074F000D0E70127E2E7159BC3F101031593159B24
:10750000002BF0D0D4F8109004F114034FEA890B4B
:1075100003EB89014FF0000C184653F8042BB2F12D
:10752000FF3F1CD001320260022F04F114033AD154
:10753000D8F80020013AB2420AD17111012253F861
:10754000213006F01F0602FA06F61E4218BF174643
:1075500047F02007149B1C60049B1D60A1E6994224
:1075600043F804CCD8D8A368994514DB616818EEB9
:10757000100A013100F0E8F92269023204F10C012D
:10758000824692000C30FCF76DFD214618EE100A81
:1075900000F00EFA544623695A1C04EB830322615F
:1075A00001225A61C0E722694A450BDD01212046CC
:1075B000FFF77BFDD8F808300135AB42FFF6D7AEB8
:1075C0000127C5E716F01F06FAD09B44C6F1200636
:1075D0005BF8040C00F07FFAB042E7DBF0E700BF95
:1075E000C2F10802920070B5C2F120064368046837
:1075F00003FA06F52C43D340046040F8043F884268
:10760000F4D370BD30B50368013311F8014B14B9E0
:107610000360012030BD13F8012BA2F14105192DA3
:1076200098BF2032A242F0D00020F3E72DE9F04FBE
:107630000B6801685E1102EB860613F01F0387B02A
:1076400018BF04360025371F82469046019346F83E
:10765000045CB9463C460295AB464A784B1C039302
:1076600042B3104605910492FFF771FD00284FD1F7
:10767000049A0599202A18D8029B9B4513DD4C4596
:1076800006D2072D04DC2A4649462046FFF7A8FF0C
:10769000444550D90023A4F1040944F8043CCDF832
:1076A00008B04C461D460399D7E7292A56D1023126
:1076B000CAF80010BBF1000F50D04C4506D2072D80
:1076C00004DC2A4649462046FFF78AFF444534D960
:1076D000A8F10402234653F8041B42F8041F9F42FA
:1076E000F9D23B1B23F0030304330134033EB442BD
:1076F00088BF04234344002243F8042B9F42FBD25B
:107700003B681BB9474527D101233B60052026E094
:107710000135082D0BF1010B06DD4445C3D90023CB
:1077200044F8043C0125043C226800F00F0040EAC4
:1077300002122260B7E70825B5E7019B002BDFD0D6
:107740004FF0FF32C3F1200322FA03F356F8042C62
:107750001A4046F8042CD3E7043FD1E7042007B0D1
:10776000BDE8F08F00487047E46200207047704722
:107770007047000038B5074D044608461146002200
:107780002A601A4601F094FB431C02D12B6803B116
:10779000236038BD18A2002070B50E46B1F90E1056
:1077A000002996B014461D4607DA00232B60B389E2
:1077B0001A0610D44FF480630EE06A4601F092FA84
:1077C0000028F2DB019A02F47042A2F500535A42FB
:1077D0005A412A60EEE740230020236016B070BDB6
:1077E0008B8973B59D0706460C4607D504F1470300
:1077F000236023610123636102B070BD01AB6A465F
:10780000FFF7CAFF009905463046FCF7ABFC48B9C4
:10781000B4F90C309A05EFD423F0030343F00203CC
:10782000A381E3E70D4BB362A389206043F080039B
:10783000A381009B6361019B20615BB1B4F90E10D1
:10784000304601F061FA28B1A38923F0030343F025
:107850000103A381A0890543A581CDE7096F040039
:1078600082B001B901A942B14BB113780B60127813
:10787000101E18BF012002B070471046FBE76FF0E2
:107880000100F8E700000000000000000000000018
:1078900001F0FF01102A2BDB10F0070F08D010F8C1
:1078A000013B013A8B422DD010F0070F42B3F6D1C5
:1078B000F0B441EA012141EA014122F007047FF0DE
:1078C00000070023F0E80256083C85EA010586EA35
:1078D000010685FA47F5A3FA87F586FA47F6A5FA71
:1078E00087F68EB9EED1F0BC01F0FF0102F007027D
:1078F00032B110F8013B013A83EA010313B1F8D128
:107900000020704701387047002D06BF3546033808
:10791000073815F0010F07D1013015F4807F02BF41
:10792000013015F4C03F0130F0BC0138704700BF92
:107930000148FFF71CBF00BF10A200200148FFF75D
:1079400017BF00BF10A2002070B5466A04460D465E
:107950003EB91020F3F77AFDC0E901666062066067
:10796000C660666AF36883B1636ADB6853F8250012
:10797000B8B9012101FA05F6721D9200204600F007
:1079800022FC60B1C0E901560EE02122042120460C
:1079900000F019FC636AF060DB68002BE4D1002082
:1079A00070BD026843F825200023C0E90333F7E7E0
:1079B00070B5466A05460C463EB91020F3F746FD01
:1079C000C0E9016668620660C6603CB16B6A6268C5
:1079D000DB6853F82210216043F8224070BD2DE986
:1079E000F0410E69074698460C4601F11400002349
:1079F0000568A9B202FB01814FEA114C2D0C02FB74
:107A000005C589B2013301EB05419E4240F8041BD4
:107A10004FEA1548ECDCB8F1000F1BD0A368B34265
:107A200012DC616838460131FFF78EFF22690232AD
:107A300004F10C01054692000C30FCF713FB2146C3
:107A40003846FFF7B5FF2C4604EB86030136C3F832
:107A5000148026612046BDE8F0812DE9F8430C46EC
:107A600015461F4609220833064693FBF2F3002110
:107A700001229A4220DB3046FFF766FF089B4361F4
:107A8000092D4FF00103036119DD04F10909C8460E
:107A90002C4418F8013B0146303B0A223046FFF7E0
:107AA0009EFFA045F5D1A5F108044C442D1B631998
:107AB000BB4207DBBDE8F88352000131D9E70A3445
:107AC0000925F3E714F8013B0146303B0A22304612
:107AD000FFF785FFEBE7030C1B04D3B90004102369
:107AE00010F07F4F04BF0002083310F0704F04BF46
:107AF0000001043310F0404F04BF8000023300281F
:107B000005DB10F0804F03F1010308BF2023184666
:107B100070470023E4E7036813F0070201460BD027
:107B2000DA0724D4980749BF5B089B0801200B6043
:107B30005CBF0B600220704798B2B0B91B0C1020DC
:107B400013F0FF0F04BF1B0A08301A0704BF1B09FC
:107B500004309A0704BF9B080230DA0703D45B089D
:107B600000F1010005D00B6070471046E8E70020E7
:107B700070472020704710B50C460121FFF7E4FE46
:107B800001224461026110BD2DE9F04F15460A69DA
:107B90002B699A42B8BF0B460C46BCBF2C461D460B
:107BA0002769D5F81090A368616807EB0906B3420E
:107BB000B8BF013185B0FFF7C7FE00F1140101EB3A
:107BC00086080B46002243451DD304F1140305F13A
:107BD000140203EB870702EB890302933B1B153B5F
:107BE00023F00303043304F11505AF4238BF042327
:107BF0000193029B0392934208D8002E5ADC06613F
:107C000005B0BDE8F08F43F8042BDCE7B2F800A024
:107C1000BAF1000F24D004F1140E89464FF0000C85
:107C20005EF8045BD9F800B0ABB21FFA8BFB0AFB1D
:107C300003B34FEA154BD9F8005063444FEA154C93
:107C40000AFB0BC505EB13459BB243EA0543774599
:107C500049F8043B4FEA154CE2D8019B41F803C0B8
:107C6000039BB3F802900432B9F1000F20D00B68E7
:107C700004F1140C8E464FF0000ABCF80050BEF818
:107C800002B009FB05B5AA449BB243EA0A434EF889
:107C9000043B5CF8043BBEF800501B0C09FB03538B
:107CA00003EB1A4367454FEA134AE6D8019D4B514F
:107CB00004319EE758F8043D002BA0D1013E9CE71B
:107CC0002DE9F843154612F0030206460F4607D089
:107CD000214C013A002354F82220FFF780FE07468A
:107CE000AD1035D0746A3CB91020F3F7AFFBC0E992
:107CF000014470620460C460D6F82480D8F808405B
:107D00004CB940F271213046FFF735FF0023C8F827
:107D10000800044603604FF00009EB070AD5394616
:107D200022463046FFF730FF394680463046FFF79F
:107D30003FFE47466D100BD0206838B922462146D9
:107D40003046FFF721FF2060C0F800900446E4E7CA
:107D50003846BDE8F88300BF50C304002DE9F04762
:107D60000C464968236903EB6218A36807469146ED
:107D70004FEA621A08F10106B3423FDB3846FFF7CB
:107D8000E3FD0023054600F1140100F1100218463E
:107D9000534536DB20692AEAEA7A04F1140319F024
:107DA0001F0901EB8A0103EB800C2ED0C9F1200ED4
:107DB0008A460022186800FA09F002434AF8042BA8
:107DC00053F8042B9C4522FA0EF2F3D8ACEB0403D3
:107DD000153B23F00303043304F11500604588BF0D
:107DE0000423CA500AB108F10206013E38462E614A
:107DF0002146FFF7DDFD2846BDE8F08701315B0035
:107E0000BAE742F8040F0133C2E7043953F8042BF0
:107E100041F8042F9C45F9D8E7E730B502690C69B1
:107E2000121B0ED100F11403143103EB840001EB9B
:107E3000840150F8045D51F8044DA54203D005D3E8
:107E40000122104630BD8342F3D3FAE74FF0FF32F0
:107E5000F7E72DE9F84F0C4606461146204617462F
:107E6000FFF7DBFF051E08D129463046FFF76CFD02
:107E70000123C0E90435BDE8F88FA4BF3B4627467F
:107E800030467968A6BF1C4600250125FFF75CFD3A
:107E90003E69C560256907F1140104F1140900F178
:107EA000140E07F1100201EB860C09EB8505F24672
:107EB000002759F8043B52F804BF1FFA83F817FA59
:107EC0008BF71B0CA7EB0808C3EB1B4303EB284302
:107ED0001FFA88F81F144D4548EA03434AF8043B4B
:107EE000E7D82B1B153B23F0030304331534A542BD
:107EF00038BF0423194473449E460D4665450ED38E
:107F00000CF10302521A22F0030203398C4538BFE8
:107F100000221A4452F8043D7BB10661ABE755F8E4
:107F2000048B17FA88F4221402EB1842A4B244EA34
:107F300002444EF8044B1714E0E7013EEAE7000064
:107F400082B08DED000B019B12491940A1F15071D7
:107F5000002905DD00220B4643EC102B02B07047D0
:107F60004942B1F1A07F4FEA21504FF000024FF09B
:107F7000000304DA4FF4002141FA00F3ECE7A0F12A
:107F800014011E29DABF4FF0004020FA01F101214F
:107F90000A46E1E70000F07FF8B5056900F1140733
:107FA00007EB85052E1F55F8044C2046FFF793FD7F
:107FB000C0F120030A28DFF87CC00B6014DCC0F19C
:107FC0000B0E24FA0EF1B74241EA0C0334BF55F808
:107FD000081C0021153004FA00F021FA0EF140EAE5
:107FE000010243EC102BF8BDB7423ABF55F8081C0C
:107FF000A5F1080600210B3817D0C0F1200C04FAB7
:1080000000F5BE4221FA0CF445EA04058CBF56F88F
:10801000044C002445F07F5301FA00F024FA0CF4DC
:1080200043F4401340EA0402DBE744EA0C030A4647
:10803000D7E700BF0000F03F2DE9F7438946012153
:1080400057EC106B9046FFF77FFCC7F30A550446C8
:10805000C7F3130335BB002E019328D06846009662
:10806000FFF759FD009900B3019AC0F1200302FA0D
:1080700003F30B43C24063610192019BA361002B98
:1080800014BF022201222261D5B1A5F23345054475
:10809000C9F80050C0F13500C8F80000204603B010
:1080A000BDE8F08343F48013D5E76161E5E701A8FB
:1080B000FFF731FD019B6361012222612030E3E77C
:1080C00004EB8203A0F23240C9F800001869FFF700
:1080D00002FDC0EB4210DFE72DE9F74F8846694605
:1080E0008146FFF759FF01A9404655EC104BFFF7B9
:1080F00053FFD9F81030D8F81020A3EB020CDDE9BB
:1081000000329B1A03EB4C1351EC100B002BD6BF23
:108110000A462A46C3EB03338B462F46D4BF02EBF5
:10812000035B02EB0357204610EE102A5B463946EC
:10813000FBF79AFB41EC100B03B0BDE8F08F01395F
:1081400070B549111469013102F1140300EB81018A
:1081500003EB8404051FA3420CD3A31A113B23F0A5
:1081600003031132A24288BF00231844002388422F
:1081700005D370BD53F8046B45F8046FEBE740F886
:10818000043BF4E700F1140200694B11984210B56A
:1081900011DB0ADD11F01F0107D052F8234024FA49
:1081A00001F000FA01F18C420BD102EB8303934200
:1081B00003D8002010BD0346F7E753F8041D00293B
:1081C000F5D00120F6E713B54A4311460192FBF7BB
:1081D000C9FF044618B1019A0021FBF76BFF204646
:1081E00002B010BDF8B5074614460E4621B9BDE8E9
:1081F000F8401146FBF7B6BF22B9FBF763FF2546EF
:108200002846F8BD00F090FDA0420FD22146384626
:10821000FBF7A8FF05460028F2D031462246FBF7BF
:1082200021FF31463846FBF74DFFE9E73546E7E7E2
:108230002DE9F0478E689E4282460C4690461F46C6
:1082400038D88A8912F4906F32D025680969A5EB75
:108250000109656905EB450505EBD57501334B440F
:108260006D109D4238BF1D46530531D52946FBF799
:1082700079FF064650B90C23CAF80030A38943F0B1
:108280004003A3814FF0FF30BDE8F08721694A46E3
:10829000FBF7E8FEA38923F4906343F08003A381F6
:1082A000266165614E44A5EB09052660A5603E4642
:1082B000BE4200D93E46324620684146FBF7E0FE0A
:1082C000A36822689B1B3244A36022600020DBE786
:1082D0002A46FFF787FF06460028E1D1216950466C
:1082E000FBF7F0FEC7E700002DE9F04F98468B89B9
:1082F0001B069DB007460D4614460ED50B6963B9A3
:108300004021FBF72FFF2860286120B90C233B6038
:108310004FF0FF30D1E040236B610023099320230D
:108320008DF82930CDF80C803023DFF8A8818DF846
:108330002A304FF0010923469A4613F8012B0AB15F
:10834000252AF9D1BAEB040B0BD05B46224629460D
:108350003846FFF76DFF013000F0AA80099A5A44B1
:1083600009929AF80030002B00F0A28000234FF011
:10837000FF32CDE905230AF1010A049307938DF832
:1083800053301A935446052214F8011B5148FFF745
:108390007FFA049AD8B9D00644BF20238DF8533011
:1083A000110744BF2B238DF853309AF800302A2B45
:1083B00015D0079A544600204FF00A0C214611F8B8
:1083C000013B303B092B4ED9B0B1079214E0A0EB32
:1083D000080309FA03F313430493A246D2E7039B6D
:1083E000191D1B680391002BBBBF5B4242F00202C8
:1083F00007930793B8BF049223782E2B0CD1637890
:108400002A2B35D1039B1A1D1B680392002BB8BF82
:108410004FF0FF3302340593DFF8C8A02178032220
:108420005046FFF735FA40B14023A0EB0A0003FAAB
:1084300000F0049B03430134049314F8011B264805
:108440008DF828100622FFF723FA002838D0234B96
:108450001BBB039B073323F0070308330393099BDC
:108460003344099367E70CFB02320C460120A5E771
:1084700000230134059319464FF00A0C204610F8EA
:10848000012B303A092A03D9002BC5D00591C3E747
:108490000CFB012104460123F0E703AB00932A46BD
:1084A0000F4B04A93846FCF7B1F8421C0646D6D15A
:1084B000AB895B063FF52CAF09981DB0BDE8F08F86
:1084C00003AB00932A46064B04A93846FCF742FB4F
:1084D000EBE700BF40C004004AC004000D460400A2
:1084E0003182040046C0040038B54B1C144603D149
:1084F0004FF0FF35284638BD938923F02003938140
:10850000636B5268CDB28BB1A36B934208DD2368D5
:108510005A1E226003F8015C636801336360E9E777
:10852000214600F097FB0028F1D0E1E7216923689C
:1085300051B1994208D213F8011CA94204D1013B60
:10854000013223606260D5E7C4E90F3204F14403CD
:1085500063630323A363234603F8465F2360012379
:10856000DCE710B50C46496B69B104F1440399424C
:1085700001D0FBF7A7FD236C63600020606313B19B
:10858000E36B236010BD2369236000236360A3892C
:1085900043F02003A3814FF0FF30F3E72DE9F04FC4
:1085A0000C46ADF5237D0021CDE94411B249A091DF
:1085B0000DF10408B149B24FDFF8C892CDF8188127
:1085C0000646A191009392F800A0BAF1000F00F0C6
:1085D00051811AF8073013F0080302F1010519D090
:1085E0006368002B0FDD23681A78BA5C120701D488
:1085F0002A46E8E7459A0132459262680133013A1A
:1086000062602360ECE7A19B214630469847002832
:10861000E9D0EDE7BAF1250F40F083804193439311
:1086200053782A2B02BF1023951C41930A22AB4694
:108630001BF8011BA1F13003092B1DD9914803221E
:10864000FFF726F940B10123A0EB090003FA00F07F
:10865000419B184341905D4615F8013B782B06D8A5
:10866000572B10D8252B5CD056D8002B74D0032361
:1086700047930A23429381E0439B02FB0313303B61
:1086800043935D46D3E7A3F15802202AEFD801A116
:1086900051F822F0678704006F8604006F8604009B
:1086A000C58704006F8604006F8604006F8604008F
:1086B0006F8604006F8604006F8604006F860400D6
:1086C000DB870400B18704001F8704001F870400B4
:1086D0001F8704006F860400B58704006F860400BE
:1086E0006F8604006F8604006F860400EB87040029
:1086F000BD8704005F8704006F8604006F86040056
:10870000E78704006F860400B18704006F860400C9
:108710006F86040067870400453B022BA7D805231A
:108720002BE06368002B0DDD23681A78524540F07A
:10873000A180013362682360459B013A0133626086
:10874000459355E7A19B2146304698470028EBD03A
:108750004498002840F084804FF0FF3086E0419A32
:1087600042F020024192419A42F40072419210225A
:108770006F2B429234BF0323042347936368002B7B
:1087800041DD419B590604D423681A78BA5C12076C
:1087900040D4479B022B4FDC6B46224641A9304612
:1087A00000F074F8012865D002287FF421AFCFE7EC
:1087B0000A22DDE7002342930323DEE708234293E6
:1087C0000423DAE72946404600F0C6F9419B43F00E
:1087D0004003419305460123CFE7419B43F040030B
:1087E00041930023C9E70223C7E74198C3063FF539
:1087F000FFAE009B459A191D00911B68C0074CBF36
:108800001A801A60F4E6A19B21463046984700285A
:10881000B7D09DE7459A013245926268013A002A35
:10882000626002DD01332360AEE7A19B2146304642
:1088300098470028A8D08BE7042B06DC6B4622461D
:1088400041A9304600F07AF8ACE70F4B002B3FF41B
:10885000CFAE6B46224641A93046AFF30080A1E778
:10886000A38913F0400F18BF4FF0FF300DF5237DA3
:10887000BDE8F08F4498F9E7E984040063850400BB
:10888000D9C0040046C00400000000002DE9F843F0
:1088900015468A6880460C4632B98A69002A0CBFA0
:1088A00001224FF0FF328A602268DFF88C90D106F7
:1088B0005FBF1A68111D196016680027A06988B18A
:1088C000012807D12B681A7863699B5C53B927BBD1
:1088D000BDE8F883022820D12B681B7813F80930F3
:1088E0001B071AD42368DA065EBF2B681B7806F8CC
:1088F000013B2A686B6801322A60A268013B013A99
:108900006B600137A26042B1002BD7DCD4F8803114
:108910002946404698470028D0D0236813F010031A
:1089200005D1E2680132E260A26902B133702369C5
:108930001F4427610020CBE7D9C004002DE9F04F88
:108940009846744B0C468246164693E8070087B05B
:1089500003AB83E80700704BA169704A032918BF75
:108960001A46A36801925A1EB2F5AE7F88BF6FF413
:10897000AE75274682BF03EB050940F25D13A36085
:1089800057F81C3B43F4506398BF4FF00009236035
:108990003D464FF0000B316803AB097853F82B00CC
:1089A0000222FEF775FF28B3BBF1010F59D16268AF
:1089B0002AB92268082342F40072636022602268A8
:1089C00022F4A0622260A268511EA16092B13268B6
:1089D000511C3160127805F8012B7268013A002AA7
:1089E000726007DCD4F88021314650469047002859
:1089F00040F085800BF1010BBBF1030FCBD1636815
:108A00000BB90A236360636845496069C91A00F0BD
:108A1000A3F84FF0000BA3682268002B3DD031680B
:108A2000606991F800C010F80C00002835D0BCF146
:108A3000300F24D1100522D50BF1010BB9F1000F35
:108A400003D0013309F1FF39A3607368013B002BA8
:108A500073601BDD336801333360A368013BA3609F
:108A6000D9E7BBF1020FAED1226802F4C061B1F5C3
:108A7000007FBFD11023636042F48072A2E722F42A
:108A8000106222600B7805F8013BDEE7D4F88031F4
:108A90003146504698470028DFD02368D9050DD5C8
:108AA000BD4209D915F8011CD4F87C313246504634
:108AB000984705F1FF394D46BD4228D0226812F093
:108AC000100213D12A706368019E39465046B047A0
:108AD000D8F8003021681A1DC8F8002011F0200FC6
:108AE0001B680FD01860E3680133E360ED1BAB44F3
:108AF00025695D442561002007B0BDE8F08F4FF087
:108B0000000BCAE7CA074CBF18801860EBE70120CA
:108B1000F2E700BF78C30400695E0400595D0400F9
:108B200075C3040038B5074D0446084611460022B7
:108B30002A601A4600F0C4F9431C02D12B6803B125
:108B4000236038BD18A200209FED010B704700BFC5
:108B5000000000000000F87F70B50B7804465E2B23
:108B60000BBF4B78481C881C002208BF0122611EE5
:108B700004F1FF0501F8012FA942FBD10BB901381F
:108B800070BD82F00101E154421C12F8015C2D2DF0
:108B900002F1FF36104606D05D2DF1D00DB93046FA
:108BA000EEE72B46EFE716785D2EFAD0B342F8DCFD
:108BB0001846013086422154FBDCD84330445D1C0A
:108BC000B342A8BF00202B180232DEE71F2938B5B8
:108BD00004460D4604D9162303604FF0FF3038BD1C
:108BE000426C12B152F821304BB9204600F030F8F7
:108BF0002A4601462046BDE8384000F017B8012B50
:108C00000AD0591C03D1162303600120E7E7002492
:108C100042F82540284698470020E0E7024B0146ED
:108C20001868FFF7D3BF00BF8C61002038B5074D2F
:108C300000230446084611462B6000F031F9431C1E
:108C400002D12B6803B1236038BD00BF18A20020F9
:108C500000F016B92DE9F0410C46496B04F14403CC
:108C600099421DD14FF48061FBF77CFA18B94FF09F
:108C7000FF30BDE8F0814FF48063A36394F8463081
:108C8000606380F8FF3394F8453080F8FE3394F841
:108C9000443080F8FD3300F2FD3020600020E8E72A
:108CA000A66B77003A46FFF79DFA05460028DED00E
:108CB00000EB0608014632464046FBF7D3F9C4E90B
:108CC0000D57C4F80080E9E749B1FF2A85BF8A2320
:108CD00003600A704FF0FF3098BF012070470846CC
:108CE0007047000038B5074D00230446084611467A
:108CF0002B6000F0BDF8431C02D12B6803B1236048
:108D000038BD00BF18A2002038B5064D0023044628
:108D100008462B6000F0BCF8431C02D12B6803B15D
:108D2000236038BD18A2002051F8043C181F002B06
:108D3000BCBF0B58C01870474FEA410C7FEA6C5C0F
:108D400002D150EA013C0AD14FEA430C7FEA6C5C45
:108D500002D152EA033C02D14FF0000070474FF0BD
:108D6000010070474FEA410212F5001215D211D5E9
:108D70006FF47873B3EB625212D94FEAC12343F018
:108D8000004343EA505311F0004F23FA02F018BF9A
:108D9000404270474FF00000704750EA013005D163
:108DA00011F0004008BF6FF0004070474FF0000026
:108DB000704700BF4A0011D212F5001211D20DD532
:108DC0006FF47873B3EB62520ED44FEAC12343F0D1
:108DD000004343EA505323FA02F070474FF000007B
:108DE000704750EA013002D14FF0FF3070474FF02A
:108DF0000000704738B50022002304460D46FAF7FC
:108E00007BFE28B920462946BDE8384000F00AB864
:108E1000204605F1004100F005F8404261EB4101B8
:108E200038BD00BFD0B50C4B002206460F46FAF7FE
:108E3000F1FBFFF7BFFF0446FAF772FB074B002276
:108E4000FAF7E8FB02460B4630463946FAF72AFAAB
:108E5000FFF7B0FF2146D0BD0000F03D0000F0411B
:108E6000024B58221A604FF0FF30704718A20020C2
:108E7000024B58221A604FF0FF30704718A20020B2
:108E8000024B58221A604FF0FF30704718A20020A2
:108E9000024B58221A600020704700BF18A2002021
:108EA000024B58221A604FF0FF30704718A2002082
:108EB000024B58221A604FF0FF30704718A2002072
:108EC000024B58221A604FF0FF30704718A2002062
:108ED000FEE700BFF8B500BFF8BC08BC9E4670476F
:108EE000F8B500BFF8BC08BC9E467047436F6D6D77
:108EF000616E64733A000000693A2073686F7720EE
:108F0000636F6D6D616E6473000000006C3A2074D5
:108F10006F67676C65206C6F6767696E670000003C
:108F2000633A2063616C6962726174652031306BF1
:108F3000670000006D203C6B673E3A2063616C69FE
:108F40006272617465000000743A20746172652079
:108F50002B206779726F00006466753A20626F6F2C
:108F6000746C6F616465720042617474657279201B
:108F7000766F6C74616765203D20000042617474F7
:108F80006572792070657263656E74616765203DF6
:108F900020000000746F7271756553616D706C65AF
:108FA000436F756E743D20002061766720746F7288
:108FB0007175653D00000000206779726F5A3D00B1
:108FC00020436164656E63653D0000002072706D32
:108FD0002020506F7765723D00000000456E74657B
:108FE00072696E672053595354454D4F46462E2E95
:108FF0002E0000004449592D506F7765726D6574DD
:109000006572000036453430303030312D42354104
:10901000332D463339332D453041392D45353045D3
:109020003234444343413945000000003645343072
:10903000303030332D423541332D463339332D45D1
:109040003041392D4535304532344443434139456B
:109050000000000036453430303030322D4235418A
:10906000332D463339332D453041392D4535304583
:109070003234444343413945000000002F7461728B
:10908000652E7478740000005461726520736176F7
:10909000656420746F20666C617368004661696C5A
:1090A000656420746F207361766520746172650059
:1090B0002F6372616E6B5F6C656E6774682E747877
:1090C000740000004372616E6B206C656E6774689B
:1090D00020736176656420746F20666C617368002C
:1090E0004661696C656420746F20736176652063E6
:1090F00072616E6B206C656E677468006372616E7E
:109100006B4C656E6774684D203D20002F6761725F
:109110006D696E5F6F66667365745F7265662E74E7
:10912000787400004761726D696E206F66667365C2
:1091300074207265666572656E636520736176651D
:109140006420746F20666C61736800004661696C0E
:10915000656420746F2073617665204761726D6964
:109160006E206F6666736574207265666572656EE3
:10917000636500002F6C6F6767696E672E74787483
:10918000000000002F63616C6962726174696F6E28
:109190002E747874000000004C6F61646564206375
:1091A000616C6962726174696F6E3A200000000040
:1091B0004E6F2063616C6962726174696F6E2066C4
:1091C000696C6520666F756E642C207573696E67B7
:1091D00020302E30000000004C6F61646564207404
:1091E0006172653A200000004E6F20746172652044
:1091F00066696C6520666F756E642C207573696E88
:10920000672030004C6F61646564206372616E6B2F
:10921000206C656E677468203D200000206D6D0035
:10922000496E76616C6964206372616E6B206C6557
:109230006E6774682066696C652C207573696E674B
:109240002064656661756C74203137322E35206D6F
:109250006D0000004E6F206372616E6B206C656E56
:109260006774682066696C6520666F756E642C2073
:109270007573696E672064656661756C742031373B
:10928000322E35206D6D00004C6F6164656420479F
:1092900061726D696E206F666673657420726566B3
:1092A0006572656E6365203D200000004E6F2047AB
:1092B00061726D696E206F66667365742072656693
:1092C0006572656E63652066696C6520666F756E94
:1092D00064000000496E697469616C697A65642094
:1092E0004761726D696E206F666673657420726582
:1092F000666572656E6365203D2000002F67797298
:109300006F5F746172652E74787400002566202585
:10931000660000004C6F61646564206779726F209D
:109320007461726520592F5A203D20002C200000C6
:10933000496E76616C6964206779726F207461721E
:10934000652066696C652C207573696E6720302E08
:10935000300000004E6F206779726F207461726573
:109360002066696C6520666F756E642C2075736964
:109370006E6720302E30000044495920506F7765C9
:10938000726D657465722076332E3220737461724B
:10939000740000005374617274696E6720494D5502
:1093A0002E2E2E00494D5520626567696E2072652C
:1093B00073756C74203D2000494D5520696E6974A9
:1093C000206661696C65642100000000526561647B
:1093D000792E20436F6D6D616E6473207669612014
:1093E000554152543A202769273D696E666F2C20FB
:1093F000276C273D6C6F6767696E672C2027632792
:109400003D63616C69622C202774273D746172652D
:109410002C20276D203C6B673E273D637573746F6E
:109420006D2063616C69622E0000000043616C690D
:1094300062726174696F6E20736176656420746F07
:1094400020666C61736800004661696C6564207415
:109450006F20736176652063616C69627261746903
:109460006F6E00004779726F2074617265207361BE
:1094700076656420746F20666C617368000000007C
:109480004661696C656420746F207361766520673E
:1094900079726F2074617265000000004779726F05
:1094A00020746172653A206B656570206372616E2D
:1094B0006B207374696C6C006779726F42696173B9
:1094C000595F647073203D20000000006779726F5F
:1094D000426961735A5F647073203D200000000090
:1094E00031000000546172653A2072656D6F7665D7
:1094F000206C6F61642066726F6D20706564616CB2
:10950000000000007A65726F4F6666736574436F82
:10951000756E7473203D200053617665642055415B
:1095200052542074617265207265666572656E635F
:1095300065203D20000000004761726D696E206F5C
:1095400066667365742076616C7565203D20000049
:109550003D3D3D2043616C6962726174696F6E20AC
:109560005374617274203D3D3D00000043616C699D
:1095700062726174696F6E206661696C656420282F
:10958000696E76616C69642064656C7461290000A1
:109590006C6F61646564417667203D2000000000C7
:1095A00064656C7461436F756E7473203D200000B8
:1095B000666F7263654E203D200000007363616C2E
:1095C00065466163746F725F636F756E74735F700D
:1095D00065725F4E203D20003D3D3D2043616C693A
:1095E00062726174696F6E20446F6E65203D3D3D0F
:1095F000000000002073617665206661696C656417
:109600000D0A00002073617665640D0A00000000F9
:109610005541525420636F6D6D616E6420726563B5
:1096200065697665643A2000690000006C000000FE
:109630004C6F6767696E67200000000063000000E0
:1096400055736167653A206D203C6D6173735F6B84
:10965000673E000064667500556E6B6E6F776E2016
:109660005541525420636F6D6D616E643A20000065
:109670004F4E00004F4646004E6F20706564616C8F
:10968000696E67202D3E206465657020736C65658A
:109690007000000011000000000000000000000049
:1096A000499E0200619E02007D9E020079A0020098
:1096B000000000000000000015A9020039A9020006
:1096C000100018000000C8000000000000000000AA
:1096D000ADBE0200ADBE0200B1BE0200000000003F
:1096E000000000000000000029BF02002DBF0200A2
:1096F0005075626C696300005374617469630000A3
:1097000050726976617465205265736F6C76616220
:109710006C65000050726976617465204E6F6E2032
:109720005265736F6C7661626C6500005849414FF9
:10973000206E524635323834302053656E736520C2
:10974000506C757300000000424C4500534F4300BD
:10975000F0960400F89604000097040014970400A3
:109760000100000711000000D8ECF0F4F8FC000242
:1097700003040506070800002F61646166727569BD
:10978000742F626F6E645F70727068002F61646125
:1097900066727569742F626F6E645F636E747200B7
:1097A0002F61646166727569742F626F6E645F7099
:1097B0007270682F25303258253032582530325893
:1097C00025303258253032582530325800000000FC
:1097D0002F61646166727569742F626F6E645F6376
:1097E0006E74722F25303258253032582530325859
:1097F00025303258253032582530325800000000CC
:10980000253032583A253032583A253032583A25E8
:109810003032583A253032583A253032580000005C
:1098200054696E795553422053657269616C00002A
:10983000000000000000000055D50200D1D3020056
:10984000C1D302003DD3020089D302005DD30200E0
:10985000B5D3020019D40200F0FFFFFF00000000A2
:10986000C1D50200536565656400000030313233B4
:10987000343536373839414243444546000000000C
:1098800012010002000000408628658000010102EC
:109890000301000009020900000100A032000000DD
:1098A0004164616672756974000000004D617373F4
:1098B0002053746F7261676500000000312E300024
:1098C0007573626400000000050F3900021810056E
:1098D0000038B60834A909A0478BFDA0768815B6D4
:1098E00065000101011C100500DF60DDD88945C756
:1098F0004C9CD2659D9E648A9F00000306B20002C4
:10990000000103005F757362645F71646566000047
:1099100000000000F5E0020089E10200B5E102006C
:10992000FDE1020011E30200D5E3020000000000A7
:109930000000000000000000BDED0200000000007B
:10994000CDED0200DDED02006DEE02009DEF0200A4
:109950000000000000000000000000008DE5020093
:10996000A5E50200A9E50200C1E5020081E60200CA
:10997000B5E8020000000000000000000000000048
:1099800061FD02007DFD020081FD02009DFD0200DF
:10999000FDFE0200D50603000000000000000000EC
:1099A0000000000089E90200FDE9020029EA020046
:1099B00051EA020079EB02007DEB0200000000009A
:1099C000000000000000000021F7020079F702000B
:1099D00095F70200B9F7020051DE0200DDF802003F
:1099E0000000000000000000000101010000000074
:1099F00000000000CD3C0300053D030071CA0200D9
:109A0000C53C0300F53C0300FD3C0300C13C0300E2
:109A10000338FDD87047000000000000000000007F
:109A2000DD4A0300E14A03002E2E00002F00000053
:109A30000000000000000000694E0300E54C030038
:109A400071CA0200954D03000D4E0300254D030021
:109A5000D94D0300626C6F636B203C206C66732DE4
:109A60003E6366672D3E626C6F636B5F636F756EFE
:109A700074000000433A5C55736572735C537665FD
:109A80006E20426F736D615C417070446174615C03
:109A90004C6F63616C5C41726475696E6F31355CEB
:109AA0007061636B616765735C5365656564756957
:109AB0006E6F5C68617264776172655C6E72663548
:109AC000325C312E312E31315C6C696272617269A7
:109AD00065735C41646166727569745F4C69747426
:109AE0006C6546535C7372635C6C6974746C656618
:109AF000735C6C66732E630068656164203E3D2074
:109B0000322026262068656164203C3D206C667307
:109B10002D3E6366672D3E626C6F636B5F636F758E
:109B20006E7400007063616368652D3E626C6F63E4
:109B30006B203D3D20307866666666666666660028
:109B40006E626C6F636B203E3D2032202626206EB5
:109B5000626C6F636B203C3D206C66732D3E6366C8
:109B6000672D3E626C6F636B5F636F756E74000090
:109B7000656E7472792E642E74797065203D3D2077
:109B80004C46535F545950455F5245470000000012
:109B9000726573006C66732D3E6366672D3E6C6F55
:109BA0006F6B61686561642025203332203D3D2064
:109BB000300000006C66732D3E6366672D3E6C6F4F
:109BC0006F6B6168656164203E2030006C66732DA8
:109BD0003E6366672D3E70726F675F73697A6520BA
:109BE00025206C66732D3E6366672D3E7265616449
:109BF0005F73697A65203D3D203000006C66732DEF
:109C00003E6366672D3E626C6F636B5F73697A6556
:109C10002025206C66732D3E6366672D3E70726F43
:109C2000675F73697A65203D3D203000342A6C6699
:109C3000735F6E7077322830786666666666666631
:109C400066202F20286C66732D3E6366672D3E626A
:109C50006C6F636B5F73697A652D322A3429292012
:109C60003C3D206C66732D3E6366672D3E626C6FD3
:109C7000636B5F73697A65006C6974746C65667395
:109C8000000000006C66735F63616368655F726506
:109C9000616400006C66735F63616368655F707226
:109CA0006F6700006C66735F63747A5F66696E64E9
:109CB000000000006C66735F63747A5F657874659A
:109CC0006E6400006C66735F66696C655F73796EC5
:109CD000630000006C66735F72656D6F76650000EF
:109CE0006C66735F696E697400000000000000001C
:109CF0006410B71DC8206E3BAC30D9269041DC768D
:109D0000F4516B6B5861B24D3C7105502083B8ED36
:109D100044930FF0E8A3D6D68CB361CBB0C2649B5A
:109D2000D4D2D38678E20AA01CF2BDBD00000000A8
:109D3000000000005DA5030071A503000200000003
:109D4000030000001C0000001D00000004000000D3
:109D5000050000002B0000002C0000002D0000007A
:109D60002E0000002F0000001A0000000600000076
:109D70001E0000000E000000280000001B00000074
:109D8000070000000B0000002A0000002000000077
:109D9000100000000D000000110000001500000080
:109DA0001900000014000000180000001600000058
:109DB000170000000F000000130000002100000049
:109DC000090000000A0000001F000000270000003A
:109DD0002500000023000000252525642E2564664B
:109DE00000000000546D725100000000546D72209C
:109DF000537663006C6F6F700000000043616C6C01
:109E00006261636B000000004661696C20746F2022
:109E100061637175697265206D757465780A0000FB
:109E20004661696C20746F2072656C656173652092
:109E30006D757465780A00004661696C20746F2046
:109E4000696E63726561736520504D20636F756E36
:109E50007465720A000000004661696C20746F200E
:109E6000646563726561736520504D20636F756E24
:109E70007465720A00000000000102030405060771
:109E800008090A0B0C0D0E0F1011121314151617DA
:109E900018191A1B1C1D1E1FC6A13B37878F5B821A
:109EA0006F4F8162A1C8D8799503E3A2245A2BE4AD
:109EB0003C9874EDFE1BED9EF29000B62A499FD0AF
:109EC000A9F39A6ADD2E77809DBA41A777F3B46A29
:109ED00037B7AAAE49D6DF8D2F7A3C600708D12468
:109EE000ACD3C5DE3B6584470000000001000000E4
:109EF0000300000002000000FFFFFFFF070000005A
:109F00004661696C20746F206765742054524E4717
:109F100020636861726163746572697A6174696FE4
:109F20006E20706172616D6574657273200A000045
:109F30004661696C20746F2063726561746520539B
:109F4000594D206D757465780A0000004661696C92
:109F500020746F20637265617465204153594D20F0
:109F60006D757465780A00004661696C65642074DB
:109F70006F2063726561746520506F776572206D24
:109F8000757465780A0000004661696C20746F2062
:109F90006372656174652047656E566563206D75F3
:109FA0007465780A0000000043616E277420696EB2
:109FB000697469616C697A65206D757465782C20A7
:109FC000776173204E554C4C0D0A000043616E279B
:109FD00074206C6F636B206D757465782C207761CD
:109FE00073204E554C4C0D0A0000000043616E2753
:109FF0007420756E6C6F636B206D757465782C20A2
:10A00000776173204E554C4C0D0A00005361536923
:10A010005F48616C57616974496E746572727570DE
:10A02000742063616E74207761697420666F72209A
:10A030006E6F7468696E670A000000000001020319
:10A040000405060708090A0B0C0D0E0F1011121358
:10A050001415161718191A1B1C1D1E1F393204005F
:10A0600041320400493204005132040059320400E4
:10A070006132040069320400713204007932040054
:10A0800081320400893204000000000073ACFFFF3D
:10A09000FEFFFFFFFFFFFFFFFFFFFFFFFFFFFFFFD1
:10A0A00000000000000000000000000000000000B0
:10A0B00000000000000000000000000000000000A0
:10A0C0000000000000000000000000000000000090
:10A0D0000000000000000000000000000000000080
:10A0E0000000000000000000000000000000000070
:10A0F0000000000000000000000000000000000060
:10A10000000000000000000000000000000000004F
:10A110000000000000000000000000000700000038
:10A12000000000000000000000000000000000002F
:10A13000000000000000000000000000000000001F
:10A14000000000000000000000000000000000000F
:10A1500000000000000000000000000000000000FF
:10A1600000000000B3B616CA9AABDF16FAB80100B9
:10A1700000000000000000000100000000000000DE
:10A1800000000000000000000000000000000000CF
:10A1900000000000000000000000000000000000BF
:10A1A00000000000000000000000000000000000AF
:10A1B000BB7E4DDDF5F43630769E01A492A17AE3A4
:10A1C0002C384C3B000000000000000000000000A4
:10A1D000000000000000000000000000000000007F
:10A1E000000000000000000000000000000000006F
:10A1F0000000000000000000EE4F3CF0C333175396
:10A200008682C26BEDDC8F3135F98C930000000043
:10A21000000000000000000000000000000000003E
:10A22000000000000000000000000000000000002E
:10A23000000000000000000000000000000000001E
:10A24000010000000000000000000000800000008D
:10A250000000000000000000FFFFFFFFFFFFFFFF06
:10A26000FF000000000000000000000000000000EF
:10A2700000000000000000000000000000000000DE
:10A2800000000000000000000000000000000000CE
:10A2900000000000000000000000000000000000BE
:10A2A00000000000000000000000000000000000AE
:10A2B000000000000000000000000000000000009E
:10A2C000000000000000000000000000000000008E
:10A2D000000000000000000000000000000000007E
:10A2E000000000000000000000000000000000006E
:10A2F000000000000000000000000000000000005E
:10A30000000000000000000000000000000000004D
:10A31000000000000000000000000000000000003D
:10A32000000000000000000000000000000000002D
:10A33000000000000000000000000000000000001D
:10A3400000000000A0000000A100000005000000C7
:10A3500000000000534543475F5052494D455F316F
:10A3600036304B3100000000FFFFFF7FFFFFFFFF93
:10A37000FFFFFFFFFFFFFFFFFFFFFFFF00000000E9
:10A3800000000000000000000000000000000000CD
:10A3900000000000000000000000000000000000BD
:10A3A00000000000000000000000000000000000AD
:10A3B000FCFFFF7FFFFFFFFFFFFFFFFFFFFFFFFF30
:10A3C000FFFFFFFF00000000000000000000000091
:10A3D000000000000000000000000000000000007D
:10A3E000000000000000000000000000000000006D
:10A3F000000000000000000045FA65C5ADD4D4811E
:10A400009FF8AC658B7ABD54FCBE971C0000000021
:10A41000000000000000000000000000000000003C
:10A42000000000000000000000000000000000002C
:10A43000000000000000000000000000000000001C
:10A44000572275CAD3AE27F9C8F4010000000000F6
:10A4500000000000010000000000000000000000FB
:10A4600000000000000000000000000000000000EC
:10A4700000000000000000000000000000000000DC
:10A4800000000000000000000000000082FCCB1370
:10A49000B98BC368896964462873F58E68B5964A96
:10A4A00000000000000000000000000000000000AC
:10A4B000000000000000000000000000000000009C
:10A4C000000000000000000000000000000000008C
:10A4D0000000000032FBC57A3751230412C9DC5951
:10A4E0007D9468315528A62300000000000000007C
:10A4F000000000000000000000000000000000005C
:10A50000000000000000000000000000000000004B
:10A51000000000000000000000000000010000003A
:10A5200000000000000000008000000000000000AB
:10A5300000000000FFFFFFFFFFFFFFFFFF00000024
:10A54000000000000000000000000000000000000B
:10A5500000000000000000000000000000000000FB
:10A5600000000000000000000000000000000000EB
:10A5700000000000000000000000000000000000DB
:10A5800000000000000000000000000000000000CB
:10A5900000000000000000000000000000000000BB
:10A5A00000000000000000000000000000000000AB
:10A5B000000000000000000000000000000000009B
:10A5C000000000000000000000000000000000008B
:10A5D000000000000000000000000000000000007B
:10A5E000000000000000000000000000000000006B
:10A5F000000000000000000000000000000000005B
:10A60000000000000000000000000000000000004A
:10A61000000000000000000000000000000000003A
:10A62000A0000000A10000000500000001000000E3
:10A63000534543475F5052494D455F3136305231A3
:10A640000000000073ACFFFFFEFFFFFFFFFFFFFFF6
:10A65000FFFFFFFFFFFFFFFF000000000000000002
:10A6600000000000000000000000000000000000EA
:10A6700000000000000000000000000000000000DA
:10A6800000000000000000000000000070ACFFFFB0
:10A69000FEFFFFFFFFFFFFFFFFFFFFFFFFFFFFFFCB
:10A6A00000000000000000000000000000000000AA
:10A6B000000000000000000000000000000000009A
:10A6C000000000000000000000000000000000008A
:10A6D00000000000BA8803F55A4D6604492757ABBD
:10A6E0008BEB59FBD334E1B4000000000000000004
:10A6F000000000000000000000000000000000005A
:10A700000000000000000000000000000000000049
:10A710000000000000000000000000006BA1A1F399
:10A7200018A886E71E3500000000000000000000A9
:10A730000100000000000000000000000000000018
:10A740000000000000000000000000000000000009
:10A7500000000000000000000000000000000000F9
:10A7600000000000000000006DCE44319D19F7305C
:10A770001BF14F1F7E113A2934B0DC52000000005B
:10A7800000000000000000000000000000000000C9
:10A7900000000000000000000000000000000000B9
:10A7A00000000000000000000000000000000000A9
:10A7B0002E3FD4A7FE2C98F90DFA71E096F231E302
:10A7C000F2FEAFFE000000000000000000000000EC
:10A7D0000000000000000000000000000000000079
:10A7E0000000000000000000000000000000000069
:10A7F0000000000000000000010000000000000058
:10A8000000000000800000000000000000000000C8
:10A81000FFFFFFFFFFFFFFFFFF0000000000000041
:10A820000000000000000000000000000000000028
:10A830000000000000000000000000000000000018
:10A840000000000000000000000000000000000008
:10A8500000000000000000000000000000000000F8
:10A8600000000000000000000000000000000000E8
:10A8700000000000000000000000000000000000D8
:10A8800000000000000000000000000000000000C8
:10A8900000000000000000000000000000000000B8
:10A8A00000000000000000000000000000000000A8
:10A8B0000000000000000000000000000000000098
:10A8C0000000000000000000000000000000000088
:10A8D0000000000000000000000000000000000078
:10A8E0000000000000000000000000000000000068
:10A8F000000000000000000000000000A0000000B8
:10A90000A10000000500000002000000534543477D
:10A910005F5052494D455F313630523200000000E1
:10A9200037EEFFFFFEFFFFFFFFFFFFFFFFFFFFFF11
:10A93000FFFFFFFFFFFFFFFF00000000000000001F
:10A940000000000000000000000000000000000007
:10A9500000000000000000000000000000000000F7
:10A9600000000000000000000000000000000000E7
:10A9700000000000000000000000000000000000D7
:10A9800000000000000000000000000000000000C7
:10A9900000000000000000000000000000000000B7
:10A9A00000000000000000000000000000000000A7
:10A9B0000300000000000000000000000000000094
:10A9C0000000000000000000000000000000000087
:10A9D0000000000000000000000000000000000077
:10A9E0000000000000000000000000000000000067
:10A9F00000000000000000008DFDDE746A46690F53
:10AA000017FCF226FEFFFFFFFFFFFFFFFFFFFFFF28
:10AA10000000000000000000000000000000000036
:10AA20000000000000000000000000000000000026
:10AA30000000000000000000000000000000000016
:10AA4000000000007D6CE0EAB1D1A51D34F4B780B0
:10AA5000027DB026AEE957C00EF14FDB00000000CA
:10AA600000000000000000000000000000000000E6
:10AA700000000000000000000000000000000000D6
:10AA80000000000000000000000000009D2F5ED9C3
:10AA900088AA82403486BE15D0634184A728569C7C
:10AAA0006D2F2F9B00000000000000000000000040
:10AAB0000000000000000000000000000000000096
:10AAC0000000000000000000000000000000000086
:10AAD0000000000001000000000000000000000075
:10AAE00080000000000000000000000000000000E6
:10AAF00000000000800000000000000000000000D6
:10AB00000000000000000000000000000000000045
:10AB10000000000000000000000000000000000035
:10AB20000000000000000000000000000000000025
:10AB30000000000000000000000000000000000015
:10AB40000000000000000000000000000000000005
:10AB500000000000000000000000000000000000F5
:10AB600000000000000000000000000000000000E5
:10AB700000000000000000000000000000000000D5
:10AB800000000000000000000000000000000000C5
:10AB900000000000000000000000000000000000B5
:10ABA00000000000000000000000000000000000A5
:10ABB0000000000000000000000000000000000095
:10ABC0000000000000000000000000000000000085
:10ABD0000000000000000000C0000000C0000000F5
:10ABE0000500000003000000534543475F505249F1
:10ABF0004D455F3139324B3100000000FFFFFFFF50
:10AC0000FFFFFFFFFEFFFFFFFFFFFFFFFFFFFFFF55
:10AC1000FFFFFFFF00000000000000000000000038
:10AC20000000000000000000000000000000000024
:10AC30000000000000000000000000000000000014
:10AC400000000000FCFFFFFFFFFFFFFFFEFFFFFF14
:10AC5000FFFFFFFFFFFFFFFFFFFFFFFF0000000000
:10AC600000000000000000000000000000000000E4
:10AC700000000000000000000000000000000000D4
:10AC8000000000000000000000000000B1B946C153
:10AC9000ECDEB8FE49302472ABE9A70FE7809CE5F3
:10ACA0001905216400000000000000000000000001
:10ACB0000000000000000000000000000000000094
:10ACC0000000000000000000000000000000000084
:10ACD000000000003128D2B4B1C96B1436F8DE99F7
:10ACE000FFFFFFFFFFFFFFFFFFFFFFFF0000000070
:10ACF0000000000000000000000000000000000054
:10AD00000000000000000000000000000000000043
:10AD10000000000000000000000000000000000033
:10AD20001210FF82FD0AFFF40088A143EB20BF7CD4
:10AD3000F69030B00EA88D18000000000000000052
:10AD40000000000000000000000000000000000003
:10AD500000000000000000000000000000000000F3
:10AD600000000000000000001148791EA177F9736F
:10AD7000D5CD246BED11106378DAC8FF952B190738
:10AD800000000000000000000000000000000000C3
:10AD900000000000000000000000000000000000B3
:10ADA00000000000000000000000000000000000A3
:10ADB0000100000000000000000000008000000012
:10ADC0000000000000000000000000000000000083
:10ADD00080000000000000000000000000000000F3
:10ADE0000000000000000000000000000000000063
:10ADF0000000000000000000000000000000000053
:10AE00000000000000000000000000000000000042
:10AE10000000000000000000000000000000000032
:10AE20000000000000000000000000000000000022
:10AE30000000000000000000000000000000000012
:10AE40000000000000000000000000000000000002
:10AE500000000000000000000000000000000000F2
:10AE600000000000000000000000000000000000E2
:10AE700000000000000000000000000000000000D2
:10AE800000000000000000000000000000000000C2
:10AE900000000000000000000000000000000000B2
:10AEA00000000000000000000000000000000000A2
:10AEB00000000000C0000000C0000000050000000D
:10AEC00004000000534543475F5052494D455F31F0
:10AED00039325231000000006DE5FFFFFEFFFFFF39
:10AEE000FFFFFFFFFFFFFFFFFFFFFFFFFFFFFFFF72
:10AEF000FFFFFFFF00000000000000000000000056
:10AF00000000000000000000000000000000000041
:10AF10000000000000000000000000000000000031
:10AF20000000000000000000000000000000000021
:10AF30000000000000000000000000000000000011
:10AF40000000000000000000000000000000000001
:10AF500000000000000000000000000000000000F1
:10AF600000000000000000000500000000000000DC
:10AF700000000000000000000000000000000000D1
:10AF800000000000000000000000000000000000C1
:10AF900000000000000000000000000000000000B1
:10AFA00000000000000000000000000000000000A1
:10AFB000F7B19F7671A9F0CA8461ECD2E8DC010098
:10AFC0000000000000000000000000000100000080
:10AFD0000000000000000000000000000000000071
:10AFE0000000000000000000000000000000000061
:10AFF0000000000000000000000000005CA4B7B6E4
:10B000000E657E0FA97570E4E967A469A128FC307C
:10B01000DF99F04D335B45A1000000000000000007
:10B020000000000000000000000000000000000020
:10B030000000000000000000000000000000000010
:10B0400000000000A5616D55DB4BCAE259BDB0C0E0
:10B05000F719E3F7D6FBCA824234BA7FED9F087E28
:10B0600000000000000000000000000000000000E0
:10B0700000000000000000000000000000000000D0
:10B0800000000000000000000000000001000000BF
:10B090000000000000000000800000000000000030
:10B0A00000000000FFFFFFFFFFFFFFFFFF000000A9
:10B0B0000000000000000000000000000000000090
:10B0C0000000000000000000000000000000000080
:10B0D0000000000000000000000000000000000070
:10B0E0000000000000000000000000000000000060
:10B0F0000000000000000000000000000000000050
:10B10000000000000000000000000000000000003F
:10B11000000000000000000000000000000000002F
:10B12000000000000000000000000000000000001F
:10B13000000000000000000000000000000000000F
:10B1400000000000000000000000000000000000FF
:10B1500000000000000000000000000000000000EF
:10B1600000000000000000000000000000000000DF
:10B1700000000000000000000000000000000000CF
:10B1800000000000000000000000000000000000BF
:10B19000E0000000E10000000500000005000000E4
:10B1A000534543475F5052494D455F3232344B312E
:10B1B000000000000100000000000000000000008E
:10B1C000FFFFFFFFFFFFFFFFFFFFFFFFFFFFFFFF8F
:10B1D000000000000000000000000000000000006F
:10B1E000000000000000000000000000000000005F
:10B1F000000000000000000000000000FEFFFFFF54
:10B20000FFFFFFFFFFFFFFFFFEFFFFFFFFFFFFFF4F
:10B21000FFFFFFFFFFFFFFFF000000000000000036
:10B22000000000000000000000000000000000001E
:10B23000000000000000000000000000000000000E
:10B2400000000000B4FF552343390B27BAD8BFD7FD
:10B25000B7B04450563241F5ABB3040C850A05B47F
:10B2600000000000000000000000000000000000DE
:10B2700000000000000000000000000000000000CE
:10B280000000000000000000000000003D2A5C5C9F
:10B290004529DD133EF0B8E0A216FFFFFFFFFFFFD8
:10B2A000FFFFFFFFFFFFFFFF0000000000000000A6
:10B2B000000000000000000000000000000000008E
:10B2C000000000000000000000000000000000007E
:10B2D0000000000000000000211D5C11D680323407
:10B2E0002211C256D3C1034AB99013327FBFB46B47
:10B2F000BD0C0EB7000000000000000000000000C0
:10B30000000000000000000000000000000000003D
:10B31000000000000000000000000000000000002D
:10B32000347E00859981D5446447075AA07543CD82
:10B33000E6DF224CFB23F7B5886337BD0000000031
:10B3400000000000000000000000000000000000FD
:10B3500000000000000000000000000000000000ED
:10B3600000000000000000000100000000000000DC
:10B37000000000008000000000000000000000004D
:10B38000000000000000000080000000000000003D
:10B3900000000000000000000000000000000000AD
:10B3A000000000000000000000000000000000009D
:10B3B000000000000000000000000000000000008D
:10B3C000000000000000000000000000000000007D
:10B3D000000000000000000000000000000000006D
:10B3E000000000000000000000000000000000005D
:10B3F000000000000000000000000000000000004D
:10B40000000000000000000000000000000000003C
:10B41000000000000000000000000000000000002C
:10B42000000000000000000000000000000000001C
:10B43000000000000000000000000000000000000C
:10B4400000000000000000000000000000000000FC
:10B4500000000000000000000000000000000000EC
:10B46000000000000000000000000000E0000000FC
:10B47000E0000000050000000600000053454347BF
:10B480005F5052494D455F32323452310000000066
:10B490002FFCFFFFFEFFFFFFFFFFFFFFFFFFFFFF90
:10B4A000FFFFFFFFFFFFFFFFFFFFFFFFFFFFFFFFAC
:10B4B000000000000000000000000000000000008C
:10B4C000000000000000000000000000000000007C
:10B4D000000000000000000000000000000000006C
:10B4E000000000000000000000000000000000005C
:10B4F000000000000000000000000000000000004C
:10B50000000000000000000000000000000000003B
:10B51000000000000000000000000000000000002B
:10B520000700000000000000000000000000000014
:10B53000000000000000000000000000000000000B
:10B5400000000000000000000000000000000000FB
:10B5500000000000000000000000000000000000EB
:10B560000000000000000000414136D08C5ED2BFD8
:10B570003BA048AFE6DCAEBAFEFFFFFFFFFFFFFFD8
:10B58000FFFFFFFFFFFFFFFF0000000000000000C3
:10B5900000000000000000000000000000000000AB
:10B5A000000000000000000000000000000000009B
:10B5B000000000009817F8165B81F259D928CE2DAB
:10B5C000DBFC9B02070B87CE9562A055ACBBDCF978
:10B5D0007E66BE7900000000000000000000000050
:10B5E000000000000000000000000000000000005B
:10B5F000000000000000000000000000B8D410FBB4
:10B600008FD0479C195485A648B417FDA808110E81
:10B61000FCFBA45D65C4A32677DA3A48000000006D
:10B62000000000000000000000000000000000001A
:10B63000000000000000000000000000000000000A
:10B6400000000000010000000000000000000000F9
:10B65000800000000000000000000000000000006A
:10B66000000000008000000000000000000000005A
:10B6700000000000000000000000000000000000CA
:10B6800000000000000000000000000000000000BA
:10B6900000000000000000000000000000000000AA
:10B6A000000000000000000000000000000000009A
:10B6B000000000000000000000000000000000008A
:10B6C000000000000000000000000000000000007A
:10B6D000000000000000000000000000000000006A
:10B6E000000000000000000000000000000000005A
:10B6F000000000000000000000000000000000004A
:10B700000000000000000000000000000000000039
:10B710000000000000000000000000000000000029
:10B720000000000000000000000000000000000019
:10B730000000000000000000000000000000000009
:10B7400000000000000000000001000000010000F7
:10B750000500000007000000534543475F50524971
:10B760004D455F3235364B3100000000FFFFFFFFD3
:10B77000FFFFFFFFFFFFFFFF0000000000000000D1
:10B780000000000001000000FFFFFFFF00000000BC
:10B7900000000000000000000000000000000000A9
:10B7A0000000000000000000000000000000000099
:10B7B00000000000FCFFFFFFFFFFFFFFFFFFFFFF98
:10B7C0000000000000000000000000000100000078
:10B7D000FFFFFFFF0000000000000000000000006D
:10B7E0000000000000000000000000000000000059
:10B7F0000000000000000000000000004B60D227A5
:10B800003E3CCE3BF6B053CCB0061D65BC86987668
:10B8100055BDEBB3E7933AAAD835C65A00000000ED
:10B820000000000000000000000000000000000018
:10B830000000000000000000000000000000000008
:10B8400000000000512563FCC2CAB9F3849E17A70B
:10B85000ADFAE6BCFFFFFFFFFFFFFFFF00000000A7
:10B86000FFFFFFFF000000000000000000000000DC
:10B8700000000000000000000000000000000000C8
:10B8800000000000000000000000000000000000B8
:10B8900096C298D84539A1F4A033EB2D817D03776A
:10B8A000F240A463E5E6BCF847422CE1F2D1176B05
:10B8B0000000000000000000000000000000000088
:10B8C0000000000000000000000000000000000078
:10B8D0000000000000000000F551BF376840B6CB03
:10B8E000CE5E316B5733CE2B169E0F7C4AEBE78E24
:10B8F0009B7F1AFEE242E34F0000000000000000C0
:10B900000000000000000000000000000000000037
:10B910000000000000000000000000000000000027
:10B9200001000000FFFFFFFF7F000000800000001B
:10B930000000000000000000FFFFFFFF7F0000008C
:10B940008000000000000000000000000000000077
:10B9500000000000000000000000000000000000E7
:10B9600000000000000000000000000000000000D7
:10B9700000000000000000000000000000000000C7
:10B9800000000000000000000000000000000000B7
:10B9900000000000000000000000000000000000A7
:10B9A0000000000000000000000000000000000097
:10B9B0000000000000000000000000000000000087
:10B9C0000000000000000000000000000000000077
:10B9D0000000000000000000000000000000000067
:10B9E0000000000000000000000000000000000057
:10B9F0000000000000000000000000000000000047
:10BA00000000000000000000000000000000000036
:10BA10000000000000000000000000000000000026
:10BA2000000000000001000000010000050000000F
:10BA300008000000534543475F5052494D455F326F
:10BA40003536523100000000FFFFFFFF000000000C
:10BA500000000000FFFFFFFFFEFFFFFFFFFFFFFFF3
:10BA6000FFFFFFFFFFFFFFFFFFFFFFFFFFFFFFFFE6
:10BA7000FFFFFFFFFFFFFFFF0000000000000000CE
:10BA800000000000000000000000000000000000B6
:10BA9000FCFFFFFF0000000000000000FFFFFFFFB1
:10BAA000FEFFFFFFFFFFFFFFFFFFFFFFFFFFFFFFA7
:10BAB000FFFFFFFFFFFFFFFFFFFFFFFFFFFFFFFF96
:10BAC0000000000000000000000000000000000076
:10BAD0000000000000000000EF2AECD3EDC8852A2A
:10BAE0009DD12E8A8D3956C65A8713508F0814035C
:10BAF000124181FE6E9C1D18192DF8E36B058E987E
:10BB0000E4E73EE2A72F31B3000000000000000090
:10BB10000000000000000000000000000000000025
:10BB20007329C5CC6A19ECEC7AA7B048B20D1A5843
:10BB3000DF2D37F4814D63C7FFFFFFFFFFFFFFFFDE
:10BB4000FFFFFFFFFFFFFFFFFFFFFFFFFFFFFFFF05
:10BB500000000000000000000000000000000000E5
:10BB6000000000000000000000000000B70A76722C
:10BB7000385E543A6C2955BF5DF20255382A54821A
:10BB8000E041F759989BA78B623B1D6E74AD20F383
:10BB90001EC7B18E37058BBE22CA87AA00000000DF
:10BBA0000000000000000000000000000000000095
:10BBB000000000005F0EEA907C1D437A9D817E1D8F
:10BBC000CEB1600AC0B8F0B51331DAE97C149A2816
:10BBD000BD1DF4F829DC9292BF989E5D6F2C2696CD
:10BBE0004ADE1736000000000000000000000000E0
:10BBF0000000000000000000000000000100000044
:10BC000000000000000000008000000000000000B4
:10BC100000000000000000000000000080000000A4
:10BC20000000000000000000000000000000000014
:10BC30000000000000000000000000000000000004
:10BC400000000000000000000000000000000000F4
:10BC500000000000000000000000000000000000E4
:10BC600000000000000000000000000000000000D4
:10BC700000000000000000000000000000000000C4
:10BC800000000000000000000000000000000000B4
:10BC900000000000000000000000000000000000A4
:10BCA0000000000000000000000000000000000094
:10BCB0000000000000000000000000000000000084
:10BCC0000000000000000000000000000000000074
:10BCD0000000000000000000000000000000000064
:10BCE0000000000000000000000000000000000054
:10BCF0000000000000000000000000000000000044
:10BD00008001000080010000050000000900000023
:10BD1000534543475F5052494D455F3338345231A4
:10BD200000000000FFFFFFFFFFFFFFFFFFFFFFFF1F
:10BD3000FFFFFFFFFFFFFFFFFFFFFFFFFFFFFFFF13
:10BD4000FFFFFFFFFFFFFFFFFFFFFFFFFFFFFFFF03
:10BD5000FFFFFFFFFFFFFFFFFFFFFFFFFFFFFFFFF3
:10BD6000FFFFFFFFFF01000000000000FCFFFFFFDE
:10BD7000FFFFFFFFFFFFFFFFFFFFFFFFFFFFFFFFD3
:10BD8000FFFFFFFFFFFFFFFFFFFFFFFFFFFFFFFFC3
:10BD9000FFFFFFFFFFFFFFFFFFFFFFFFFFFFFFFFB3
:10BDA000FFFFFFFFFFFFFFFFFFFFFFFFFF0100009F
:10BDB00000000000003F506BD41F45EFF1342C3DD4
:10BDC00088DF733507BFB13BBDC052167B937EEC55
:10BDD00051391956E109F18E9189B4B8F315B39927
:10BDE0005B72DAA2EE4085B6A0219A921F9A1C8E51
:10BDF00061B93E95510000000000000009643891CF
:10BE00001EB76FBBAE479C89B8C9B53BD0A509F733
:10BE10004801CC7F6B962FBF83878651FAFFFFFFC7
:10BE2000FFFFFFFFFFFFFFFFFFFFFFFFFFFFFFFF22
:10BE3000FFFFFFFFFFFFFFFFFFFFFFFFFF0100000E
:10BE4000000000000000000066BDE5C2317E7EF902
:10BE50009B426A85C1B34833DEA8FFA227C11DFEFD
:10BE60002859E7EF775E4BA1BA3D4D6B60AF28F8DC
:10BE700021B53F053981649C42B4952366CB3E9E33
:10BE8000CDE90404B7068E85C6000000000000005E
:10BE90005066D19F7694BE8840C272A286703C35AF
:10BEA0006107AD3F01B950C54026F45E9972EE9727
:10BEB0002C663E2717BDAF1768449B574944F59839
:10BEC000D91B7D2CB45F8A5C04C03B9A786A2939FF
:10BED0001801000000000000010000000000000048
:10BEE00000000000800000000000000000000000D2
:10BEF00000000000000000008000000000000000C2
:10BF00000000000000000000000000000000000031
:10BF10000000000000000000000000000000000021
:10BF20000000000000000000000000000000000011
:10BF30000000000000000000000000000000000001
:10BF400000000000000000000000000000000000F1
:10BF500000000000000000000000000000000000E1
:10BF600000000000000000000000000000000000D1
:10BF700000000000000000000000000000000000C1
:10BF800000000000000000000000000000000000B1
:10BF900000000000000000000000000000000000A1
:10BFA0000000000000000000000000000000000091
:10BFB0000000000000000000000000000000000081
:10BFC0000000000000000000000000000000000071
:10BFD0000000000000000000000000000902000056
:10BFE00009020000050000000A0000005345434715
:10BFF0005F5052494D455F353231523100000000EB
:10C000002C2066756E6374696F6E3A2000617373DD
:10C01000657274696F6E2022257322206661696CD7
:10C0200065643A2066696C6520222573222C206C99
:10C03000696E65202564257325730A0090610020D0
:10C04000232D302B2000686C4C0065666745464701
:10C0500000494E4600696E66004E414E006E616EAC
:10C060000030313233343536373839414243444574
:10C0700046003031323334353637383961626364E3
:10C080006566000035000000CEFBFFFFCB0300001B
:10C09000010000000000000034000000CEFBFFFFA4
:10C0A000CB030000010000000000000000000000C1
:10C0B000BC89D897B2D29C3C33A7A8D523F649397E
:10C0C0003DA7F444FD0FA5329D978CCF08BA5B25A0
:10C0D000436FAC6428066811002020202020202017
:10C0E0002020282828282820202020202020202028
:10C0F0002020202020202020208810101010101038
:10C100001010101010101010100404040404040483
:10C11000040404101010101010104141414141411D
:10C1200001010101010101010101010101010101FF
:10C13000010101011010101010104242424242420F
:10C1400002020202020202020202020202020202CF
:10C150000202020210101010200000000000000077
:10C1600000000000000000000000000000000000CF
:10C1700000000000000000000000000000000000BF
:10C1800000000000000000000000000000000000AF
:10C19000000000000000000000000000000000009F
:10C1A000000000000000000000000000000000008F
:10C1B000000000000000000000000000000000007F
:10C1C000000000000000000000000000000000006F
:10C1D000000000000000000000496E66696E69748E
:10C1E00079004E614E0000000000000000000000D9
:10C1F000000000000000000000000000000000003F
:10C20000000000000000000000000000000000002E
:10C21000000000000000000000000000000000001E
:10C22000000000000000000000000000000000000E
:10C2300000000000000000000000000000000000FE
:10C2400000000000000000002E00000048C20400B2
:10C250003BC00400F06100204300504F5349580098
:10C260000080E03779C34143176E05B5B5B89346F2
:10C27000F5F93FE9034F384D321D30F94877825ABE
:10C280003CBF737FDD4F1575000000000000F03FDC
:10C2900000000000000024400000000000005940A1
:10C2A0000000000000408F40000000000088C340F4
:10C2B00000000000006AF8400000000080842E4169
:10C2C00000000000D01263410000000084D79741B5
:10C2D0000000000065CDCD41000000205FA00242BB
:10C2E000000000E876483742000000A2941A6D4230
:10C2F000000040E59C30A2420000901EC4BCD64223
:10C3000000003426F56B0C430080E03779C34143CD
:10C3100000A0D8855734764300C84E676DC1AB4343
:10C32000003D9160E458E143408CB5781DAF154461
:10C3300050EFE2D6E41A4B4492D54D06CFF080443C
:10C34000F64AE1C7022DB544B49DD9794378EA4451
:10C3500005000000190000007D0000002B2D0030BA
:10C360003000785800412D46612D66383930313221
:10C3700033343536375D00005CC304005FC304000E
:08C3800062C30400000000008C
:08C38800C8AEFD7F01000000BA
:10C3900000000000FFFF640059010000D7A3303EF9
:10C3A000010000000000C07F0A000000000003063A
:10C3B000B200080001000000A80008000200000010
:10C3C000A0001400030057494E55534200000000DE
:10C3D0000000000000008400040007002A00440060
:10C3E0006500760069006300650049006E00740016
:10C3F000650072006600610063006500470055003B
:10C40000490044007300000050007B0039003700F1
:10C410003500460034003400440039002D0030005F
:10C420004400300038002D00340033004600440042
:10C430002D0038004200330045002D00310032004D
:10C4400037004300410038004100460046004600E6
:10C45000390044007D0000000000000004000000DE
:10C4600010000C00987F00200499040000000000D8
:10C4700000000000000000000000000000000000BC
:10C4800000000000000000000000000000000000AC
:10C49000000000000000000000000000000000009C
:10C4A000000000000000000000000000000000008C
:10C4B000000000000000000000000000FF0000007D
:10C4C00000000000E1A50300C5A5030099A5030035
:10C4D0008DA50300800000008000000080000000A7
:10C4E000E0000000800000000000000000000000EC
:10C4F00000000000000000007DA80300E5A7030085
:10C50000D9A70300C9A70300FFFFFFFF448700204E
:10C510001CA200200090D0030A00000090610020BF
:10C520000000000008C2040028C20400E8C10400A2
:10C5300000000000000000000000000000000000FB
:10C5400000000000000000000000000000000000EB
:10C5500000000000000000000000000000000000DB
:10C5600000000000000000000000000000000000CB
:10C5700000000000000000000000000000000000BB
:10C58000FF00000043000000000000000000000069
:10C59000000000000000000000000000000000009B
:10C5A0000000000043000000000000000000000048
:10C5B000000000000000000000000000000000007B
:10C5C0000000000043000000000000000000000028
:10C5D000000000000000000000000000000000005B
:10C5E0000000000043000000000000000000000008
:10C5F000000000000000000000000000000000003B
:10C6000000000000430000000000000000000000E7
:10C61000000000000000000000000000000000001A
:10C6200000000000430000000000000000000000C7
:10C6300000000000000000000000000000000000FA
:10C6400000000000430000000000000000000000A7
:10C6500000000000000000000000000000000000DA
:10C6600000000000C98C0400617804000000000094
:10C67000D8C0040048C204003BC004003BC0040012
:10C680003BC004003BC004003BC004003BC00400AE
:10C690003BC004003BC004003BC00400FFFFFFFFA1
:10C6A000FFFFFFFFFFFFFFFFFFFF000001004153FF
:10C6B00043494900000000000000000000000000A5
:10C6C00000000000000000000000000000004153D6
:10C6D0004349490000000000000000000000000085
:10C6E000000000000000000000000000000000004A
:10C6F00001720200357202003D80020065CA02002C
:10C7000079D1020079D70200653C0300ED400300B7
:08C7100039A6030011720200BA
:040000033000DA757A
:00000001FF
